nama_rph,alamat,kabupaten_kota,no_telp,latitude,longitude,kategori
Dunia Domba Indonesia (Kandang Gunung Wangon),"
RT.02/RW.11, Pamoyanan, Kec. Bogor Sel., Kota Bogor, Jawa Barat 16136",Kabupaten Bogor,"
0812-8994-5918",-6.6429055,106.5081657,Kandang Domba
Kandang Domba Asyiq,"
Kp Jl. Bantar Kambing, Pasirgaok, Kec. Ranca Bungur, Kabupaten Bogor, Jawa Barat 16310",Kabupaten Bogor,"
0852-1355-2888",-6.6429055,106.5081657,Kandang Domba
Kandang Domba Indonesia | Peternakan Kambing & Domba Kurban Jabodetabek,"
Kampung bungur rt 5 r5, Megamendung, Kec. Megamendung, Kabupaten Bogor, Jawa Barat 16770",Kabupaten Bogor,"
0851-3494-7287",-6.6569817,106.6521746,Kandang Domba
Kandang Sarjana Domba,"
9MCP+6JH, Tapos II, Kec. Tenjolaya, Kabupaten Bogor, Jawa Barat 16370",Kabupaten Bogor,"
0878-8882-2165",-6.630791,106.3986579,Kandang Domba
Kandang domba,"
GXFP+HW4, Ligarmukti, Kec. Klapanunggal, Kabupaten Bogor, Jawa Barat 16710",Kabupaten Bogor,-,-6.4753655,106.700416,Kandang Domba
Domba Kiloan Kandangku,"
Jl. HM. Syarifudin No.38, RT.2/RW.02, Bubulak, Kec. Bogor Bar., Kota Bogor, Jawa Barat 16115",Kabupaten Bogor,-,-6.5638186,106.4699083,Kandang Domba
Kandang Sementara Farm (Peternakan Domba),"
Bendungan, Kec. Jonggol, Kabupaten Bogor, Jawa Barat 16830",Kabupaten Bogor,"
0812-1036-6070",-6.4896522,106.7974322,Kandang Domba
Kampung Domba Gunung Salak,"
7QHP+JQJ, Ciburayut, Kec. Cigombong, Kabupaten Bogor, Jawa Barat 16110",Kabupaten Bogor,"
0857-7132-4668",-6.7211566,106.4985863,Kandang Domba
Kandang domba & sapi BABAH ODI,"
8VRV+FVG, Jl. Cijulang Lb. Edil, Kopo, Kec. Cisarua, Kabupaten Bogor, Jawa Barat 16770",Kabupaten Bogor,"
0858-1749-9645",-6.7211566,106.4985863,Kandang Domba
Bibilintik Farm/ DOMBA GARUT BOGOR,"
Jl. Raya Tapos, Cibedug, Kec. Ciawi, Kabupaten Bogor, Jawa Barat 16720",Kabupaten Bogor,"
0858-1724-5747",-6.7211566,106.4985863,Kandang Domba
Kandang domba chili,"
CPM9+J9P, Cihideung Ilir, Kec. Ciampea, Kabupaten Bogor, Jawa Barat 16620",Kabupaten Bogor,"
0895-2190-3042",-6.7211566,106.4985863,Kandang Domba
Kandang Domba Mang Koboi,"
Amiril hill Camp & Adventure, Jl. Raya Tapos No.11, Cibedug, Ciawi, Bogor Regency, West Java 16720",Kabupaten Bogor,"
0813-9886-0832",-6.7211566,106.4985863,Kandang Domba
Kandang domba kang (aben) dhi,"
CV36+WPW, Cijayanti, Kec. Babakan Madang, Kabupaten Bogor, Jawa Barat 16810",Kabupaten Bogor,"
0895-3681-23356",-6.7211566,106.4985863,Kandang Domba
kandang domba pak iis,"
BantarKemang, RT.05/RW.07, Baranangsiang, Kec. Bogor Tim., Kota Bogor, Jawa Barat 16143",Kabupaten Bogor,"
0815-7444-3814",-6.7211566,106.4985863,Kandang Domba
Digiternak kandang Domba Ciawi,"
8R6J+95H, Ciherang Pd., Kec. Caringin, Kabupaten Bogor, Jawa Barat 16730",Kabupaten Bogor,"
0822-8700-8482",-6.7211566,106.4985863,Kandang Domba
Kandang domba garut kampung kubang,"
8RP6+HCR, Cipicung, Kec. Cijeruk, Kabupaten Bogor, Jawa Barat 16740",Kabupaten Bogor,"
0896-6439-3219",-6.7211566,106.4985863,Kandang Domba
Kandang Bandar Domba,"
Kampung bungur rt 5 r5, Megamendung, Kec. Megamendung, Kabupaten Bogor, Jawa Barat 16770",Kabupaten Bogor,"
0813-9435-2167",-6.657232,106.6521897,Kandang Domba
KANDANG KAMBING HAJI DIDIN,"
CR8G+6CV, Jl. Untung Partowijoyo 2, RT.02/RW.03, Cimahpar, Kec. Bogor Utara, Kota Bogor, Jawa Barat 16155",Kabupaten Bogor,"
0821-2514-6649",-6.657232,106.6521897,Kandang Domba
"BENS FARM (Peternakan Domba, Jasa Aqiqah, Supplier domba, Hewan Qurban)","
Kp. Cipeteuy No.79, RT./RW/RW.02/06, Cikeas, Kec. Sukaraja, Kabupaten Bogor, Jawa Barat 16710",Kabupaten Bogor,"
0812-4304-4304",-6.657232,106.6521897,Kandang Domba
KANDANG DOMBA BABA,"
F2MV+GC8, Kp. Tegal sempug, RT.01/RW.07, Sukasirna, Kec. Jonggol, Kabupaten Bogor, Jawa Barat 16830",Kabupaten Bogor,"
0858-2533-8373",-6.657232,106.6521897,Kandang Domba
Kandang domba-kambing Pak Usman,"
CVQ8+CVV, Babakan Madang, Kec. Babakan Madang, Kabupaten Bogor, Jawa Barat 16811",Kabupaten Bogor,"
0812-3621-0025",-6.657232,106.6521897,Kandang Domba
Nusaqu Jampang | Kandang Domba nusaqu,"
Jampang, Kec. Kemang, Kabupaten Bogor, Jawa Barat 16310",Kabupaten Bogor,"
0815-4584-2432",-6.657232,106.6521897,Kandang Domba
Kandang domba dan rumah ziyad,"
CR7G+RJG, RT.03/RW.08, Cimahpar, Kec. Bogor Utara, Kota Bogor, Jawa Barat 16155",Kabupaten Bogor,-,-6.657232,106.6521897,Kandang Domba
Kandang Domba Kambing NusaQu | Jual Hewan Qurban,"
RT.03/RW.03, Jampang, Kec. Kemang, Kabupaten Bogor, Jawa Barat 16310",Kabupaten Bogor,"
0895-3611-17333",-6.657232,106.6521897,Kandang Domba
Star Farm Qurban - Kandang Domba,"
FP99+PF4, Jl. Kp. Rancasari, Pasirgaok, Kec. Ranca Bungur, Kabupaten Bogor, Jawa Barat 16310",Kabupaten Bogor,-,-6.657232,106.6521897,Kandang Domba
Kandang Domba,"
9Q65+2GH, 9PPV+8H3Jl. CipayungSukaharja, Kec. Ciomas, Kabupaten Bogor, Jawa Barat 16610",Kabupaten Bogor,-,-6.6399254,106.4704583,Kandang Domba
Jago Kandang - Sapi Kambing Domba Qurban Jakarta Depok Bekasi,"
Gg. Mede No.58, RT.2/RW.7, Sukatani, Kec. Tapos, Kota Depok, Jawa Barat 16454",Kabupaten Bogor,"
0812-9985-322",-6.3924169,106.6030149,Kandang Domba
Kandang kambing domba 2 putra,"
Jl. Kp. Kuripan, RT.05/RW.05, Sukadamai, Kec. Dramaga, Kabupaten Bogor, Jawa Barat 16610",Kabupaten Bogor,"
0857-8286-4896",-6.6313562,106.4453639,Kandang Domba
Peternakan Domba Unggul UHAMKA,"
Bendungan, Kec. Jonggol, Kabupaten Bogor, Jawa Barat 16830",Kabupaten Bogor,"
0821-3155-2734",-6.4900403,106.7950823,Kandang Domba
"Kandang Mang Otoy ( Peternakan domba kambing, Menjual kambing domba untuk kebutuhan Qurban dan Aqikah","
9RW9+MQV, RT.03/RW.06, Tanah Baru, Kec. Bogor Utara, Kota Bogor, Jawa Barat 16154",Kabupaten Bogor,-,-6.6032719,106.5310278,Kandang Domba
Peternakan Domba Asep Farm - Kambing Aqiqah dan Hewan Qurban Murah,"
Jl. Raya Cibeuruem, RT.04/RW.09, Cikaret, Kec. Bogor Sel., Kota Bogor, Jawa Barat 16135",Kabupaten Bogor,"
0812-1210-9402",-6.6032719,106.5310278,Kandang Domba
Kandang Domba Moyan,"
Desa Moyan, Bantarjaya, Kec. Ranca Bungur, Kabupaten Bogor, Jawa Barat 16311",Kabupaten Bogor,"
0889-2591-982",-6.6032719,106.5310278,Kandang Domba
Kandang domba haji jajat,"
Kp cidokom, jln haji Jl. H.Muhammad Sarkowi No.12, RT.02, Kopo, Kec. Cisarua, Kabupaten Bogor, Jawa Barat 16750",Kabupaten Bogor,-,-6.6032719,106.5310278,Kandang Domba
SAUNG DOMBA HAMDI FARM BOGOR,"
dekat yayasan Nurul hamdi, Kp. Pondok manggis Gg. Noble, RT.03/RW.02, Bojong Baru, Kecamatan Bojonggede, Kabupaten Bogor, Jawa Barat 16920",Kabupaten Bogor,"
0838-7271-0479",-6.6032719,106.5310278,Kandang Domba
Adha Farm (Lokasi Kandang),"
Ciburayut, Kec. Cigombong, Kabupaten Bogor, Jawa Barat 16110",Kabupaten Bogor,"
0811-1330-1414",-6.6032719,106.5310278,Kandang Domba
"DADI BERKAH SEJAHTERA FARM (DBS) JONGGOL BOGOR JUAL BELI KAMBING DOMBA SAPI, SUSU KAMBING ETAWA, AQIQAH, QURBAN, PELATIHAN","
Jl. Irigasi, Sukasirna, Kec. Jonggol, Kabupaten Bogor, Jawa Barat 16830",Kabupaten Bogor,"
0813-7106-9888",-6.4879969,106.7741431,Kandang Domba
kandang domba kang epul,"
HJW6+3R4, Taman Sari, Kec. Rumpin, Kabupaten Bogor, Jawa Barat 16350",Kabupaten Bogor,-,-6.4048862,106.3237355,Kandang Domba
Remora farm.kandang domba,"
Jl. Desa Nagrak No.75, RT.3/RW.4, Nagrak, Kec. Gn. Putri, Kabupaten Bogor, Jawa Barat 16967",Kabupaten Bogor,"
0821-1102-3818",-6.379699,106.6564679,Kandang Domba
Mitra Tani Farm (MT Farm),"
Jl. Baru Manunggal 51 No. 39 RT04/05, Tegal Waru, Kec. Ciampea, Kabupaten Bogor, Jawa Barat 16620",Kabupaten Bogor,"
0857-7333-3210",-6.570652,106.4076779,Peternakan Kambing
Juragan Kambing Farm,"
Jl. H. Aseni, Kalisuren, Kec. Tajur Halang, Kabupaten Bogor, Jawa Barat 16320",Kabupaten Bogor,"
0812-8863-793",-6.570652,106.4076779,Peternakan Kambing
Peternak kambing Bogor,"
Mekarwangi, Kecamatan Bojonggede, Kota Bogor, Jawa Barat 16168",Kabupaten Bogor,-,-6.570652,106.4076779,Peternakan Kambing
Khalifa Farm Kambing Domba,"
Gg. Pijit, Waru, Kec. Parung, Kabupaten Bogor, Jawa Barat 16330",Kabupaten Bogor,"
0813-7847-2227",-6.570652,106.4076779,Peternakan Kambing
Peternakan Kambing Etawa Mas Min (LND² Farm),"
8V53+M3J, Ciderum, Kec. Caringin, Kabupaten Bogor, Jawa Barat 16730",Kabupaten Bogor,"
0818-0495-9121",-6.6907818,106.5642627,Peternakan Kambing
Kampoeng Cibinong Farm,"
Jl. Padurenan, RT.05/RW.09, Pabuaran, Mekar Cibinong, Kabupaten Bogor, Jawa Barat 16916",Kabupaten Bogor,"
0896-3634-6242",-6.4524401,106.5575287,Peternakan Kambing
Katering Aqiqah Al Ma'idah & Peternakan Kambing Super Bogor,"
Swadaya Road Kp. Cilangkap No.RT 05/07, Babakan, Kec. Ciseeng, Kabupaten Bogor, Jawa Barat 16120",Kabupaten Bogor,"
0895-2186-8651",-6.469603,106.4202719,Peternakan Kambing
Peternakan Kambing Bah Misbah,"
Jl. Muara No.19, RT.01/RW.09, Pasir Jaya, Kec. Bogor Bar., Kota Bogor, Jawa Barat 16119",Kabupaten Bogor,"
0822-1010-4577",-6.469603,106.4202719,Peternakan Kambing
Waspada Farm (Peternakan Domba & Kambing),"
Jl. Kp. Sampora, Cibinong, Kec. Cibinong, Kabupaten Bogor, Jawa Barat 16912",Kabupaten Bogor,"
0822-1818-2119",-6.4967558,106.5712524,Peternakan Kambing
Ternak Kambing Bapa Ijam,"
9MXF+QW8, Sukakarya, Ciaruteun Udik, Kec. Cibungbulang, Kabupaten Bogor, Jawa Barat 16630",Kabupaten Bogor,"
0856-9138-3379",-6.600585,106.3864232,Peternakan Kambing
Peternakan Kambing Perah Cordova,"
C454+62, Wisata Granada Land, Jl. Sukatani, Sukarasa, Tanjungsari, Sukarasa, Kec. Tanjungsari, Kabupaten Bogor, Jawa Barat 16840",Kabupaten Bogor,"
0856-9139-1691",-6.5918407,106.8167424,Peternakan Kambing
Makmur Farm 2 Sentra Susu Kambing,"
Kp. Bojongrangkas Rt.06/04 Ds. Bojongrangkas, Bojong Rangkas, Kec. Ciampea, Kabupaten Bogor, Jawa Barat 16620",Kabupaten Bogor,"
0857-7959-6421",-6.5645108,106.4066689,Peternakan Kambing
Peternakan Kambing dan Domba Bodogol,"
Gang arab kampung hoya, Benda, Kec. Cicurug, Kabupaten Bogor, Jawa Barat 43359",Kabupaten Bogor,"
0857-2430-7326",-6.5645108,106.4066689,Peternakan Kambing
Jawir Farm Bogor (Jual Kambing Kurban & Aqiqah ),"
Jl. Blk. E1 P No.2, Kabasiran, Kec. Parung Panjang, Kabupaten Bogor, Jawa Barat 16360",Kabupaten Bogor,"
0838-7273-1361",-6.5645108,106.4066689,Peternakan Kambing
Perternakan Kambing Pak. Fardi,"
Unnamed Road No.16730, Pasir Buncir, Kec. Caringin, Kabupaten Bogor, Jawa Barat 16730",Kabupaten Bogor,"
0821-2220-7301",-6.5645108,106.4066689,Peternakan Kambing
"IKPT FARM, JONGGOL","
Jl Raya cileungsi jongggol Gang emposan, RT.01/RW.01, Cipeucang, Kec. Cileungsi, Kabupaten Bogor, Jawa Barat 16820",Kabupaten Bogor,"
0811-8667-409",-6.4386369,106.7568767,Peternakan Kambing
Peternakan Kambing Mang Uwoh,"
9R95+4V8, Kp. Lebak Sari, RT.02/RW.14, Pamoyanan, Kec. Bogor Sel., Kota Bogor, Jawa Barat 16136",Kabupaten Bogor,-,-6.6322119,106.5213243,Peternakan Kambing
Peternakan Kambing dan Domba,"
Bojong Rangkas, Kec. Ciampea, Kabupaten Bogor, Jawa Barat 16620",Kabupaten Bogor,"
0812-1081-8370",-6.6322119,106.5213243,Peternakan Kambing
Satoe Kandang Farm,"
Jl. Batara, RT02, RW 06, No.16, RT.02/RW.05, Ciluar, Kec. Bogor Utara, Kota Bogor, Jawa Barat 16156",Kabupaten Bogor,"
0856-9256-2885",-6.6322119,106.5213243,Peternakan Kambing
Mahir Farm,"
Cijeruk, Kec. Cijeruk, Kabupaten Bogor, Jawa Barat 16740",Kabupaten Bogor,"
0838-9789-6080",-6.6322119,106.5213243,Peternakan Kambing
ternak kambing baba duloh,"
HM3W+MQX, Parigi Mekar, Kec. Ciseeng, Kabupaten Bogor, Jawa Barat 16120",Kabupaten Bogor,"
0817-1720-760",-6.6322119,106.5213243,Peternakan Kambing
Az-ZahraKia Farm Menjual Domba/Kambing Murah dan berkualitas,"
Kp.Kopo No.22, RW.01, Kopo, Kec. Cisarua, Kabupaten Bogor, Jawa Barat 16750",Kabupaten Bogor,"
0895-1704-8629",-6.6322119,106.5213243,Peternakan Kambing
Swadaya Farm (Agen Kambing Murah),"
Jl. Kp. Poncol No.21, RT.05/RW.01, Curug, Kec. Gn. Sindur, Kabupaten Bogor, Jawa Barat 16430",Kabupaten Bogor,"
0813-1028-4774",-6.4087688,106.4307706,Peternakan Kambing
Elzio farm (bandar kambing etawa senduro),"
Jl. Alhadad No.73, Susukan, Kecamatan Bojonggede, Kabupaten Bogor, Jawa Barat 16920",Kabupaten Bogor,"
0838-0565-6359",-6.4087688,106.4307706,Peternakan Kambing
Tegalsalam Farm,"
Jl. Tegalsalam, Cariu, Kec. Cariu, Kabupaten Bogor, Jawa Barat 16840",Kabupaten Bogor,"
0858-7888-4474",-6.5007218,106.834659,Peternakan Kambing
Arsitani Farm,"
Komplek Pakuan 2 Jl. Dahlia VI No.16, RT.02/RW.07, Pakuan, RT.02/RW.07, Tajur, Kec. Bogor Sel., Kota Bogor, Jawa Barat 16134",Kabupaten Bogor,"
0812-9821-2132",-6.6332323,106.5327766,Peternakan Kambing
peternakan kambing wicaksonofarm,"
Jl. Duren No.35, Ciomas, Kec. Ciomas, Kabupaten Bogor, Jawa Barat 16610",Kabupaten Bogor,"
0812-9898-9648",-6.6332323,106.5327766,Peternakan Kambing
Kambing Bagus Farm,"
CH8C+WVP, Sukaluyu, Kec. Nanggung, Kabupaten Bogor, Jawa Barat 16650",Kabupaten Bogor,"
(0251) 7502551",-6.5826682,106.2838254,Peternakan Kambing
AZKIYA FARM PUSAT KAMBING DAN DOMBA Dan SUSU KAMBING MURNI,"
Pusat kambing dan domba, Wr. Menteng, Kec. Cijeruk, Kabupaten Bogor, Jawa Barat 16740",Kabupaten Bogor,-,-6.7024425,106.5117981,Peternakan Kambing
"Jual Hewan Qurban, Kambing, Sapi || Peternakan Kambing Terdekat di Bogor","
Jl. Raya Tonjong No.Ruko 01, RT./RW/RW.02/09, Tajurhalang, Kec. Tajur Halang, Kabupaten Bogor, Jawa Barat 16320",Kabupaten Bogor,"
0838-0633-3088",-6.7024425,106.5117981,Peternakan Kambing
Rumah Aqiqah Bogor,"
Jl. Letjen Ibrahim Adjie No.202 B, RT.01/RW.03, Sindangbarang, Kec. Bogor Bar., Kota Bogor, Jawa Barat 16117",Kabupaten Bogor,"
0851-0126-0606",-6.5804023,106.6191579,Aqiqah
Gonam Aqiqah Bogor,"
Mushola Ataqwa, Jl. Kp. Cicadas Jl. Kp. Sanding 2 No.RT 13/06, Bojong Nangka, Kec. Gn. Putri, Kabupaten Bogor, Jawa Barat 16963",Kabupaten Bogor,"
0852-8978-1700",-6.4227609,106.7718304,Aqiqah
Sahabat Aqiqah,"
Jl. Pajajaran No. 21 Warung Jambu Bogor Dekat Lampu Merah Jambu, RT.02/RW.02, Bantarjati, Kec. Bogor Utara, Kota Bogor, Jawa Barat 16153",Kabupaten Bogor,"
0853-1911-4000",-6.570041,106.6649444,Aqiqah
Bani Aqiqah Bogor,"
Perum Jl. Bumi Cilebut Damai No.6 Blok F2, Cilebut Tim., Kec. Sukaraja, Kabupaten Bogor, Jawa Barat 16710",Kabupaten Bogor,"
0812-1031-9816",-6.570041,106.6649444,Aqiqah
Bens Aqiqah,"
Jl. Ciherang Bong No.5, Cikeas, Kec. Sukaraja, Kabupaten Bogor, Jawa Barat 16710",Kabupaten Bogor,"
0812-9600-0060",-6.570041,106.6649444,Aqiqah
Aqiqah Nurul Hayat Bogor,"
Jl. Kedung Halang Talang, RT.05/RW.01, Cibuluh, Kec. Bogor Utara, Kota Bogor, Jawa Barat 16151",Kabupaten Bogor,"
0822-1116-5600",-6.570041,106.6649444,Aqiqah
KLIK AQIQAH BOGOR,"
Jl. Sindang Barang Pilar 1 No.51, RT.001/RW.06, Sindangbarang, Kec. Bogor Bar., Kota Bogor, Jawa Barat 16117",Kabupaten Bogor,"
0812-1273-3772",-6.570041,106.6649444,Aqiqah
AQIQAH AZKAH,"
Jl. Pedurenan No.70, Pabuaran, Kec. Cibinong, Kabupaten Bogor, Jawa Barat 16916",Kabupaten Bogor,"
0896-8921-4214",-6.4499176,106.7049743,Aqiqah
Paket Aqiqah Indonesia (PaketAqiqah.in),"
Ruko de'Botanica Jl. Letjen Ibrahim Adjie No.12, RT.04/RW.02, Sindangbarang, Bogor Baratl, Bogor City, West Java 16117",Kabupaten Bogor,"
0812-1231-3292",-6.5784232,106.6146259,Aqiqah
Aqiqah Dinar Bogor,"
Jl. Lkr. Dramaga, Dramaga, Kec. Dramaga, Kabupaten Bogor, Jawa Barat 16680",Kabupaten Bogor,"
0851-7430-7416",-6.5784232,106.6146259,Aqiqah
KHASANAH AQIQAH BOGOR,"
Jl. Ciherang Bong, Cikeas, Kec. Sukaraja, Kabupaten Bogor, Jawa Barat 16710",Kabupaten Bogor,"
0857-1023-5465",-6.5957419,106.6969494,Aqiqah
Bogor Aqiqah Center,"
Jl. Raya Semplak No.40, RT.02/RW.01, Semplak, Kec. Bogor Bar., Kota Bogor, Jawa Barat 16114",Kabupaten Bogor,"
0812-9013-1023",-6.562451,106.6195092,Aqiqah
Prestige Aqiqah Bogor,"
Perumahan Taman Yasmin JI, Jl. Wijaya Kusuma Raya No.94, RT.04/RW.09, Curugmekar, Kec. Bogor Bar., Kota Bogor, Jawa Barat 16112",Kabupaten Bogor,"
0853-8560-9742",-6.562451,106.6195092,Aqiqah
Medina Aqiqah & Catering,"
Pasir Angin, Kec. Cileungsi, Kabupaten Bogor, Jawa Barat 16820",Kabupaten Bogor,"
0822-1185-0631",-6.3843264,106.829564,Aqiqah
suhana aqiqah cileungsi,"
ponpes al-fatah, Pasir Angin, Kec. Cileungsi, Kabupaten Bogor, Jawa Barat 16820",Kabupaten Bogor,"
0895-0725-3153",-6.3843264,106.829564,Aqiqah
Sharia Aqiqah Cileungsi,"
Permata Cibubur, Cluster Phoenix Blk. G2 No.8, Cileungsi Kidul, Kec. Cileungsi, Kabupaten Bogor, Jawa Barat 16820",Kabupaten Bogor,"
0882-1284-6352",-6.3843264,106.829564,Aqiqah
Pelangi Aqiqah,"
Jl. Achmad Sobana No.64, RT.03/RW.10, Tegal Gundil, Kec. Bogor Utara, Kota Bogor, Jawa Barat 16152",Kabupaten Bogor,"
0856-0606-0505",-6.5816664,106.6689898,Aqiqah
"Rucis Aqiqah Bogor ( Jasa Aqiqah, Catering Aqiqah, Tempat Paket Catering Aqiqah) Bisa dadakan h-1","
Jl. Sindang Sari, Bojong Rangkas, Kec. Ciampea, Kabupaten Bogor, Jawa Barat 16620",Kabupaten Bogor,"
0852-1388-9490",-6.5453088,106.5433278,Aqiqah
Salamah Aqiqah & Catering,"
Jl. Manunggal No.39, Tegal Waru, Kec. Ciampea, Kabupaten Bogor, Jawa Barat 16620",Kabupaten Bogor,"
0811-8119-558",-6.5453088,106.5433278,Aqiqah
Hamasah Aqiqah Center,"
Jl. Swadaya No.87, RT.05/RW.01, Pd. Rajeg, Kec. Cibinong, Kabupaten Bogor, Jawa Barat 16413",Kabupaten Bogor,"
0812-8205-2258",-6.4468789,106.6792218,Aqiqah
Mitraalhuda Aqiqah &Qurban,"
Gg. Cikuda No.46, Karanggan, Kec. Gn. Putri, Kabupaten Bogor, Jawa Barat 16960",Kabupaten Bogor,"
0878-8080-5980",-6.4468789,106.6792218,Aqiqah
Kencana Farm Aqiqah dan Qurban Bogor,"
Jl. K.H. Abdurrahman, RT.02/RW.02, Kencana, Tanah Sareal, Kota Bogor, Jawa Barat 16167",Kabupaten Bogor,"
0812-8994-5918",-6.4468789,106.6792218,Aqiqah
"Aqiqah Dan Qurban Murah ""Ummah Aqiqah ""","
Jl. Kp. Momonot, RT.03rw13/RW.07 No25, Gn. Putri, Kec. Gn. Putri, Kabupaten Bogor, Jawa Barat 16961",Kabupaten Bogor,"
0813-8685-0795",-6.4548961,106.760127,Aqiqah
Prestige Aqiqah Cibinong,"
Jl. Raya Sukahati No.139, Sukahati, Kec. Cibinong, Jawa, Barat, Kabupaten Bogor, Jawa Barat 16913",Kabupaten Bogor,"
0853-8560-9742",-6.4945461,106.6675649,Aqiqah
PAKET AQIQAH BOGOR,"
Jl. Rasamala No.11, Cihideung Udik, Kec. Ciampea, Kabupaten Bogor, Jawa Barat 16620",Kabupaten Bogor,"
0878-3359-2021",-6.5710701,106.5737168,Aqiqah
ASYIQ AQIQAH (Catering Aqiqah | Jasa Aqiqah | Paket Aqiqah),"
samping Masjid Al Ijtihad Walidain, Perum Indraprasta Jl. Bima Raya Ujung, RT.02/RW.01, Cibuluh, Kec. Bogor Utara, Kota Bogor, Jawa Barat 16161",Kabupaten Bogor,-,-6.5667706,106.6686336,Aqiqah
Rph Cibinong,"
Jl. Kp. Bojong Koneng No.24, Cibinong, Kec. Cibinong, Kabupaten Bogor, Jawa Barat 16911",Kabupaten Bogor,"
0852-1447-0919",-6.4871874,106.2822799,Rumah Potong Hewan
Rumah potong hewan BADRU AUFAR,"
CM7J+CJ5, Cicadas, Kec. Ciampea, Kabupaten Bogor, Jawa Barat 16620",Kabupaten Bogor,-,-6.4871874,106.2822799,Rumah Potong Hewan
Rumah Pemotongan Hewan (RPH) Tapos,"
HV7P+F65, Jl. Raya Tapos, Tapos, Kec. Tapos, Kota Depok, Jawa Barat 16457",Kabupaten Bogor,"
(021) 87910807",-6.4871874,106.2822799,Rumah Potong Hewan
Uptd RPH Bubulak,"
Jl. HM. Syarifudin No.38, RT.02/RW.01, Bubulak, Kec. Bogor Bar., Kota Bogor, Jawa Barat 16115",Kabupaten Bogor,"
0858-8260-9772",-6.4871874,106.2822799,Rumah Potong Hewan
"RPH MEKARWANGI ( Rumah Potong Hewan) KOTA BOGOR,","
FQ9J+GFX, Jl. Kp. Rau, RT.03/RW.03, Mekarwangi, Tanah Sareal, Kota Bogor, Jawa Barat 16168",Kabupaten Bogor,"
0858-1107-5862",-6.4871874,106.2822799,Rumah Potong Hewan
Rumah Potong Hewan/ungas Ayam Perkasa Jaya,"
GP86+5GH, Tegal, Kec. Kemang, Kabupaten Bogor, Jawa Barat 16310",Kabupaten Bogor,-,-6.4871874,106.2822799,Rumah Potong Hewan
Rumah potong Hewan SA Farm,"
Jl. Raya Curug, Curug, Kec. Bojongsari, Kota Depok, Jawa Barat 16517",Kabupaten Bogor,"
0813-2501-8246",-6.4871874,106.2822799,Rumah Potong Hewan
Office Rumah Potong Hewan MPI,"
Ruko Taman Yasmin. 134 Lantai 1 RT.004 RW. 009 Sektor VI, Jl. Ring Road Taman Yasmin Jl. KH. R. Abdullah Bin Nuh No.Utara, RT.04/RW.09, Curugmekar, Kec. Bogor Bar., Kota Bogor, Jawa Barat 16113",Kabupaten Bogor,"
0813-1482-8465",-6.4871874,106.2822799,Rumah Potong Hewan
RUMAH PEMOTONGAN HEWAN BABI AWANG,"
Kp. Cina, Kec. Tajur Halang, Kabupaten Bogor, Jawa Barat 16320",Kabupaten Bogor,"
0856-4018-6472",-6.4871874,106.2822799,Rumah Potong Hewan
RPH DEPOK,"
JQ2R+C2G, Rangkapan Jaya, Kec. Pancoran Mas, Kota Depok, Jawa Barat 16435",Kabupaten Bogor,"
0812-8984-0256",-6.4871874,106.2822799,Rumah Potong Hewan
TPH Lembu Sakti Jaya,"
Jl. Raya Curug, RT.001/RW.002. N0.3 Kel, Curug, Kec. Bojongsari, Kota Depok, Jawa Barat 16517",Kabupaten Bogor,-,-6.4871874,106.2822799,Rumah Potong Hewan
H Ayub Farm,"
Jl. Raya Pd. Petir, RT.002/RW.01, Pd. Petir, Kec. Bojongsari, Kota Depok, Jawa Barat 16517",Kabupaten Bogor,"
0878-0952-1472",-6.4871874,106.2822799,Rumah Potong Hewan
Rumah Potong Hewan (RPA) Mekarsari,"
89GG+5VM, Mekarsari, Kec. Darangdan, Kabupaten Purwakarta, Jawa Barat 41163",Kabupaten Bogor,-,-6.673972,106.8006128,Rumah Potong Hewan
RUMAH POTONG HEWAN (JAGAL SAPI),"
Jl. Cendrawasih Raya No.25, Sawah Lama, Kec. Ciputat, Kota Tangerang Selatan, Banten 13153",Kabupaten Bogor,-,-6.2898895,106.1545601,Rumah Potong Hewan
Rph Tph Samudera karunia rizky,"
Gang Porcib Jl. Raya Pabuaran, Candali, Kec. Ranca Bungur, Kabupaten Bogor, Jawa Barat 16310",Kabupaten Bogor,"
0878-7550-9577",-6.2898895,106.1545601,Rumah Potong Hewan
Kantor Rumah Potong Hewan (RPH) Cianjur,"
545P+C9X, Jl. Perintis Kemerdekaan, Sayang, Kec. Cianjur, Kabupaten Cianjur, Jawa Barat 43211",Kabupaten Bogor,-,-6.8413765,106.5592083,Rumah Potong Hewan
rumah potong hewan,"
Jl. Desa Citayam No.rt02/03, Citayam, Kec. Tajur Halang, Kabupaten Bogor, Jawa Barat 16320",Kabupaten Bogor,-,-6.4448732,106.1903321,Rumah Potong Hewan
Rumah Potong Hewan,"
Jl. Kp. Saninten No.66, Ciomas, Kec. Ciomas, Kabupaten Bogor, Jawa Barat 16610",Kabupaten Bogor,-,-6.4448732,106.1903321,Rumah Potong Hewan
Kandang Domba Farm,"
Perbawati, Tenjolaya, Kabupaten Sukabumi, Jawa Barat 43151",Kabupaten Sukabumi,"
0878-8814-6159",-7.0393267,106.7194169,Kandang Domba
Kandang Domba Deudeu,"
Jl. Parigi 1, Warungreja, Kec. Nyalindung, Kabupaten Sukabumi, Jawa Barat 43196",Kabupaten Sukabumi,"
0812-9483-1101",-7.0393267,106.7194169,Kandang Domba
Tjitoelampa Kandang Kambing Sukabumi,"
Sukamaju, Kec. Nyalindung, Kabupaten Sukabumi, Jawa Barat 43196",Kabupaten Sukabumi,"
0815-4630-783",-7.0393267,106.7194169,Kandang Domba
kandang domba inguan bapa,"
3W2Q+XJ4, Jl. Lkr. Sel., Limusnunggal, Kec. Cibeureum, Kota Sukabumi, Jawa Barat 43165",Kabupaten Sukabumi,"
0812-8734-2965",-7.0393267,106.7194169,Kandang Domba
Padepokan kandang domba abeng dogar,"
5QVQ+VWM, Kp babakan sawah, Mekarasih, Kec. Simpenan, Kabupaten Sukabumi, Jawa Barat 43356",Kabupaten Sukabumi,"
0857-2066-3372",-6.8052795,106.5014167,Kandang Domba
Kandang Domba Hudori,"
PPJ7+FR, Kalibunder, Kec. Kalibunder, Kabupaten Sukabumi, Jawa Barat 43178",Kabupaten Sukabumi,-,-7.268817,106.4261609,Kandang Domba
Peternakan Domba (Bovindo Farm),"
Jl. Pasir Gombong-Nanggelang, RT.2/RW.8, Pangkalan, Kec. Cikidang, Kabupaten Sukabumi, Jawa Barat 43367",Kabupaten Sukabumi,"
0812-1860-9617",-6.8736243,106.3687553,Kandang Domba
Kandang Domba Bapak Dadang,"
PH9W+GR9, Jl. Cipancur, Sirnasari, Kec. Surade, Kabupaten Sukabumi, Jawa Barat 43179",Kabupaten Sukabumi,"
0858-6483-7556",-7.2812196,106.308707,Kandang Domba
Kandang domba pak ade,"
5M6V+H8R, Jl. Cisarua, Berkah, Kec. Bojong Genteng, Kabupaten Sukabumi, Jawa Barat 43353",Kabupaten Sukabumi,-,-6.8385022,106.4048688,Kandang Domba
Kandang domba mang erga,"
6F2J+WX, Sirnaresmi, Kec. Cisolok, Kabupaten Sukabumi, Jawa Barat 43366",Kabupaten Sukabumi,"
0838-1373-2715",-6.7974337,106.194246,Kandang Domba
Indo natural farm,"
Jl. Sukaresmi Kp. Cijambe Girang No.1, RT.19/RW.09, Sukaresmi, Kec. Cisaat, Kabupaten Sukabumi, Jawa Barat 43152",Kabupaten Sukabumi,"
0857-2310-6635",-6.8966055,106.6142627,Kandang Domba
Pusat domba sukabumi,"
Kp peundeuy No.01 09, Seuseupan, Kec. Caringin, Kabupaten Sukabumi, Jawa Barat 43154",Kabupaten Sukabumi,-,-6.8966055,106.6142627,Kandang Domba
Kandang domba ckw,"
2XR4+5HV, Sasagaran, Kec. Kebonpedes, Kabupaten Sukabumi, Jawa Barat 43162",Kabupaten Sukabumi,-,-6.8966055,106.6142627,Kandang Domba
Saung Palupuh Farm,"
3XQ2+H5P, Subangjaya, Kec. Cikole, Kota Sukabumi, Jawa Barat 43116",Kabupaten Sukabumi,-,-6.9106831,106.661416,Peternakan Kambing
Farm 222 Sukabumi,"
Jl. Sinagar-Pawenang, Babakan Panjang, Kec. Nagrak, Kabupaten Sukabumi, Jawa Barat 43356",Kabupaten Sukabumi,"
0822-5222-2368",-6.8590726,106.5237872,Peternakan Kambing
Berkah Farm [Peternakan Domba/Kambing potong & Kambing Perah],"
Jalan pasir angin, Ginanjar, Kec. Ciambar, Kabupaten Sukabumi, Jawa Barat 43356",Kabupaten Sukabumi,"
0858-1929-4639",-6.8590726,106.5237872,Peternakan Kambing
Bukit Biak,"
5RW2+7FW, Kampung Somang, Desa Ambarjaya, Wangunjaya, Kec. Ciambar, Kabupaten Sukabumi, Jawa Barat 43356",Kabupaten Sukabumi,"
0812-8917-1867",-6.8590726,106.5237872,Peternakan Kambing
MAPAT BAROKAH KAMBING,"
4VGF+XJQ, Kp Jl. Kongsi, RT.003/RW.004 Desa, Caringin Wetan, Kec. Caringin, Kabupaten Sukabumi, Jawa Barat 43154",Kabupaten Sukabumi,"
0877-2175-362",-6.8590726,106.5237872,Peternakan Kambing
Jual domba dan kambing aqiqah qurban,"
Jl.kp Cikawung, Margaluyu, Kec. Sukaraja, Kabupaten Sukabumi, Jawa Barat 43192",Kabupaten Sukabumi,"
0877-3080-3013",-6.875495,106.7039812,Peternakan Kambing
Peternakan kambing mulus rahayu,"
63M7+CQM, kp tunggilis, Ciputri, Kec. Pacet, Kabupaten Cianjur, Jawa Barat 43253",Kabupaten Sukabumi,"
0882-9051-2030",-6.875495,106.7039812,Peternakan Kambing
Pasar Hewan Gedongpanjang,"
3W4H+J9G, Jl. Pramuka, Gedongpanjang, Kec. Citamiang, Kota Sukabumi, Jawa Barat 43144",Kabupaten Sukabumi,-,-6.875495,106.7039812,Peternakan Kambing
Nida Jaya Farm,"
4W6V+6M8, Sudajaya Girang, Kab. Sukabumi, Kabupaten Sukabumi, Jawa Barat 43151",Kabupaten Sukabumi,"
0857-9843-8300",-6.875495,106.7039812,Peternakan Kambing
Kambing & Domba Uyeh dan Ari,"
kp. Cipeureu, RT.02/RW.10, Hegarmanah, Kec. Cicantayan, Kabupaten Sukabumi, Jawa Barat 43345",Kabupaten Sukabumi,-,-6.914005,106.5199786,Peternakan Kambing
Peternakan Kambing,"
JL. Kalapa Nunggal, RT. 012 RW. 05, Nangkakoneng, Kab. Sukabumi, Kabupaten Sukabumi, Jawa Barat 43168",Kabupaten Sukabumi,"
(0266) 2504711",-6.854104,106.3707409,Peternakan Kambing
Farm Kambing Etawa ETTA SAHA,"
4R5G+FRC, Lembursawah, Kec. Cicantayan, Kabupaten Sukabumi, Jawa Barat 43351",Kabupaten Sukabumi,"
0813-1792-2225",-6.8920493,106.5386131,Peternakan Kambing
CV. MITRA RATU FARM Perernakan kambing /Domba garut breading,"
Palabuhanratu, Kec. Simpenan, Kabupaten Sukabumi, Jawa Barat 43361",Kabupaten Sukabumi,"
0815-6317-1510",-7.0140417,106.2841622,Peternakan Kambing
Bodogol Farm,"
Purwasari, Kec. Cicurug, Kabupaten Sukabumi, Jawa Barat 43359",Kabupaten Sukabumi,"
0857-5961-6910",-6.7878095,106.4996557,Peternakan Kambing
Dzaki farm jual beli kambing,"
Karanganyar, Kec. Jampang Kulon, Kabupaten Sukabumi, Jawa Barat 43178",Kabupaten Sukabumi,"
0856-6454-8192",-7.2090322,106.3639688,Peternakan Kambing
Kandang Sapi Qurban Sukabumi,"
Jl. Sindang Sari, Sindangsari, Kec. Lembursitu, Kota Sukabumi, Jawa Barat 43168",Kabupaten Sukabumi,"
0895-4053-11222",-6.9527872,106.6286038,Peternakan Kambing
Perternakan Domba dan Kambing Endi Barokah,"
5M3W+MQQ, Palasari-Berekah, Makasari, Kec. Kalapanunggal, Kabupaten Sukabumi, Jawa Barat 43354",Kabupaten Sukabumi,-,-6.8457791,106.4085825,Peternakan Kambing
DH Farm (Menjual domba untuk kurban dan aqikah),"
Kp Mata Air, RT.002/009, Ginanjar, Kec. Ciambar, Kabupaten Sukabumi, Jawa Barat 43352",Kabupaten Sukabumi,"
0898-9457-216",-6.8457791,106.4085825,Peternakan Kambing
Saudagar Farm,"
Tegal Panjang, Sarampad, Kec. Cugenang, Kabupaten Cianjur, Jawa Barat 43252",Kabupaten Sukabumi,-,-6.8089536,106.7784551,Peternakan Kambing
Peternakan Domba PDP Putra Galaxy Sukabumi,"
Cilangkap, Kec. Lengkong, Kabupaten Sukabumi, Jawa Barat 43174",Kabupaten Sukabumi,"
0851-6365-5050",-7.1254518,106.3743441,Peternakan Kambing
Sumber kambing Jampang tengah,"
VQRF+PWG, Kp Jl. Bojong Waru, RT.13/RW.09, Bojongtipar, Kec. Jampang Tengah, Kabupaten Sukabumi, Jawa Barat 43171",Kabupaten Sukabumi,-,-7.1254518,106.3743441,Peternakan Kambing
Peternakan Domba Siap Potong,"
2XWW+XXV, Buniwangi, Kec. Gegerbitung, Kabupaten Sukabumi, Jawa Barat 43197",Kabupaten Sukabumi,-,-6.9527544,106.7088674,Peternakan Kambing
Ananta Farm,"
Parakansalak, Kec. Parakansalak, Kabupaten Sukabumi, Jawa Barat 43355",Kabupaten Sukabumi,"
0857-9805-7254",-6.7832675,106.4138883,Peternakan Kambing
Kandang Cahaya Iman Aqiqah,"
3RRV+54P, Lembursawah, Kec. Cicantayan, Kabupaten Sukabumi, Jawa Barat 43155",Kabupaten Sukabumi,"
0857-9522-2424",-6.7832675,106.4138883,Peternakan Kambing
Sumber Ternak Farm,"
Kp Cikawung, desa, Margaluyu, Kec. Sukaraja, Kabupaten Sukabumi, Jawa Barat 43192",Kabupaten Sukabumi,"
0813-1546-7580",-6.8771028,106.7057154,Peternakan Kambing
Berkah mandiri farm,"
3X2J+86M, kp, Tanjungsari, Bojongsawah, Kebonpedes, Sukabumi Regency, West Java 43194",Kabupaten Sukabumi,-,-6.8771028,106.7057154,Peternakan Kambing
Padepokan Sumber Rezeki ( Peternakan Domba Garut ),"
4R5H+M7J, Jl. Lembur Sawah, Lembursawah, Kec. Cicantayan, Kabupaten Sukabumi, Jawa Barat 43351",Kabupaten Sukabumi,"
0857-5965-1651",-6.8907808,106.5397396,Peternakan Kambing
NuSAE Farm,"
Jl. Caringin - Pasir Datar, Pasir Datar Indah, Kec. Caringin, Kabupaten Sukabumi, Jawa Barat 43154",Kabupaten Sukabumi,"
0811-2131-890",-6.8907808,106.5397396,Peternakan Kambing
DOMBA FARM BETTA ROSTER,"
Jl. Merdeka Kp. Pangkalan No.Rt 03/06, Cipanengah, Kec. Lembursitu, Kota Sukabumi, Jawa Barat 43169",Kabupaten Sukabumi,"
0852-8406-5476",-6.8907808,106.5397396,Peternakan Kambing
Ternak kambing mulya cileguk,"
XXGV+QG5, Jl. Citonjong, Ciengang, Kec. Gegerbitung, Kabupaten Sukabumi, Jawa Barat 43197",Kabupaten Sukabumi,-,-7.0231111,106.7054609,Peternakan Kambing
Ujang ahmad (peternak/penjual domba),"
Kp cikembar, Warudoyong, kec cikalong, Kabupaten Cianjur, Jawa Barat 43291",Kabupaten Sukabumi,"
0853-1460-9584",-6.7083044,106.941399,Peternakan Kambing
TERNAK DOMBA DAN KAMBING. AMARUDIN (EKO),"
Kp.cibodas, RT.03/RW.08, Sudajaya Hilir, Kec. Baros, Kota Sukabumi, Jawa Barat 43167",Kabupaten Sukabumi,"
0856-9274-3402",-6.9612667,106.6278418,Peternakan Kambing
"PETERNAKAN DOMBA, ( Savana Farm )","
Kp. Margaluyu, RT.03/RW.04, Cimaja, Kec. Pelabuhanratu, Kabupaten Sukabumi, Jawa Barat 43365",Kabupaten Sukabumi,"
0812-8035-0335",-6.9513526,106.1976974,Peternakan Kambing
Aqiqah Q-ta Sukabumi,"
Jl. Cibogo, Citamiang, Kec. Kadudampit, Kabupaten Sukabumi, Jawa Barat 43153",Kabupaten Sukabumi,"
0858-6266-9008",-6.8683837,106.6048405,Aqiqah
Aqiqah Sukabumi Nurul Hayat,"
Jl. Ps. Lama Cisaat, RT.11/RW04, Cisaat, Kec. Cisaat, Kabupaten Sukabumi, Jawa Barat 43132",Kabupaten Sukabumi,"
0821-2333-3656",-6.8683837,106.6048405,Aqiqah
Aqiqahking Aqiqah Sukabumi,"
3XCC+HQV, Jl. Kp. Pamoyanan Gang Peuntas, RT.02/RW.05, Kebonpedes, Kec. Kebonpedes, Kabupaten Sukabumi, Jawa Barat 43194",Kabupaten Sukabumi,"
0812-1244-2910",-6.8683837,106.6048405,Aqiqah
ADZKIA AQIQAH SUKABUMI,"
Jl. Cikiray Kidul No.68, Sukamanah, Kec. Cisaat, Kabupaten Sukabumi, Jawa Barat 43152",Kabupaten Sukabumi,"
0812-9263-4909",-6.8683837,106.6048405,Aqiqah
Aqiqah Almaidah Sukabumi,"
Indah plaza, Jl. R. E. Martadinata No.25 lantai dasar, Gunungparang, Kec. Cikole, Kota Sukabumi, Jawa Barat 43113",Kabupaten Sukabumi,"
0816-277-999",-6.8683837,106.6048405,Aqiqah
Rizqia Aqiqah Cibadak Sukabumi,"
Ruko Perum GKA, Jl. Raya Karang Tengah No.2 Blok B3, RT.05/RW.04, Karangtengah, Kec. Cibadak, Kabupaten Sukabumi, Jawa Barat 43351",Kabupaten Sukabumi,"
0821-3025-3080",-6.8683837,106.6048405,Aqiqah
RUMAH QURBAN DAN AQIQAH ISMAIL,"
Jl. Suryakencana I , Sukamanah RT 05/06, Nagrak, Kec. Cisaat, Kabupaten Sukabumi, Jawa Barat 43152",Kabupaten Sukabumi,"
0852-8333-0024",-6.8683837,106.6048405,Aqiqah
Aqiqah Sukabumi - Cahaya Iman Aqiqah,"
Jl. Raya Karang Tengah No.KM. 14, Batununggal, Kec. Cibadak, Kabupaten Sukabumi, Jawa Barat 43351",Kabupaten Sukabumi,"
0813-9948-616",-6.8683837,106.6048405,Aqiqah
Ahsan Aqiqah | Jasa Catering Aqiqah Sukabumi & Bogor,"
Jl. Koramil No.06, RT.02/RW.03, Purwasari, Kec. Cicurug, Kabupaten Sukabumi, Jawa Barat 43359",Kabupaten Sukabumi,"
0813-1891-1164",-6.8683837,106.6048405,Aqiqah
Rizkia Aqiqah Kota Sukabumi,"
Jl. Pelabuhan II No.218, RT.03/RW.04, Warudoyong, Kec. Warudoyong, Kota Sukabumi, Jawa Barat 43133",Kabupaten Sukabumi,"
0821-3025-3080",-6.8683837,106.6048405,Aqiqah
Aqiqah Sukabumi Ameena,"
22HH+46C, Caringin, Kec. Gegerbitung, Kabupaten Sukabumi, Jawa Barat 43154",Kabupaten Sukabumi,"
0857-0318-7455",-6.8683837,106.6048405,Aqiqah
Jasa Aqiqah Sukabumi - Paket Aqiqah Terbaik Sukabumi - Aqiqah Rumah Ummat,"
Jl. Genteng No.9, RT.03/RW.01, Baros, Kec. Baros, Kota Sukabumi, Jawa Barat 43161",Kabupaten Sukabumi,"
0896-6388-8880",-6.8683837,106.6048405,Aqiqah
Sadari Aqiqah Sukabumi,"
Pasirdoton, Kec. Cidahu, Kabupaten Sukabumi, Jawa Barat 43358",Kabupaten Sukabumi,"
0812-1681-8299",-6.7988324,106.4592802,Aqiqah
Amanah Aqiqah,"
4VPM+9WJ, Jl. Pasir Angin, Muaradua, Kec. Kadudampit, Kabupaten Sukabumi, Jawa Barat 43153",Kabupaten Sukabumi,"
0857-2300-0199",-6.7988324,106.4592802,Aqiqah
AQIQAH 86 Sukabumi,"
4MJ7+WWX, Jl. Cangkore, Pangkalan, Kec. Cikidang, Kabupaten Sukabumi, Jawa Barat 43367",Kabupaten Sukabumi,"
0877-8678-9111",-6.7988324,106.4592802,Aqiqah
Aqiqah Kang Isa,"
2VG9+G5F, Kebonmanggu, Kec. Gn. Guruh, Kabupaten Sukabumi, Jawa Barat 43156",Kabupaten Sukabumi,"
0856-2414-2601",-6.7988324,106.4592802,Aqiqah
Kantor Pendaftaran Aqiqah Q-ta Sukabumi,"
Jl. KH. Ahmad Sanusi No.63, Karang Tengah, Kec. Gunungpuyuh, Kota Sukabumi, Jawa Barat 43135",Kabupaten Sukabumi,"
0858-6266-9008",-6.9171731,106.6208728,Aqiqah
Mitra Aqiqah Sukabumi Nurul Hayat,"
Jl. Selajambu, Jambenenggang, Kec. Kebonpedes, Kabupaten Sukabumi, Jawa Barat 43194",Kabupaten Sukabumi,-,-6.9171731,106.6208728,Aqiqah
Dapur Haura Catering & Aqiqah Sukabumi),"
Gg. H. Syamsuddin, Kp Jl.Citengkor - Mangkalaya, RT.18/RW.05, Cisaat, Kec. Cisaat, Kabupaten Sukabumi, Jawa Barat 43152",Kabupaten Sukabumi,"
0895-3720-28613",-6.9171731,106.6208728,Aqiqah
Saung domba aqiqah qurban dan bibit,"
4W3G+G3R, Gg. Tegal Kupa, Parungseah, Kab. Sukabumi, Kabupaten Sukabumi, Jawa Barat 43151",Kabupaten Sukabumi,"
0856-2426-9457",-6.9171731,106.6208728,Aqiqah
Kandang Walad Aqiqah Sukabumi,"
Palasari Hilir, Kec. Parungkuda, Kabupaten Sukabumi, Jawa Barat 43357",Kabupaten Sukabumi,"
0812-9185-8560",-6.8571953,106.4550781,Aqiqah
ADZKIA AQIQAH CICURUG,"
Ruko Kembang Kuning, Jl. Siliwangi No.13 Blok A1, Cicurug, Kec. Cicurug, Kabupaten Sukabumi, Jawa Barat 43359",Kabupaten Sukabumi,"
0857-1428-4010",-6.8571953,106.4550781,Aqiqah
ADZKIA AQIQAH PELABUHAN RATU,"
Jl. Raya Pelabuhan Ratu, Citarik, Kec. Pelabuhanratu, Kabupaten Sukabumi, Jawa Barat 43364",Kabupaten Sukabumi,"
0857-2360-6722",-6.8571953,106.4550781,Aqiqah
Umeena Aqiqah,"
Kp. Kabandungan, RT.008/RW.008, Semplak, Kec. Sukalarang, Kabupaten Sukabumi, Jawa Barat 43191",Kabupaten Sukabumi,"
0815-2724-4997",-6.9087051,106.7171,Aqiqah
Rama Aqiqah,"
4R36+R86, Jl. Nasional III, Karangtengah, Kec. Cibadak, Kabupaten Sukabumi, Jawa Barat 43351",Kabupaten Sukabumi,"
0896-5255-3067",-6.8954584,106.5223693,Aqiqah
RUMAH AQIQAH ALI IMRON,"
4PJQ+FH7, Jl. Kp. Cigadog, Sukasirna, Kec. Cibadak, Kabupaten Sukabumi, Jawa Barat 43351",Kabupaten Sukabumi,"
0898-0511-060",-6.8954584,106.5223693,Aqiqah
Hidayah Aqiqah Cicurug,"
6Q5M+3G6, Purwasari, Kec. Cicurug, Kabupaten Sukabumi, Jawa Barat 43359",Kabupaten Sukabumi,"
0857-2091-2229",-6.8954584,106.5223693,Aqiqah
ADZKIA AQIQAH BAROS,"
2WWH+W4R, Jayamekar, Kec. Baros, Kota Sukabumi, Jawa Barat 43166",Kabupaten Sukabumi,-,-6.8954584,106.5223693,Aqiqah
Umee Aqiqah,"
9Q9F+6FF, Jl. Kp. Kabandungan, RT.008/RW.008, Desa Semplak, Kecamatan Sukalarang, Kabupaten Sukabumi, Jawa Barat 43191",Kabupaten Sukabumi,"
0815-2724-4997",-6.6319285,106.4852748,Aqiqah
Saung Aqiqah Cianjur,"
Tegal Panjang, Sarampad, Kec. Cugenang, Kabupaten Cianjur, Jawa Barat 43252",Kabupaten Sukabumi,"
0812-2488-4442",-6.8099499,106.7885393,Aqiqah
KAMBING AQIQAH & KURBAN BANTARGADUNG,"
Kampung cumanggala, RT.01/RW.01, Bantargadung, Kec. Bantargadung, Kabupaten Sukabumi, Jawa Barat 43363",Kabupaten Sukabumi,"
0857-0339-6513",-6.9735573,106.3761096,Aqiqah
AQIQAH UMAT,"
RT.01/02, Sarampad, Kec. Cugenang, Kabupaten Cianjur, Jawa Barat 43252",Kabupaten Sukabumi,"
0821-2507-4221",-6.8100361,106.7884795,Aqiqah
Kambing Guling Sukabumi,"
Jl. Cibogo, Citamiang, Kec. Kadudampit, Kabupaten Sukabumi, Jawa Barat 43153",Kabupaten Sukabumi,"
0858-6266-9008",-6.8684047,106.6048188,Aqiqah
Insinyur Domba,"
3F3J+RJC, Jl. Marinjung, Karangpapak, Kec. Cisolok, Kabupaten Sukabumi, Jawa Barat 43366",Kabupaten Sukabumi,"
0858-6061-6276",-6.9454273,106.1931145,Aqiqah
UD TATANG AQIQAH,"
Kp Jl. Cikurutug Pasir, RT.04/RW.04, Tenjolaya, Kec. Cicurug, Kabupaten Sukabumi, Jawa Barat 43359",Kabupaten Sukabumi,"
0831-7938-3974",-6.7601549,106.472152,Aqiqah
TEMAN AQIQAH CIANJUR (Spesialis Domba & Kambing),"
Jl. Masjid Agung No.151, Pamoyanan, Kec. Cianjur, Kabupaten Cianjur, Jawa Barat 43211",Kabupaten Sukabumi,"
0822-1515-5151",-6.8196984,106.8486177,Aqiqah
SAYA AQIQAH CIANJUR,"
Kp Cilebak, Talaga, Kec. Cugenang, Kabupaten Cianjur, Jawa Barat 43252",Kabupaten Sukabumi,"
0857-9710-1589",-6.8196984,106.8486177,Aqiqah
AQIQAH NUR SUKMA CIANJUR,"
Jl. Aria Wiratanudatar KM 9 Kp. Jamali RT 005, RT.005/RW.008, Jamali, Kec. Mande, Kabupaten Cianjur, Jawa Barat 43292",Kabupaten Sukabumi,"
0858-4621-4942",-6.8196984,106.8486177,Aqiqah
RPH-R ( Rumah Potong Hewan Ruminansia) Kota Sukabumi,"
3W65+FJP, Sukakarya, Kec. Warudoyong, Kota Sukabumi, Jawa Barat 43135",Kabupaten Sukabumi,-,-6.9387901,106.3322873,Rumah Potong Hewan
"RUMAH POTONG SAPI JAGAL ""H.JAJANG"" ( PD. BERSAUDARA)","
3W68+7RP, Gg. Duren, Dayeuhluhur, Kec. Warudoyong, Kota Sukabumi, Jawa Barat 43291",Kabupaten Sukabumi,-,-6.9387901,106.3322873,Rumah Potong Hewan
Rumah Potong Hewan Rai Raka,"
3VQC+F4H, Cimahi, Kec. Cicantayan, Kabupaten Sukabumi, Jawa Barat 43152",Kabupaten Sukabumi,-,-6.9387901,106.3322873,Rumah Potong Hewan
RPH Do’a Ibu,"
Jl. Ciraden RT10, RW.3, Cisaat, Sukabumi Regency, West Java 43152",Kabupaten Sukabumi,"
0812-1473-1905",-6.9387901,106.3322873,Rumah Potong Hewan
RPA (RUMAH PEMOTONGAN AYAM) ADITIA,"
RT.07/RW.03, Bojong Genteng, Kec. Bojong Genteng, Kabupaten Sukabumi, Jawa Barat 43353",Kabupaten Sukabumi,"
0858-7218-6529",-6.9387901,106.3322873,Rumah Potong Hewan
RUMAH AYAM POTONG MANG EJEH,"
Kp Jl. Gentong, RT.22/RW.07, Des, Sukasari, Kec. Cisaat, Kabupaten Sukabumi, Jawa Barat 43152",Kabupaten Sukabumi,"
0856-5956-4646",-6.9387901,106.3322873,Rumah Potong Hewan
RUMAH POTONG AYAM POETRA KARYA,"
2RXR+PWF, Bojong, Kec. Cikembar, Kabupaten Sukabumi, Jawa Barat 43157",Kabupaten Sukabumi,-,-6.9387901,106.3322873,Rumah Potong Hewan
RPH Kandang CIA,"
Jl. Raya Sukabumi, Batununggal, Kec. Cibadak, Kabupaten Sukabumi, Jawa Barat 43152",Kabupaten Sukabumi,-,-6.9387901,106.3322873,Rumah Potong Hewan
RPH Jatiasih,"
Jl. Cipendawa Baru No.1, RT.005/RW.004, Bojong Menteng, Kec. Rawalumbu, Kota Bks, Jawa Barat 17117",Kabupaten Sukabumi,-,-6.2989717,106.3955882,Rumah Potong Hewan
RPH.SEMANAN H.almunir Muchtar,"
Jl. Semanan Pintu Air 7, RT.7/RW.12, Duri Kosambi, Kecamatan Cengkareng, Kota Jakarta Barat, Daerah Khusus Ibukota Jakarta 11750",Kabupaten Sukabumi,-,-6.1766063,106.1260103,Rumah Potong Hewan
KANDANG DOMBA BALKAM,"
Kp cibogo RT01 Rw17, Ciranjang, Kec. Ciranjang, Kabupaten Cianjur, Jawa Barat 43282",Kabupaten Cianjur,"
0857-1792-0544",-6.8167059,106.6785663,Kandang Domba
Kandang Domba Kang Ibar,"
57C7+R87, Mekargalih, Kec. Ciranjang, Kabupaten Cianjur, Jawa Barat 43282",Kabupaten Cianjur,-,-6.8167059,106.6785663,Kandang Domba
Kandang Domba Abah Endang,"
723X+6G2, RT.05/RW.08, Cipendawa, Kec. Pacet, Kabupaten Cianjur, Jawa Barat 43253",Kabupaten Cianjur,"
0838-1747-9098",-6.8167059,106.6785663,Kandang Domba
KAMPUNG DOMBA CIANJUR (KDC),"
5423+RMQ, Jl. Salakawung, RT./RW/RW.03/08, Sukawangi, Kec. Warungkondang, Kabupaten Cianjur, Jawa Barat 43261",Kabupaten Cianjur,"
0811-1212-9000",-6.8167059,106.6785663,Kandang Domba
Kandang domba Nur Barokah,"
Kp babakan baru, Pakuon, Kec. Sukaresmi, Kabupaten Cianjur, Jawa Barat 43254",Kabupaten Cianjur,-,-6.8167059,106.6785663,Kandang Domba
"Kandang ""The Domba Brothers"" Farm","
Babakancaringin, Kec. Karangtengah, Kabupaten Cianjur, Jawa Barat 43281",Kabupaten Cianjur,"
0881-0247-05178",-6.8167059,106.6785663,Kandang Domba
Kandang Domba Suntri Bunikasih,"
RT.04/RW.08, Bunisari, Kec. Warungkondang, Kabupaten Cianjur, Jawa Barat 43261",Kabupaten Cianjur,"
0812-1452-0780",-6.8167059,106.6785663,Kandang Domba
kandang domba bapak ijad,"
73MJ+R5J, Ciwalen, Kec. Sukaresmi, Kabupaten Cianjur, Jawa Barat 43254",Kabupaten Cianjur,-,-6.8167059,106.6785663,Kandang Domba
Kandang domba kang ewok,"
M5XX+47H, Jl. Mekarjaya, Pamoyanan, Kec. Cibinong, Kabupaten Cianjur, Jawa Barat 43271",Kabupaten Cianjur,-,-6.8167059,106.6785663,Kandang Domba
Kandang domba yandi,"
35J7+6PM, Jl. Raya Cibaregbeg, Sukamaju, Kec. Cibeber, Kabupaten Cianjur, Jawa Barat 43262",Kabupaten Cianjur,-,-6.8167059,106.6785663,Kandang Domba
Peternakan domba & kambing,"
35PW+M6M, Raya Cibeber Jati, Karangnunggal, Kec. Cibeber, Kabupaten Cianjur, Jawa Barat 43262",Kabupaten Cianjur,"
0857-2271-6828",-6.8167059,106.6785663,Kandang Domba
Kandang Domba Joeragan 69,"
Kp. Cihiur RT 005 RW 006 Desa Cicukang, Kec. Purabaya, Jawa, Barat, Kabupaten Sukabumi, Jawa Barat 43387",Kabupaten Cianjur,"
0823-2145-8168",-7.1342952,106.3439092,Kandang Domba
Kandang domba Rizky berkah,"
Kp sayong, Cibarengkok, Kec. Bojongpicung, Kabupaten Cianjur, Jawa Barat 43283",Kabupaten Cianjur,"
0815-4644-5565",-6.8769195,106.6739797,Kandang Domba
Pasar Domba Cianjur,"
546J+V7G, Jl. Siliwangi, Sukamaju, Kec. Cianjur, Kabupaten Cianjur, Jawa Barat 43215",Kabupaten Cianjur,"
0858-8583-8800",-6.8769195,106.6739797,Kandang Domba
Peternakan Kang Enyang Cipanas (Supplier Domba),"
Kp. Babakan Selajambu, RT.03/RW.02, Cibodas, Kec. Pacet, Kabupaten Cianjur, Jawa Barat 43253",Kabupaten Cianjur,-,-6.8769195,106.6739797,Kandang Domba
Kandangs cianjur,"
557M+92P, Langensari, Kec. Karangtengah, Kabupaten Cianjur, Jawa Barat 43281",Kabupaten Cianjur,"
0858-7233-6356",-6.8769195,106.6739797,Kandang Domba
KANDANG DOMBA QURBAN DLL,"
57RF+RCV, Sindangjaya, Kec. Ciranjang, Kabupaten Cianjur, Jawa Barat 43282",Kabupaten Cianjur,-,-6.8769195,106.6739797,Kandang Domba
Ternak Domba,"
54XV+4GX, Babakankaret, Kec. Cianjur, Kabupaten Cianjur, Jawa Barat 43211",Kabupaten Cianjur,"
0831-9208-2940",-6.8769195,106.6739797,Kandang Domba
KANDANG DOMBA MANG UWO,"
Jl. Raya Bandung No.16, Ciranjang, Kec. Ciranjang, Kabupaten Cianjur, Jawa Barat 43282",Kabupaten Cianjur,-,-6.8769195,106.6739797,Kandang Domba
Jago Jagal farm (Kandang Domba Bojong Rengit),"
3Q3M+HH4, Dusun bojong rengit, RT.003/RW.005, Jatimukti, Kec. Jatinangor, Kabupaten Sumedang, Jawa Barat 45363",Kabupaten Cianjur,"
0889-7036-5562",-6.9461146,107.2071745,Kandang Domba
Kandang Domba Ciburial,"
4JVX+63M, Cibengang Tengah, Ciburial, Kec. Cimenyan, Kabupaten Bandung, Jawa Barat 40198",Kabupaten Cianjur,-,-6.9461146,107.2071745,Kandang Domba
Kandang Domba dan Kambing Paguyuban'30,"
3QPC+474, Hegarmanah, Kec. Jatinangor, Kabupaten Sumedang, Jawa Barat 45363",Kabupaten Cianjur,"
0812-2013-1125",-6.9461146,107.2071745,Kandang Domba
Kandang Domba Pagerwangi,"
Cahyasari, RT.03/RW.09, Cileles, Kec. Jatinangor, Kabupaten Sumedang, Jawa Barat 45363",Kabupaten Cianjur,"
0813-2048-4424",-6.9461146,107.2071745,Kandang Domba
Kandang Domba HR,"
Jl. Sumber Sari No.RT.03/08, Cisaranten Kulon, Kec. Arcamanik, Kota Bandung, Jawa Barat 40293",Kabupaten Cianjur,-,-6.9461146,107.2071745,Kandang Domba
Kandang domba garut cotton jaya,"
XRW9+66P, Jl. Bojong Cipandan, Cikasungka, Kec. Cikancung, Kabupaten Bandung, Jawa Barat 40396",Kabupaten Cianjur,"
0812-2226-9499",-6.9461146,107.2071745,Kandang Domba
Kandang Raja Domba,"
Jl. Ciganitri No.9, RT.01/RW.02, Cipagalo, Kec. Bojongsoang, Kabupaten Bandung, Jawa Barat 40287",Kabupaten Cianjur,"
0818-0963-5005",-6.9461146,107.2071745,Kandang Domba
Peternakan Kambing-Domba Pak Dosen (Kandang Bestari Jaya),"
Jl. Nagrog Telok Dengklok No.20, Ciporeat, Kec. Cilengkrang, Kabupaten Bandung, Jawa Barat 40617",Kabupaten Cianjur,"
0856-9297-4561",-6.9461146,107.2071745,Kandang Domba
HARUKO JAYA (JUAL DOMBA BREADING & DOMBA QURBAN),"
Jl. Raya Pacet No.31, Cipendawa, Kec. Pacet, Kabupaten Cianjur, Jawa Barat 43253",Kabupaten Cianjur,"
0877-7152-4651",-6.7470963,106.4719513,Kandang Domba
PETERNAKAN DOMBA KAMPUNG PERUBAHAN,"
Kp. Pasircau, RT.04/RW.03, Sukawangi, Kec. Warungkondang, Kabupaten Cianjur, Jawa Barat 43261",Kabupaten Cianjur,-,-6.7470963,106.4719513,Kandang Domba
Kandang Domba Centeng,"
5H5C+5H7, Jl. Cihanjuang, Cihanjuang, Kec. Parongpong, Kabupaten Bandung Barat, Jawa Barat 40559",Kabupaten Cianjur,"
0813-9514-2088",-6.8420964,106.9946453,Kandang Domba
Kandang Domba Bah Sula,"
XH2P+849, Banjaran, Kec. Banjaran, Kabupaten Bandung, Jawa Barat 40377",Kabupaten Cianjur,"
0821-2621-4174",-6.8420964,106.9946453,Kandang Domba
KANDANG DOMBA PUTRA CIJOTANG,"
4JCJ+MR5, Jl. Ligar Arum, Cibeunying, Kec. Cimenyan, Kabupaten Bandung, Jawa Barat 40191",Kabupaten Cianjur,-,-6.8420964,106.9946453,Kandang Domba
KANDANG DOMBA,"
Jl. Sukajadi No.1-3, Sukabungah, Kec. Sukajadi, Kota Bandung, Jawa Barat 40162",Kabupaten Cianjur,-,-6.8420964,106.9946453,Kandang Domba
Young Farmer Farm Cibiru,"
Cibiru Wetan, Kec. Cileunyi, Kota Bandung, Jawa Barat 40625",Kabupaten Cianjur,"
0813-9592-3501",-6.8420964,106.9946453,Kandang Domba
Peternakan Kambing Golden farm cianjur,"
Kp Jl. Raya Gn. Bitung No.004/001, Pananggapan, Kec. Cibinong, Kabupaten Cianjur, Jawa Barat 43271",Kabupaten Cianjur,"
0853-2025-3337",-7.3155063,106.5155261,Peternakan Kambing
Pesona Satwa Farm,"
Cipatat, Kec. Cipatat, Kabupaten Bandung Barat, Jawa Barat 40554",Kabupaten Cianjur,"
0812-2049-675",-6.8209519,106.8103517,Peternakan Kambing
Ternak Kambing Natizah,"
Kp.Bunut RT/RW 002/007 Ds, Bangbayang, Kec. Gekbrong, Kabupaten Cianjur, Jawa Barat 43261",Kabupaten Cianjur,-,-6.876573,106.4944281,Peternakan Kambing
Ternak Kambing Pak Arifin,"
pagar Drum besi, Kampung Gonggo, RT.01/RW.014, Kanoman, Kec. Cibeber, Kabupaten Cianjur, Jawa Barat 43262",Kabupaten Cianjur,-,-6.876573,106.4944281,Peternakan Kambing
Ternak kambing,"
Jl batukorsi, Ramasari, Kec. Haurwangi, Kabupaten Cianjur, Jawa Barat 43283",Kabupaten Cianjur,-,-6.876573,106.4944281,Peternakan Kambing
Pandawa Farm,"
439M+GW7, Jl. Cianjur - Gn. Padang, Cikancana, Kec. Gekbrong, Kabupaten Cianjur, Jawa Barat 43261",Kabupaten Cianjur,"
0859-4091-2744",-6.876573,106.4944281,Peternakan Kambing
PETERNAKAN KAMBING PA UJANG DOMBA,"
5H7W+8J6, Cihideung, Kec. Parongpong, Kabupaten Bandung Barat, Jawa Barat 40559",Kabupaten Cianjur,"
0877-7541-1826",-6.8367096,107.0197407,Peternakan Kambing
DUTA TERNAK INDONESIA,"
72WQ+8WQ, JL. Hanjawar, Pacet, Sindanglaya, Kec. Sukaresmi, Cibadak, Kec. Cipanas, Kabupaten Cianjur, Jawa Barat 43253",Kabupaten Cianjur,"
0812-9188-6292",-6.7041875,106.4630303,Peternakan Kambing
Bumi ternak kebo.domba.kambing,"
M8XW+98H, Jl. Ciwidey - Cidaun, Sukabakti, Kec. Naringgul, Kabupaten Cianjur, Jawa Barat 43274",Kabupaten Cianjur,"
0838-1778-9488",-7.3015629,106.7690808,Peternakan Kambing
Sumber Rizki Farm,"
H8QM+R4J Kp Cicadas, RT./RW/RW.003, 003, Wangunjaya, Kec. Naringgul, Kabupaten Cianjur, Jawa Barat 43274",Kabupaten Cianjur,-,-7.3015629,106.7690808,Peternakan Kambing
Kelompok ternak SUGIH MAKMUR,"
X4C2+9GF, Wangunjaya, Kec. Campaka, Kabupaten Cianjur, Jawa Barat 43263",Kabupaten Cianjur,-,-7.3015629,106.7690808,Peternakan Kambing
Mamat Domba,"
Cikadut, Kec. Cimenyan, Kabupaten Bandung, Jawa Barat 40195",Kabupaten Cianjur,"
0821-1971-9182",-6.8855789,107.0933255,Peternakan Kambing
"ABAH OLEH, KAMBING QURBAN DAN AQIQAH","
Jl. Pasar Sindanglaya No.173, RT.05/RW.01, Cisaranten Bina Harapan, Kec. Arcamanik, Kota Bandung, Jawa Barat 40294",Kabupaten Cianjur,"
0812-2398-2991",-6.8855789,107.0933255,Peternakan Kambing
Karika Farm's,"
Dusun Mekarjaya, RT/RW 005/007, Desa, Cileles, Kec. Jatinangor, Kabupaten Sumedang, Jawa Barat 45363",Kabupaten Cianjur,"
0812-2300-1892",-6.8855789,107.0933255,Peternakan Kambing
Kandang Sapi Saritani,"
Wangun Jl. Rasyid, RT.02/RW.05, Wangunjaya, Kec. Cugenang, Kabupaten Cianjur, Jawa Barat 43252",Kabupaten Cianjur,"
0878-2003-7632",-6.7906255,106.5370768,Peternakan Kambing
Al-Munawwir Farm,"
Kampung Pamulihan No. 35 RT 03/02, Ciporeat, Kec. Cilengkrang, Kota Bandung, Jawa Barat 40617",Kabupaten Cianjur,"
0813-2028-0832",-6.8896094,107.1434927,Peternakan Kambing
Kandang Susu Kambing Segar Palalangon Farm,"
Kp Palalangon, Ciporeat, Kec. Cilengkrang, Kabupaten Bandung, Jawa Barat 40617",Kabupaten Cianjur,"
0813-9471-8264",-6.8896094,107.1434927,Peternakan Kambing
Saung Ternak Kahadean,"
344F+WMM, Unnamed Road, Cikondang, Kec. Cibeber, Kabupaten Cianjur, Jawa Barat 43262",Kabupaten Cianjur,-,-6.942652,106.5473772,Peternakan Kambing
BANGGA FARM(GuppyCianjur01),"
67M3+W85, Kp Pagutan, RT.04/RW.01, Cikidangbayabang, Kec. Mande, Kabupaten Cianjur, Jawa Barat 43292",Kabupaten Cianjur,"
0857-2269-9436",-6.942652,106.5473772,Peternakan Kambing
"Rumah Ternak Aisyah Domba, kambing","
Jl. Sekejengkol kulon No.54, RT.1/RW.12, Cimekar, Kec. Cileunyi, Kabupaten Bandung, Jawa Barat 40622",Kabupaten Cianjur,"
0813-1303-9293",-6.9114596,107.171078,Peternakan Kambing
Peternakan domba dan kambing dua saudara,"
Dusun Narongtong, RT.02/RW.10, Cileles, Kec. Jatinangor, Kabupaten Sumedang, Jawa Barat 45363",Kabupaten Cianjur,-,-6.9114596,107.171078,Peternakan Kambing
Susu Kambing Murni Palalangon Farm,"
Jl. Vijayakusuma X No.C10, Pasir Endah, Kec. Ujung Berung, Kota Bandung, Jawa Barat 40619",Kabupaten Cianjur,"
0813-9471-8264",-6.9114596,107.171078,Peternakan Kambing
Peternakan Kambing Euman,"
5GMX+996, Jambudipa, Kec. Cisarua, Kabupaten Bandung Barat, Jawa Barat 40551",Kabupaten Cianjur,"
0895-6193-99671",-6.9114596,107.171078,Peternakan Kambing
Peternakan Domba dan Kambing PANCA JAYA,"
Dsn, Jl. Cinenggang No.rt03/05, Cileles, Kec. Jatinangor, Kabupaten Sumedang, Jawa Barat 45363",Kabupaten Cianjur,"
0889-0166-5070",-6.9114596,107.171078,Peternakan Kambing
Domba aqiqah & qurban ( ASWAH FARM ),"
Kp Jl. Kawungsari, RT.03/RW.08, Wargamekar, Kec. Baleendah, Kabupaten Bandung, Jawa Barat 40375",Kabupaten Cianjur,"
0813-2441-1640",-6.9114596,107.171078,Peternakan Kambing
Susu kambing Etawa-Cianjur,"
Jl.Ir.H.Juanda Gg Nusadua Rt:03 Rw:18 Cianjur kota, Bojongherang, Kec. Cianjur, Kabupaten Cianjur, Jawa Barat 43216",Kabupaten Cianjur,"
0813-1968-9090",-6.8146288,106.5567771,Peternakan Kambing
Z R M FARM Menjual hewan kurban dan akikah,"
Supplier mandiri 31, Kp. Cilebak 01/02, Talaga, Kec. Cugenang, Kabupaten Cianjur, Jawa Barat 43252",Kabupaten Cianjur,-,-6.8146288,106.5567771,Peternakan Kambing
Aqiqah Cianjur Nurul Hayat,"
Jl. K.H Shaleh Jl. Leles No.Kp, RT.04/RW.02, Sukamanah, Kec. Karangtengah, Kabupaten Cianjur, Jawa Barat 43281",Kabupaten Cianjur,"
0878-5300-0101",-6.8292736,106.8696633,Aqiqah
DT AQIQAH CIANJUR,"
559H+8JX, Jl. Kandang Sapi, Sindangasih, Kec. Karangtengah, Kabupaten Cianjur, Jawa Barat 43281",Kabupaten Cianjur,-,-6.8292736,106.8696633,Aqiqah
Syauqi Aqiqah Cianjur,"
55CP+QCQ, Sukasari, Kec. Karangtengah, Kabupaten Cianjur, Jawa Barat 43281",Kabupaten Cianjur,"
0821-1419-1625",-6.8292736,106.8696633,Aqiqah
Jasa Aqiqah Cianjur - Aqiqah Rumah Ummat Cianjur,"
Jl. Jambudipa, RT.02/RW.03, Jambudipa, Kec. Warungkondang, Kabupaten Cianjur, Jawa Barat 43260",Kabupaten Cianjur,"
0812-2196-7995",-6.8292736,106.8696633,Aqiqah
KANDANG AQIQAH CIANJUR,"
65JJ+39F, Sukamanah, Kec. Mande, Kabupaten Cianjur, Jawa Barat 43292",Kabupaten Cianjur,"
0857-9796-8624",-6.8292736,106.8696633,Aqiqah
Dt aqiqah cianjur,"
Jl. Siliwangi, Sayang, Kec. Cianjur, Kabupaten Cianjur, Jawa Barat 43251",Kabupaten Cianjur,"
0857-2132-1412",-6.8292736,106.8696633,Aqiqah
DAPUR AQIQAH 86 CIANJUR,"
Unnamed Road, Cikondang, Cibeber, Cianjur Regency, West Java 43262",Kabupaten Cianjur,"
0822-9999-1086",-6.8292736,106.8696633,Aqiqah
Aqiqah Anak Shaleh Cianjur,"
Kp. Sarampad RT001/002. Ds. Sarampad, Kec. Cugenang. Kab. Cianjur, Cianjur 43252, Sarampad, Kec. Cugenang, Kabupaten Cianjur, Jawa Barat 43232",Kabupaten Cianjur,"
0812-2352-7270",-6.8292736,106.8696633,Aqiqah
Salma Aqiqah,"
Jl. Dr. Muwardi No.167, Bojongherang, Kec. Cianjur, Kabupaten Cianjur, Jawa Barat 43216",Kabupaten Cianjur,-,-6.8292736,106.8696633,Aqiqah
Jasa Aqiqah - Ruang Aqiqah Cianjur,"
Jl. Rancagoong No.Km.03, Sukawangi, Kec. Warungkondang, Kabupaten Cianjur, Jawa Barat 43261",Kabupaten Cianjur,"
0877-1431-6667",-6.8292736,106.8696633,Aqiqah
DAPUR AQIQAH INDONESIA,"
jln, RT./rw/RW.01/02, Sarampad, Kec. Cugenang, Kabupaten Cianjur, Jawa Barat 43232",Kabupaten Cianjur,"
0821-2507-4221",-6.8292736,106.8696633,Aqiqah
Kandang Sentra Aqiqah Cianjur,"
53QH+HMV, Sarampad, Kec. Cugenang, Kabupaten Cianjur, Jawa Barat 43525",Kabupaten Cianjur,"
0812-3371-1116",-6.8292736,106.8696633,Aqiqah
RAJA DOKA AQIQAH,"
Kp.Panggung, Sukanagalih, Kec. Pacet, Kabupaten Cianjur, Jawa Barat 43253",Kabupaten Cianjur,"
0877-7111-5757",-6.8292736,106.8696633,Aqiqah
Kandang Mitra Aqiqah Nurul Hayat,"
X4G9+FVV, Campaka, Kec. Campaka, Kabupaten Cianjur, Jawa Barat 43263",Kabupaten Cianjur,-,-6.8292736,106.8696633,Aqiqah
kandang domba Garut di Lembang,"
jln. Maribaya Timur Kp, Jl. Babakan Jati, RT.04/RW.05, Cibodas, Kec. Lembang, Kabupaten Bandung, Jawa Barat 39401",Kabupaten Bandung,"
0822-1903-3373",-6.8224165,107.392879,Kandang Domba
Kandang Domba Mang Ayi,"
Jl. Kosar, RT.008/RW.007, Pasir Endah, Kec. Ujung Berung, Kota Bandung, Jawa Barat 40619",Kabupaten Bandung,-,-6.8224165,107.392879,Kandang Domba
Kandang Domba Ardi Farms,"
Kampung Mekar Saluyu No.54 rt03, RW.01, Mekarsaluyu, Kec. Cimenyan, Kabupaten Bandung, Jawa Barat 40124",Kabupaten Bandung,"
0821-2340-9576",-6.8224165,107.392879,Kandang Domba
Kandang Domba Desul Farm,"
XHV7+H76, Banyusari, Kec. Katapang, Kabupaten Bandung, Jawa Barat 40921",Kabupaten Bandung,"
0859-6588-3687",-6.8224165,107.392879,Kandang Domba
Kandang Domba Pa Bana,"
WGP2+XM4, Sukajadi, Kec. Soreang, Kabupaten Bandung, Jawa Barat 40911",Kabupaten Bandung,"
0838-2446-0793",-7.0628773,107.2129339,Kandang Domba
Kandang Domba Bapak Tata,"
3PHX+5H9, Cileunyi Kulon, Kec. Cileunyi, Kabupaten Bandung, Jawa Barat 40622",Kabupaten Bandung,-,-6.9220962,107.460581,Kandang Domba
Kandang domba elfarm,"
Kp Demah Luhur, RT.02/RW.01, Cileunyi Kulon, Kec. Cileunyi, Kabupaten Bandung, Jawa Barat 40621",Kabupaten Bandung,-,-6.9220962,107.460581,Kandang Domba
Kandang Domba SBH Farm,"
Kp Jl. Bojong Nangka, RT.03/RW.12, Kopo, Kec. Kutawaringin, Kabupaten Bandung, Jawa Barat 40911",Kabupaten Bandung,"
0812-2424-5480",-6.9994379,107.2526913,Kandang Domba
Domba Garut by Kawanan Kandang Farm,"
XR52+6X5, Bungkur, Karangtunggal, Kec. Paseh, Kabupaten Bandung, Jawa Barat 40383",Kabupaten Bandung,"
0859-5164-3142",-7.0419812,107.5140779,Kandang Domba
Domba Kandang Gombong,"
Jl. Cilimus No.110, Isola, Kec. Sukasari, Kota Bandung, Jawa Barat 40154",Kabupaten Bandung,-,-6.8566993,107.3016469,Kandang Domba
Kandang Domba Elite Team,"
XJV4+P9H, Ranca Sabir, Malakasari, Kec. Baleendah, Kabupaten Bandung, Jawa Barat 40375",Kabupaten Bandung,-,-6.8566993,107.3016469,Kandang Domba
Kandang Domba Mitra Gaban,"
VHXF+7HH, Kp Ciririp, RT.02/RW.09, Cimaung, Bandung Regency, West Java 40374",Kabupaten Bandung,"
0859-2423-377",-6.8566993,107.3016469,Kandang Domba
PAKANDANG DOMBA MOTEKAR15 Cicalengka,"
Jl. Margaasih No.173, Waluya, Kec. Cicalengka, Kabupaten Bandung, Jawa Barat 40395",Kabupaten Bandung,"
0813-9403-6541",-6.997563,107.5608356,Kandang Domba
Kandang Domba pak Ato,"
4JHQ+HM9, Jl. Ligar Melati Dalam III, Cibeunying, Kec. Cimenyan, Kabupaten Bandung, Jawa Barat 40191",Kabupaten Bandung,-,-6.8710868,107.3508517,Kandang Domba
KDM (Kandang Domba Mengger),"
2JMF+433, Jl. Mengger Hilir, Sukapura, Kec. Dayeuhkolot, Kabupaten Bandung, Jawa Barat 40267",Kabupaten Bandung,"
0813-2323-5971",-6.8710868,107.3508517,Kandang Domba
Kandang Domba Bah Uju,"
WMH3+QP7, Pinggirsari, Kec. Arjasari, Kabupaten Bandung, Jawa Barat 40379",Kabupaten Bandung,"
0822-9500-6686",-6.8710868,107.3508517,Kandang Domba
Kandang domba saewanda,"
WQHC+GCQ, Jl. Pakacangan, Sindangsari, Kec. Paseh, Kabupaten Bandung, Jawa Barat 40384",Kabupaten Bandung,"
0821-2917-2850",-6.8710868,107.3508517,Kandang Domba
Kandang Domba Sempur,"
XR7H+X3R, Cihanyir, Kec. Cikancung, Kabupaten Bandung, Jawa Barat 40396",Kabupaten Bandung,-,-7.0350141,107.5392119,Kandang Domba
"C-Farm Peternakan domba, Lembang. Jawa barat","
Jalan wangungsari Kp, Areng Desa, RT.1/RW.10, Wangunsari, Kec. Lembang, Kabupaten Bandung Barat, Jawa Barat 40391",Kabupaten Bandung,"
0821-2961-3334",-6.8368276,107.3253144,Kandang Domba
Kandang Sapi & Domba Pak Deden,"
Wargamekar, Kec. Baleendah, Kabupaten Bandung, Jawa Barat 40375",Kabupaten Bandung,"
0896-5654-1008",-6.8368276,107.3253144,Kandang Domba
KANDANG DOMBA SAUNGTANI FARM,"
Cimasuk Dua, RT.04/RW.01, Pamulihan, Kec. Pamulihan, Kabupaten Sumedang, Jawa Barat 45365",Kabupaten Bandung,"
0852-1611-1800",-6.8742108,107.537986,Kandang Domba
Kandang domba garut kidang kencana,"
Jln. Maribaya, kp Jl. Babakan Jati No.timur, RT.04/RW.05, Cibodas, Kec. Lembang, Kabupaten Bandung, Jawa Barat 40391",Kabupaten Bandung,"
0822-1903-3373",-6.822367,107.3935339,Kandang Domba
Aba Farm Bandung,"
Jl. Nagrog Telok Dengklok, Ciporeat, Kec. Cilengkrang, Kota Bandung, Jawa Barat 40617",Kabupaten Bandung,"
0896-5263-6308",-6.822367,107.3935339,Kandang Domba
Susu Kambing Etawa Bandung - Peternakan Kambing Perah Mang Didin,"
Jl. Cilengkrang 1, RT.03/RW.09, Garung, Cilengkrang, Kec. Cilengkrang, Kota Bandung, Jawa Barat 40615",Kabupaten Bandung,"
0821-1840-5866",-6.8989603,107.4515807,Peternakan Kambing
Pasar Domba dan Sapi,"
Jl. Cingised No.37, Cisaranten Kulon, Kec. Arcamanik, Kota Bandung, Jawa Barat 40293",Kabupaten Bandung,"
0821-1668-8013",-6.8989603,107.4515807,Peternakan Kambing
Peternakan kambing Qian,"
RT 5 RW 5, Ciumbuleuit, Kec. Cidadap, Kota Bandung, Jawa Barat 40142",Kabupaten Bandung,-,-6.8658706,107.3176271,Peternakan Kambing
Gala Farm Haji Ramlan Jual Domba Kurban - Hewan Qurban Murah- Hewan Kurban Bandung,"
Samping Sungai, Belakang Indomaret Cingised, Indomart Cingised, Jl. Cingised No.30, Cisaranten Endah, Kec. Arcamanik, Kota Bandung, Jawa Barat 40295",Kabupaten Bandung,"
0812-2220-4024",-6.8658706,107.3176271,Peternakan Kambing
Susu Kambing Etawa Bandung Jaya Farm,"
Puri Dago Mas, Komplek Jl. Puri Dagomas Utama No.65, Antapani Tengah, Kec. Antapani, Kota Bandung, Jawa Barat 40291",Kabupaten Bandung,"
0851-0011-1008",-6.8658706,107.3176271,Peternakan Kambing
Jual kambing / domba aqiqah BP heru,"
3PXR+G2F, Cilengkrang, Kec. Cilengkrang, Kabupaten Bandung, Jawa Barat 40615",Kabupaten Bandung,"
0813-9589-0892",-6.8658706,107.3176271,Peternakan Kambing
Peternak Hewan Qurban kota bandung,"
Gg. Sai No.27, Cirangrang, Kec. Babakan Ciparay, Kota Bandung, Jawa Barat 40227",Kabupaten Bandung,"
0853-1818-5200",-6.8658706,107.3176271,Peternakan Kambing
PALASARI FARM - Peternakan Kambing Perah,"
3PQH+868, Jl. Cigagak Cipadung, Cipadung, Kec. Cibiru, Kota Bandung, Jawa Barat 40615",Kabupaten Bandung,-,-6.8658706,107.3176271,Peternakan Kambing
Sunnah Farm Qurban & Aqiqah Bandung,"
4P4J+H7F, Cilengkrang, Kec. Cilengkrang, Kabupaten Bandung, Jawa Barat 40615",Kabupaten Bandung,"
0821-1972-3498",-6.8658706,107.3176271,Peternakan Kambing
Ternak Kambing Pak Oday,"
4JQ6+HPH, Jl. Cipicung Hilir, Ciumbuleuit, Kec. Cidadap, Kota Bandung, Jawa Barat 40142",Kabupaten Bandung,"
0822-1463-3347",-6.8658706,107.3176271,Peternakan Kambing
Rumah Potong Kambing dan Domba Bapak Yuyun Djokam untuk Aqiqah dan Qurban,"
Jl. Panorama Jl. Kosar No.07, RT.08/RW.07, Pasir Endah, Kec. Ujung Berung, Kota Bandung, Jawa Barat 40619",Kabupaten Bandung,"
0881-0234-37610",-6.8658706,107.3176271,Peternakan Kambing
Peternakan ABAH MANTRI,"
Kp Garung Rt/Rw 02/09 Ds Cilengkrang kab Bandung Jawa Barat Bandubg, Cilengkrang, Kec. Cilengkrang, Kabupaten Bandung, Jawa Barat 40615",Kabupaten Bandung,"
0831-3837-2497",-6.8658706,107.3176271,Peternakan Kambing
Kandang kambing Haji Sopandi,"
Cipadung, Kec. Cibiru, Kota Bandung, Jawa Barat 40615",Kabupaten Bandung,-,-6.8658706,107.3176271,Peternakan Kambing
Rumah Sapi Ar-Rahman Bandung,"
Garung no 2-4 cibiru, Cibiru Wetan, Kec. Cileunyi, Kabupaten Bandung, Jawa Barat 40615",Kabupaten Bandung,"
0812-2157-694",-6.8658706,107.3176271,Peternakan Kambing
Peternakan sapi & domba Kurnia farm,"
XM9H+4XR, Ciheulang Tonggoh, Ciheulang, Kec. Ciparay, Kabupaten Bandung, Jawa Barat 40381",Kabupaten Bandung,"
0851-3359-4645",-6.8658706,107.3176271,Peternakan Kambing
"RUMAH QURBAN AQIQAHKU - PT. SAUDAGAR PANGAN NUSANTARA-Jual Domba Kambing Hidup, Qurban Domba Sapi","
Jl. Cikoneng, Bojongsari, Kec. Bojongsoang, Kabupaten Bandung, Jawa Barat 40288, Bojongsari, Kec. Bojongsoang, Kabupaten Bandung, Jawa Barat 40287",Kabupaten Bandung,"
0813-5060-0060",-6.8658706,107.3176271,Peternakan Kambing
Kambing Hj. Erros,"
4MC6+3J5, Cimenyan, Kec. Cimenyan, Kabupaten Bandung, Jawa Barat 40197",Kabupaten Bandung,-,-6.8658706,107.3176271,Peternakan Kambing
Peternakan Kambing Kang Odih,"
3Q69+72P, Kp. Babakan Caringin Jl. Caringin, Sayang, Jatinangor, Sumedang Regency, West Java 45363",Kabupaten Bandung,"
0812-2059-6481",-6.9392842,107.4791931,Peternakan Kambing
Pusaka Farm,"
Warung Simpang Cibuntu, Cikahuripan, Kec. Cimanggung, Kabupaten Sumedang, Jawa Barat 45364",Kabupaten Bandung,"
0811-3889-676",-6.9392842,107.4791931,Peternakan Kambing
ISMAYA FARM BANDUNG (PADEPOKAN ISMAYA),"
Jl. Sadang Sari, RT.2/RW.4, Andir, Kec. Baleendah, Kabupaten Bandung, Jawa Barat 40375",Kabupaten Bandung,"
0811-2244-178",-6.992053,107.3230041,Peternakan Kambing
Aqiqah Bandung Madinah,"
Jl. Desa Cipadung No.47, Cipadung, Kec. Cibiru, Kota Bandung, Jawa Barat 40614",Kabupaten Bandung,"
0878-8346-9070",-6.928221,107.5719564,Aqiqah
Sentra Aqiqah Nusantara | Layanan Domba Aqiqah + Catering Bandung Raya,"
Jl. Cibiru Raya No.38, Cibiru Hilir, Kec. Cileunyi, Kabupaten Bandung, Jawa Barat 40626",Kabupaten Bandung,"
0822-4097-7554",-6.928221,107.5719564,Aqiqah
Aqiqah 86 Bandung,"
Jl. Giri Mekar No.8, Jatiendah, Kec. Cilengkrang, Kabupaten Bandung, Jawa Barat 40619",Kabupaten Bandung,"
0821-2211-4377",-6.928221,107.5719564,Aqiqah
Dapur Aqiqah Bandung – Paket & Jasa Aqiqah Murah,"
Dekat MY Home, Jl. Cinambo No.mor 134, Cisaranten Wetan, Kec. Cinambo, Kota Bandung, Jawa Barat 40293",Kabupaten Bandung,"
0822-1757-3937",-6.928221,107.5719564,Aqiqah
AQIQAHKU - PT. SAUDAGAR PANGAN NUSANTARA (Aqiqah - Kambing Guling Catering Ny. Yensa),"
Jl. Raya Bojongsoang No.250, Cipagalo, Kec. Bojongsoang, Kabupaten Bandung, Jawa Barat 40287",Kabupaten Bandung,"
0811-1111-6000",-6.9680696,107.4932636,Aqiqah
Rizqia Aqiqah Bandung,"
Jl. Gedebage Selatan No.24A, Rancabolang, Kec. Gedebage, Kota Bandung, Jawa Barat 40294",Kabupaten Bandung,"
0821-2833-5747",-6.9680696,107.4932636,Aqiqah
Rumah Aqiqah Bandung,"
Jl. Cihapit No.41, Cihapit, Kec. Bandung Wetan, Kota Bandung, Jawa Barat 40114",Kabupaten Bandung,"
0851-0354-8744",-6.9680696,107.4932636,Aqiqah
Aqiqah Bandung Nurul Hayat,"
Jl. Jupiter Utama Blok D2 No 12A, Sekejati, Kec. Buahbatu, Kota Bandung, Jawa Barat 40286",Kabupaten Bandung,"
0878-2353-6000",-6.9680696,107.4932636,Aqiqah
Nun Aqiqah Bandung,"
Bojong koneng indah No.b1-6, Rancamanyar, Kec. Baleendah, Kabupaten Bandung, Jawa Barat 40375",Kabupaten Bandung,"
0895-3844-53080",-6.9680696,107.4932636,Aqiqah
SENTRA AQIQAH-KOPO,"
Depan Kantor Pos), Ds, Komp. Sukamenak Indah No.S-27, Sukamenak, Kec. Margahayu, Kabupaten Bandung, Jawa Barat 40227",Kabupaten Bandung,"
0823-2119-1322",-6.9680696,107.4932636,Aqiqah
KAMBING GULING Ny. YENSA - PT. SAUDAGAR PANGAN NUSANTARA,"
Jl. Babakan Sari No.143, Babakan Sari, Kec. Kiaracondong, Kota Bandung, Jawa Barat 40283",Kabupaten Bandung,"
0813-5060-0060",-6.9680696,107.4932636,Aqiqah
Aqiqah Bandung Cimahi Assabiq aqiqah,"
Jl. Cigending No.13, Cigending, Kec. Ujung Berung, Kota Bandung, Jawa Barat 40618",Kabupaten Bandung,"
0822-9575-7475",-6.9680696,107.4932636,Aqiqah
"JABAR AQIQAH | Layanan Katering, Potong, Masak Aqiqah Bandung & Jawa Barat | Sesuai Syariah Islam","
Jl. Raya Bojongsoang No.225, Lengkong, Kec. Bojongsoang, Kabupaten Bandung, Jawa Barat 40258",Kabupaten Bandung,"
0812-2221-3481",-6.9680696,107.4932636,Aqiqah
Aqiqah Lathiif ( Aqiqahnya Warga Bandung),"
Jl. Venus Raya No. 31 Metro, Manjahlega, Kec. Rancasari, Kota Bandung, Jawa Barat 40295",Kabupaten Bandung,"
0812-8640-2828",-6.9680696,107.4932636,Aqiqah
Klik Aqiqah Bandung,"
Samping Alfamart, Jl. Ciganitri Mukti.88B, Jl. Ciganitri No.2, Cipagalo, Kec. Bojongsoang, Kabupaten Bandung, Jawa Barat 40287",Kabupaten Bandung,"
0811-2220-200",-6.9680696,107.4932636,Aqiqah
KONTRAKAN RUMAH POTONG HEWAN (RPH) AL BASRI,"
KP. KARA Jl. Terusan Panyawungan No.02, RT.03, Cileunyi Wetan, Kec. Cileunyi, Kabupaten Bandung, Jawa Barat 40622",Kabupaten Bandung,"
0813-2294-4479",-6.9532374,107.4603786,Rumah Potong Hewan
"Kantor RPA 'rumah Pemotongan Hewan""","
XPCW+F6Q, Rancakasumba, Kec. Solokanjeruk, Kabupaten Bandung, Jawa Barat 40376",Kabupaten Bandung,-,-6.9532374,107.4603786,Rumah Potong Hewan
RPH Cirangrang,"
Jl. Raya Kopo No.495A, Cirangrang, Kec. Babakan Ciparay, Kota Bandung, Jawa Barat 40227",Kabupaten Bandung,-,-6.95295,107.2964239,Rumah Potong Hewan
RPH GBP - Regol,"
Jl. Margacinta No.139, Cijaura, Kec. Buahbatu, Kota Bandung, Jawa Barat 40286",Kabupaten Bandung,-,-6.95295,107.2964239,Rumah Potong Hewan
RUMAH POTONG HEWAN (RPH) GHIFARI ANDRI,"
3HFV+9JR, Jl. Babakan Irigasi, Babakan Tarogong, Kec. Bojongloa Kaler, Kota Bandung, Jawa Barat 40232",Kabupaten Bandung,"
0813-2433-2453",-6.95295,107.2964239,Rumah Potong Hewan
RPH MBC Baleendah,"
41, Jl. Mekarsari, Baleendah, Kec. Baleendah, Kabupaten Bandung, Jawa Barat 40375",Kabupaten Bandung,-,-6.95295,107.2964239,Rumah Potong Hewan
RPH Cijawura,"
Jl. Cijawura Hilir No.31, RT.02/RW.12, Cijawura, Kec. Buahbatu, Kota Bandung, Jawa Barat 40287",Kabupaten Bandung,"
(022) 7504302",-6.95295,107.2964239,Rumah Potong Hewan
RPH Bandung Barat,"
5FV5+HHJ, Jl. Raya Purwakarta, Cempakamekar, Kec. Padalarang, Kabupaten Bandung Barat, Jawa Barat 40553",Kabupaten Bandung,-,-6.95295,107.2964239,Rumah Potong Hewan
Rumah potong kambing dan domba Aa umar,"
3MWR+897, Jl. Panorama, Pasir Endah, Kec. Ujung Berung, Kota Bandung, Jawa Barat 40619",Kabupaten Bandung,-,-6.95295,107.2964239,Rumah Potong Hewan
Ciroyom Depot (RPH),"
Jl. Arjuna No.45, Husen Sastranegara, Kec. Cicendo, Kota Bandung, Jawa Barat 40174",Kabupaten Bandung,-,-6.95295,107.2964239,Rumah Potong Hewan
"Rumah Potong Ayam (RPA) Sukahati Bandung | Supplier Ayam Halal, Fresh & Higienis","
Area Pergudangan Ganiarta, Jalan AH. Nasution KM. 10 Ujung Berung, Pakemitan, Kec. Cinambo, Cigending, Kec. Ujung Berung, Kota Bandung, Jawa Barat 40152",Kabupaten Bandung,"
0813-8871-4281",-6.95295,107.2964239,Rumah Potong Hewan
Rumah Sapi Sentra Hewan Qurban,"
Jl. Margaluyu No.70, Margasari, Kec. Buahbatu, Kota Bandung, Jawa Barat 40286",Kabupaten Bandung,"
0821-1613-1712",-6.95295,107.2964239,Rumah Potong Hewan
Rumah Potong Ayam AA 🐔,"
Warung AA, Jl. Irigasi Utama No.13, RT.06/RW.07, Margasari, Buahbatu, Bandung City, West Java 40286",Kabupaten Bandung,"
0896-3000-7001",-6.95295,107.2964239,Rumah Potong Hewan
Rumah Pemotongan Hewan Ciawitali,"
Jl. Guntur Sari No.501, Haurpanggung, Kec. Tarogong Kidul, Kabupaten Garut, Jawa Barat 44151",Kabupaten Bandung,-,-7.2017669,107.6181231,Rumah Potong Hewan
Rumah potong hewan,"
3RW2+H85, Jatisari, Kec. Tanjungsari, Kabupaten Sumedang, Jawa Barat 45362",Kabupaten Bandung,-,-6.9036032,107.5124804,Rumah Potong Hewan
Tempat pemotongan hewan sapi,"
Jl. Arjuna No.45, Husen Sastranegara, Kec. Cicendo, Kota Bandung, Jawa Barat 40174",Kabupaten Bandung,-,-6.9121326,107.3008767,Rumah Potong Hewan
Pusat Sapi Potong,"
Jl. Capricorn No.35, Gumuruh, Kec. Batununggal, Kota Bandung, Jawa Barat 40275",Kabupaten Bandung,"
0817-205-731",-6.9121326,107.3008767,Rumah Potong Hewan
Pemotongan ayam SP BROILER,"
2J2M+XHP, Jl. Cijagra, Bojongsari, Kec. Bojongsoang, Kabupaten Bandung, Jawa Barat 40288",Kabupaten Bandung,"
0813-2393-3300",-6.9121326,107.3008767,Rumah Potong Hewan
RUMAH POTONG KAMBING bpk Eeng solihin / ibu Eli,"
Palasari, Kec. Cibiru, Kota Bandung, Jawa Barat 40615",Kabupaten Bandung,"
0895-3754-55301",-6.9121326,107.3008767,Rumah Potong Hewan
Rumah Pemotongan Ayam Alawiyah Cimahi,"
Jl. Cipageran No.2, Cipageran, Kec. Cimahi Utara, Kota Cimahi, Jawa Barat 40511",Kabupaten Bandung,"
0821-1511-1120",-6.9121326,107.3008767,Rumah Potong Hewan
RPH Bensfarm Aqiqah Bandung,"
Jl. Radio Palasari Road, RT.003/RW.012, Citeureup, Kec. Dayeuhkolot, Kabupaten Bandung, Jawa Barat 40257 Jawabarat 40257, Kecamatan Dayeuh Kolot, Citeureup, Kec. Dayeuhkolot, Kabupaten Bandung, Jawa Barat 40287",Kabupaten Bandung,-,-6.9121326,107.3008767,Rumah Potong Hewan
RPA _ MRP,"
Kampung Jl. Cisasawi No.38, RT.03/RW.06, Cihanjuang, Kec. Parongpong, Kabupaten Bandung Barat, Jawa Barat 40559",Kabupaten Bandung,"
0812-2223-6544",-6.9121326,107.3008767,Rumah Potong Hewan
Komunitas Ayam halal sehat,"
Baleendah, Kec. Baleendah, Kabupaten Bandung, Jawa Barat 40375",Kabupaten Bandung,"
0856-2206-214",-6.9121326,107.3008767,Rumah Potong Hewan
Momo Pet Shop & Care,"
Jalan Cijambe. Ruko, Jl. Madani Regency No.3, Pasir Endah, Kec. Ujung Berung, Kota Bandung, Jawa Barat 40619",Kabupaten Bandung,"
0811-2420-687",-6.9121326,107.3008767,Rumah Potong Hewan
Ayam potong CIAWI BROILER,"
3H84+M4P, Gempolsari, Kec. Bandung Kulon, Kota Bandung, Jawa Barat 40215",Kabupaten Bandung,"
0822-1600-2016",-6.9121326,107.3008767,Rumah Potong Hewan
Rumah potong Ayam H Dudung (Ar-Rojhy Broiler),"
Jl. Cilembu, Cilembu, Kec. Pamulihan, Kabupaten Sumedang, Jawa Barat 45365",Kabupaten Bandung,"
0812-8043-8291",-6.9154434,107.5572048,Rumah Potong Hewan
Rumah Potong Ayam,"
Jl. Cikadut No.RT. 07 No. 105, Karang Pamulang, Kec. Mandalajati, Kota Bandung, Jawa Barat 40195",Kabupaten Bandung,"
0878-2212-8657",-6.892636,107.3834059,Rumah Potong Hewan
Lestari Chicken Fresh Bandung,"
Jl. Cijawura Girang III, Sekejati, Kec. Buahbatu, Kota Bandung, Jawa Barat 40286",Kabupaten Bandung,-,-6.892636,107.3834059,Rumah Potong Hewan
Walad Aqiqah - Kandang RPH Bandung,"
Jl. Batusari No.68, Buahbatu, Kec. Bojongsoang, Kabupaten Bandung, Jawa Barat 40287",Kabupaten Bandung,-,-6.892636,107.3834059,Rumah Potong Hewan
Qurban Store Bandung,"
Perumahan Cinangka Harja Jl. Budiman Utama No.5 No. 7, RT.02/RW.05, Pasirwangi, Ujung Berung, Bandung City, West Java 40618",Kabupaten Bandung,"
0822-1915-4045",-6.892636,107.3834059,Rumah Potong Hewan
Pemotongan Ayam HBr. Sumber Sehat,"
Sangkanhurip, Kec. Katapang, Kabupaten Bandung, Jawa Barat 40921",Kabupaten Bandung,-,-6.892636,107.3834059,Rumah Potong Hewan
Rumah potong ayam DAARUSSALAM,"
Cingcin permata indah blok b 109-110 rt 02, Gandasari, Kec. Katapang, Kabupaten Bandung, Jawa Barat rw15",Kabupaten Bandung,"
0896-4852-2117",-6.892636,107.3834059,Rumah Potong Hewan
Kandang Sapi Potong,"
XHJ2+27C Kandang Sapi Mas Paijo, Jl. Sukarajin, Gandasari, Kec. Katapang, Kabupaten Bandung, Jawa Barat 40921",Kabupaten Bandung,-,-6.892636,107.3834059,Rumah Potong Hewan
Kandang Domba Garut A Alo,"
PVJC+HXX, Sukahati, Kec. Cilawu, Kabupaten Garut, Jawa Barat 44181",Kabupaten Garut,-,-7.2685024,107.5840852,Kandang Domba
Kandang Domba Abah Garut,"
RVJ4+G53, Rancabango, Kec. Tarogong Kaler, Kabupaten Garut, Jawa Barat 44151",Kabupaten Garut,-,-7.2685024,107.5840852,Kandang Domba
Peternakan Domba Garut MUTIARA KANDANG FARM,"
RT.001/RW.007, Kp. Kandang, Lewi Kaler, Simpen Kidul, Kec. Balubur Limbangan, Kabupaten Garut, Jawa Barat 45364",Kabupaten Garut,-,-6.9529714,107.6192071,Kandang Domba
Kandang domba kang ahmaf,"
WV55+9HH, Kp Jl. Cilame, Jangkurang, Kec. Leles, Kabupaten Garut, Jawa Barat 44152",Kabupaten Garut,-,-6.9529714,107.6192071,Kandang Domba
Peternakan Domba Garut Pak Idan,"
Padaawas, Kec. Pasirwangi, Kabupaten Garut, Jawa Barat 44161",Kabupaten Garut,"
0852-2135-2748",-7.2086224,107.4778902,Kandang Domba
Peternakan Domba Garut SUBUR MAKMUR,"
Kp Cibitung Rt 02/05, Simpen Kidul, Kec. Balubur Limbangan, Kabupaten Garut, Jawa Barat 44186",Kabupaten Garut,"
0857-9781-3085",-7.030262,107.6370749,Kandang Domba
Kandang grosir domba,"
Kp.cicurug, RT./rw/RW.003/004, Neglasari, Kec. Balubur Limbangan, Kabupaten Garut, Jawa Barat 44186",Kabupaten Garut,"
0823-1571-3265",-7.030262,107.6370749,Kandang Domba
Domba Bodas Farm,"
Kp. Cikaso, RT.04/RW.06, Cigawir, Kec. Selaawi, Kabupaten Garut, Jawa Barat 44187",Kabupaten Garut,"
0857-0059-6022",-7.030262,107.6370749,Kandang Domba
Kandang Domba Haruman jaya satu,"
WWC6+HXP, Jl. Batugede, Cisaat, Kec. Kadungora, Kabupaten Garut, Jawa Barat 44153",Kabupaten Garut,-,-7.030262,107.6370749,Kandang Domba
Peternakan DOMBA GARUT Pak ASEP,"
PV9Q+JFJ, Kp. Kiarajanggot, Dangiang, Kec. Cilawu, Kabupaten Garut, Jawa Barat 44181",Kabupaten Garut,"
0813-2448-4837",-7.2809212,107.6002371,Kandang Domba
Peternakan Domba Garut Sindang Sari,"
Simpen Kidul, Kec. Balubur Limbangan, Kabupaten Garut, Jawa Barat 44186",Kabupaten Garut,"
0821-2080-3836",-7.0285357,107.6340518,Kandang Domba
Adom 98,"
Ciwedang Kp. Gadog No.1, RT.:02 RW:06, Padamulya, Kec. Pasirwangi, Kabupaten Garut, Jawa Barat 44161",Kabupaten Garut,"
0852-2338-8198",-7.0285357,107.6340518,Kandang Domba
Kandang Domba Kamal,"
QW96+CVG, Margawati, Kec. Garut Kota, Kabupaten Garut, Jawa Barat 44113",Kabupaten Garut,"
0895-0595-4242",-7.0285357,107.6340518,Kandang Domba
Kandang domba firman oficial,"
JRCH+83M Kampung ciarileu, Mekarjaya, Kec. Cikajang, Kabupaten Garut, Jawa Barat 44171",Kabupaten Garut,-,-7.3791553,107.5392883,Kandang Domba
KANDANG DOMBA PASIR LAYUNG,"
PH84+F76, Sukalaksana, Kec. Talegong, Kabupaten Garut, Jawa Barat 44167",Kabupaten Garut,"
0812-2990-0593",-7.2838275,107.2672488,Kandang Domba
Kandang domba mang Aep,"
WW62+MQ4, Kp, RT.4/RW.8Kadungora, Citeureup, Kec. Kadungora, Kabupaten Garut, Jawa Barat 44153",Kabupaten Garut,-,-7.0904386,107.616899,Kandang Domba
Kandang kambing Garut,"
PQ9R+6W6, Sirnagalih, Kec. Cisurupan, Kabupaten Garut, Jawa Barat 44163",Kabupaten Garut,"
0852-9464-0529",-7.0904386,107.616899,Kandang Domba
Kandang Domba Sinyo,"
WV55+9HG, Jl. Cilame, Jangkurang, Kec. Leles, Kabupaten Garut, Jawa Barat 40395",Kabupaten Garut,-,-7.0904386,107.616899,Kandang Domba
kandang domba mang Aep,"
VWW9+M6V, Kp Citeureup, RT.04/RW.08, desa talagasari, Kec. Kadungora, Kabupaten Garut, Jawa Barat 44119",Kabupaten Garut,-,-7.0904386,107.616899,Kandang Domba
Domba Garut Akang Farm,"
Karanganyar, Kec. Leuwigoong, Kabupaten Garut, Jawa Barat 44192",Kabupaten Garut,"
0813-3484-4102",-7.0904386,107.616899,Kandang Domba
Kandang Domba Kadungora,"
WW8H+HRQ, RT.03/RW.08, Kp. Pojok, Cikembulan, Kadungora, Garut Regency, West Java 44153",Kabupaten Garut,-,-7.0904386,107.616899,Kandang Domba
Peternakan Domba Garut MGA FARM ( MEGA KURNIA JAYA),"
KP. CIJOLANG, RT.03/RW.09, Ciaro, Kec. Nagreg, Kabupaten Bandung, Jawa Barat 40397",Kabupaten Garut,"
0818-0637-0823",-7.0904386,107.616899,Kandang Domba
Kandang domba Garut saung mangala,"
J6VM+82Q, Setiajaya, Kec. Cibeureum, Kab. Tasikmalaya, Jawa Barat 46115",Kabupaten Garut,-,-7.3566525,107.9442117,Kandang Domba
kandang ternak domba garut pdp_situraja,"
52CF+42J, Jl. Desa Malaka, Malaka, Kec. Situraja, Kabupaten Sumedang, Jawa Barat 45371",Kabupaten Garut,-,-6.8296515,107.7341307,Kandang Domba
Peternakan domba garut,"
Karangmulya, Kec. Kadungora, Kabupaten Garut, Jawa Barat 44151",Kabupaten Garut,"
0823-2088-2088",-7.078172,107.5975562,Kandang Domba
Kandang domba pak wawan,"
Kampung karapiak, Mekarsari, Kec. Selaawi, Kabupaten Garut, Jawa Barat 44187",Kabupaten Garut,"
0822-7234-4697",-7.078172,107.5975562,Kandang Domba
Peternakan Domba Garut HPDKI - Padepokan (PDP) Aji Maheswara,"
QQ56+XP8, Mekarjaya, Kec. Sukaresmi, Kabupaten Garut, Jawa Barat 44163",Kabupaten Garut,"
0877-9000-3001",-7.078172,107.5975562,Kandang Domba
Kandang Domba Lembur Makmur,"
Kp. Pasantren Enom No.02/01, Mekarraya, Kec. Kersamanah, Kabupaten Garut, Jawa Barat 44185",Kabupaten Garut,-,-7.0592331,107.7528161,Kandang Domba
PASAR DOMBA KABUPATEN GARUT,"
PRPC+PHJ, Andir, Mulyasari, Kec. Bayongbong, Kabupaten Garut, Jawa Barat 44162",Kabupaten Garut,"
0813-5119-3600",-7.2631631,107.5329972,Kandang Domba
Peternakan Kambing Perah Pandawa,"
W2W9+G82, Nanjungjaya, Kec. Kersamanah, Kabupaten Garut, Jawa Barat 44185",Kabupaten Garut,"
0897-2268-650",-7.0537344,107.4414896,Peternakan Kambing
"Barqah Farm Layanan Domba Untuk Aqiqah / Qurban, Pembibitan","
Cimalingping, Cintanagara, Kec. Cigedug, Kabupaten Garut, Jawa Barat 44116",Kabupaten Garut,"
0853-1771-9428",-7.0537344,107.4414896,Peternakan Kambing
D&D FARM sapi & kambing,"
Kp cibadak, RT.3/RW.6, Pasirwaru, Kec. Balubur Limbangan, Kabupaten Garut, Jawa Barat 44186",Kabupaten Garut,"
0896-3910-5459",-7.0537344,107.4414896,Peternakan Kambing
Ternak Kambing GARUT,"
Lemah Neundeut Pasir pari No.RT 2, RT.2/RW.1, Bojongkapol, Kec. Bojonggambir, Kabupaten Tasikmalaya, Jawa Barat 46475",Kabupaten Garut,"
0823-1695-4056",-7.6174792,107.3860272,Peternakan Kambing
Kambing bermutu farm,"
VXXV+HVC, Wanakerta, Kec. Cibatu, Kabupaten Garut, Jawa Barat 44185",Kabupaten Garut,"
0896-1575-0906",-7.1010617,107.417854,Peternakan Kambing
Ternak kambing m.udung,"
PR25+X96, Ko.cimuncang, RT.02/RW..07, Cintanagara, Kec. Cigedug, Kabupaten Garut, Jawa Barat 44116",Kabupaten Garut,"
0812-2480-7229",-7.1010617,107.417854,Peternakan Kambing
Setiabudi Farm,"
Kp Babakan, Padasuka, RT.02/RW.06, Cikajang, Kec. Cikajang, Kabupaten Garut, Jawa Barat 44171",Kabupaten Garut,"
0877-2217-6100",-7.1010617,107.417854,Peternakan Kambing
Dani mulia farm,"
PQ9V+52R Kandang kambing Garut, Sirnagalih, Kec. Cisurupan, Kabupaten Garut, Jawa Barat 44163",Kabupaten Garut,"
0852-9464-0529",-7.1010617,107.417854,Peternakan Kambing
Pasar Domba Wanaraja Garut,"
Jl. Talaga Bodas No.676, Wanajaya, Kec. Wanaraja, Kabupaten Garut, Jawa Barat 44183",Kabupaten Garut,-,-7.1010617,107.417854,Peternakan Kambing
H.solihin farm,"
Jl. Rancasawo No.72, Margasari, Kec. Buahbatu, Kota Bandung, Jawa Barat 40286",Kabupaten Garut,"
0853-2088-6102",-6.9545626,107.0943961,Peternakan Kambing
Peternakan Domba Garut Asli Pak Ozon Domba,"
Kp cipanas, RT.4/RW.5, Padaasih, Kec. Cisarua, Kabupaten Bandung Barat, Jawa Barat 40551",Kabupaten Garut,"
0821-3053-1791",-6.9545626,107.0943961,Peternakan Kambing
PT. Agro Investama Malangbong,"
Kp. Ciwalur, Mekarasih, Kec. Malangbong, Kabupaten Garut, Jawa Barat 44188",Kabupaten Garut,"
0823-2039-0178",-7.0240708,107.5065862,Peternakan Kambing
RAHMAH Aqiqah Garut,"
Jl. Bratayuda No.129 A, Kota Kulon, Kec. Garut Kota, Kabupaten Garut, Jawa Barat 44112",Kabupaten Garut,"
0852-1015-1800",-7.2291947,107.7657535,Aqiqah
Aqiqah Garut Nurul Hayat,"
Pertigaan Pasar Ciawitali, Jl. Merdeka No.169, Jayaraga, Kec. Tarogong Kidul, Kabupaten Garut, Jawa Barat 44151",Kabupaten Garut,"
0878-5300-0101",-7.2291947,107.7657535,Aqiqah
Aqiqah di Garut Dapur Aqiqah,"
Jl. Bratayuda Kp No.114, Kota Kulon, Wanasari, Kabupaten Garut, Jawa Barat 44112",Kabupaten Garut,"
0852-2180-8015",-7.2291947,107.7657535,Aqiqah
Gold Aqiqah Garut,"
Jl. Cikole, Wanasari, Kec. Wanaraja, Kabupaten Garut, Jawa Barat 44180",Kabupaten Garut,"
0812-1200-6434",-7.2291947,107.7657535,Aqiqah
AQIQAH GARUT,"
belakang Jl. Talaga Bodas No.22, Wanamekar, Kec. Wanaraja, Kabupaten Garut, Jawa Barat 44183",Kabupaten Garut,"
0822-1887-2646",-7.1740071,107.8387351,Aqiqah
Bani Aqiqah Garut,"
Kp, Cirengit, RT.03/RW.01, Mekargalih, Kec. Tarogong Kidul, Kabupaten Garut, Jawa Barat 44151",Kabupaten Garut,"
0811-1111-3073",-7.202143,107.7285934,Aqiqah
AQIQAH RAJA SATE,"
Jl. Otista No.360, Pasawahan, Kec. Tarogong Kaler, Kabupaten Garut, Jawa Barat 44151",Kabupaten Garut,"
0852-6535-4792",-7.202143,107.7285934,Aqiqah
Aqiqah Garut by Kamayel's BBQ,"
Perum Bumi, Asri Jl. Rancabango, RT.01/RW.07, Cimanganten, Kec. Tarogong Kaler, Kabupaten Garut, Jawa Barat 44151",Kabupaten Garut,"
0881-0239-01763",-7.202143,107.7285934,Aqiqah
Aqiqah Garut Kang Asep,"
Perumahan Bumi Cimanganten Asri jalan Rancabango kaler no 17 RT 001/007 Kelurahan: Cimanganten Kec:, Langensari, Kec. Tarogong Kaler, Kabupaten Garut, Jawa Barat 44151",Kabupaten Garut,"
0822-1650-3666",-7.202143,107.7285934,Aqiqah
MADANI AQIQAH GARUT,"
Jl. Bratayuda No.129 A, Kota Kulon, Kec. Garut Kota, Kabupaten Garut, Jawa Barat 44112",Kabupaten Garut,"
0852-2055-7786",-7.202143,107.7285934,Aqiqah
Saung AQiQah Ula cibatu garut,"
KP.PEUTEUY No.RT 01, RT.01/RW.05, Sindangsuka, Kec. Cibatu, Kabupaten Garut, Jawa Barat 44185",Kabupaten Garut,"
0852-2414-4543",-7.0542557,107.8345413,Aqiqah
Pondok Aqiqah Garut,"
RW52+WGX Pondok Aqiqah Garut, Jl. Suherman, Jayaraga, Kec. Tarogong Kidul, Kabupaten Garut, Jawa Barat 44151",Kabupaten Garut,-,-7.190131,107.7571743,Aqiqah
AQIQAH GARUT TAROGONG,"
Jl. Alun-Alun, Tarogong, Kec. Tarogong Kaler, Kabupaten Garut, Jawa Barat 44150",Kabupaten Garut,"
0856-2406-0189",-7.190131,107.7571743,Aqiqah
Lubna Aqiqah,"
Ruko KBIH Ummul Quro, Jl. Guntur Melati Sebrang Bunderan Kerkof, Haurpanggung, Kec. Tarogong Kidul, Kabupaten Garut, Jawa Barat 44151",Kabupaten Garut,"
0812-2019-3174",-7.190131,107.7571743,Aqiqah
AQIQAH BANYURESMI,"
Cipicung, Kec. Banyuresmi, Kabupaten Garut, Jawa Barat 44191",Kabupaten Garut,"
0822-1887-2646",-7.190131,107.7571743,Aqiqah
Sentra Aqiqah Nusantara cabang Garut,"
Jl. Cikole, Wanasari, Kec. Wanaraja, Kabupaten Garut, Jawa Barat 44183",Kabupaten Garut,"
0878-8327-0863",-7.1700438,107.8360321,Aqiqah
AQIQAH KARANGPAWITAN,"
LAPANGAN NAGROG, Godog, Kec. Karangpawitan, Kabupaten Garut, Jawa Barat 44182",Kabupaten Garut,"
0856-2406-0189",-7.1700438,107.8360321,Aqiqah
SAE AQIQAH,"
RW2W+49W, Sindanglaya, Kec. Karangpawitan, Kabupaten Garut, Jawa Barat 44182",Kabupaten Garut,"
0853-2295-1525",-7.1700438,107.8360321,Aqiqah
AQIQAH CIBATU,"
Jl. Alun-alun Cibatu, Cibatu, Kec. Cibatu, Kabupaten Garut, Jawa Barat 44185",Kabupaten Garut,"
0856-2406-0189",-7.1700438,107.8360321,Aqiqah
Aqiqah Green Garut,"
Jl. Raya Samarang No.105, Mekargalih, Kec. Tarogong Kaler, Kabupaten Garut, Jawa Barat 44151",Kabupaten Garut,"
0822-1572-5599",-7.2107732,107.7150589,Aqiqah
Kambing Guling & Aqiqah R Haris Garut,"
Jl. Raya Kadungora No.26, Karangtengah, Kec. Kadungora, Kabupaten Garut, Jawa Barat 44153",Kabupaten Garut,"
0811-2440-366",-7.0734297,107.7544463,Aqiqah
Jawara Aqiqah (Layanan Aqiqah siap saji dan Kurban),"
Cireungit, Jl. Tanjakan No.87, RT.03 RW01, Mekargalih, Kec. Tarogong Kidul, Kabupaten Garut, Jawa Barat 44151",Kabupaten Garut,"
0812-2497-3773",-7.2021507,107.728618,Aqiqah
Catering Kambing Guling Kang Asep,"
Kp Negla Rt 03 /06, Pananjung, Kec. Tarogong Kaler, Kabupaten Garut, Jawa Barat 44151",Kabupaten Garut,"
0822-1650-3666",-7.2021507,107.728618,Aqiqah
Kandang Aqiqah dan qurban,"
Jl. Hampor Sebelah SMP 4 No.Dalam, Sukagalih, Kec. Tarogong Kidul, Kabupaten Garut, Jawa Barat 44151",Kabupaten Garut,-,-7.2021507,107.728618,Aqiqah
Aqiqah Photografy,"
Cinunuk No.17, Sadang, Kec. Sucinaraja, Kabupaten Garut, Jawa Barat 44115",Kabupaten Garut,"
0853-1586-2510",-7.1867788,107.8301749,Aqiqah
Siraja Halal Penyedia Domba,"
Jl. Cikendal No.371, Wanamekar, Kec. Wanaraja, Kabupaten Garut, Jawa Barat 44183",Kabupaten Garut,"
0895-2562-3202",-7.1867788,107.8301749,Aqiqah
DT Aqiqah Ciparay Bandung Selatan,"
Kp Jl. Cimariuk No.49, RT.002/RW.018, Manggungharja, Kec. Ciparay, Kabupaten Bandung, Jawa Barat 40381",Kabupaten Garut,-,-7.0431994,107.5760543,Aqiqah
Aqiqah Ciparay Mulya aqiqah,"
Rt01/RW03, Kp gunung leutik, Gg. Rosyid No.N 0, 13Ciparay, Kec. Ciparay, Kabupaten Bandung, Jawa Barat 40381",Kabupaten Garut,"
0821-2386-5134",-7.0431994,107.5760543,Aqiqah
Cimanuk Food Market,"
Jl. Rsu DR. Slamet No.69, Sukakarya, Kec. Garut Kota, Kabupaten Garut, Jawa Barat 44151",Kabupaten Garut,"
0812-2255-5882",-7.2190533,107.7548024,Aqiqah
Cerdas Aqiqah Bandung Raya,"
XRG9+G8W, Cihanyir, Kec. Cikancung, Kabupaten Bandung, Jawa Barat 40396",Kabupaten Garut,"
0857-0101-0801",-7.0236379,107.6741397,Aqiqah
Aqiqah Garut Az-zahra,-,Kabupaten Garut,"
0812-2933-3509",-7.3433252,107.6339578,Aqiqah
Niaga Karya Mandiri ( NK Catering ),"
Sukagalih, Kec. Tarogong Kidul, Kabupaten Garut, Jawa Barat 44151",Kabupaten Garut,"
0822-1736-5857",-7.2027192,107.7371022,Aqiqah
Ratu Qurban Dan Aqiqah,"
PV9M+R43, kp cisaat, Mekarmukti, Cilawu, Garut Regency, West Java 44181",Kabupaten Garut,"
0853-2154-4411",-7.2027192,107.7371022,Aqiqah
Rumah Potong Ayam ARB,"
Kp. Cicariu, RT.005/RW.004, Jati, Kec. Tarogong Kaler, Kabupaten Garut, Jawa Barat 44151",Kabupaten Garut,"
0812-2405-8300",-7.184308,107.3298948,Rumah Potong Hewan
Rumah Potong Hewan Singaparna,"
M45P+887, Jl. Hudaya, Cintaraja, Kec. Singaparna, Kabupaten Tasikmalaya, Jawa Barat 46417",Kabupaten Garut,-,-7.184308,107.3298948,Rumah Potong Hewan
RPA (Rumah Potong Ayam) BUHJ Daging Putra Mandiri,"
Jl. Raya Wado - Malangbong No.54, RT.01/RW.04, Malangbong, Kec. Malangbong, Kabupaten Garut, Jawa Barat 44188",Kabupaten Garut,"
0813-2078-9499",-7.184308,107.3298948,Rumah Potong Hewan
Rumah Potong Halal Aqiqah Garut,"
QQJ5+7C9, Kp. Babakan Palah, RT.04/RW.01, Karyamekar, Kec. Pasirwangi, Kabupaten Garut, Jawa Barat 44161",Kabupaten Garut,-,-7.184308,107.3298948,Rumah Potong Hewan
PT. Sidoagung Foods Processing,"
Jl. H. Hasan Arif, Sukasenang, Kec. Banyuresmi, Kabupaten Garut, Jawa Barat 44191",Kabupaten Garut,"
0811-9575-888",-7.184308,107.3298948,Rumah Potong Hewan
Rumah Potong Ayam Sumber Berkah Garut Kota,"
Jl. Cimanuk Kp. Kaum, Lebak, Paminggir, Kec. Garut Kota, Kabupaten Garut, Jawa Barat 44118",Kabupaten Garut,"
0895-3718-66234",-7.184308,107.3298948,Rumah Potong Hewan
drh.Ibnu M. GARUT PETS CARE CENTER,"
Jl. Patriot Dalam I No.70, RT.05/RW.06, Sukagalih, Kec. Tarogong Kidul, Kabupaten Garut, Jawa Barat 44151",Kabupaten Garut,"
0857-2520-7285",-7.184308,107.3298948,Rumah Potong Hewan
RPA MULYA JAYA - RUMAH POTONG HEWAN UNGGAS,"
Kp Gg. Bungursari, RT.004/RW.006, Sindangherang, Kec. Panumbangan, Kabupaten Ciamis, Jawa Barat 46263",Kabupaten Garut,"
0812-2149-9200",-7.1242124,107.6469712,Rumah Potong Hewan
RUMAH USEP1933,"
Kp Jati Peuntas 05/04 ds, Cikembulan, Kec. Kadungora, Kabupaten Garut, Jawa Barat 44153",Kabupaten Garut,"
0813-1709-9773",-7.0837869,107.3416763,Rumah Potong Hewan
Manda Petcare - Praktik Dokter Hewan drh. Anandita Nurul,"
Perumahan Intan Regency Blok H No. 12, Tarogong, Kec. Tarogong Kidul, Kabupaten Garut, Jawa Barat 44151",Kabupaten Garut,"
0857-3560-7604",-7.0837869,107.3416763,Rumah Potong Hewan
Rumah Potong Hewan Cipancuh,"
Cipancuh, Kec. Haurgeulis, Kabupaten Indramayu, Jawa Barat 45264",Kabupaten Garut,"
0813-2835-3001",-6.4518707,107.3596982,Rumah Potong Hewan
Kandang domba Themyth Galunggung,"
P5CF+JHH, Sukagalih, Kec. Sukaratu, Kabupaten Tasikmalaya, Jawa Barat 46415",Kabupaten Tasikmalaya,"
0823-2081-4888",-7.2784308,107.5972157,Kandang Domba
Kandang Domba Taqi Farm,"
Kp. Rancakoret, Cipawitra, Kec. Mangkubumi, Kabupaten Tasikmalaya, Jawa Barat 46415",Kabupaten Tasikmalaya,-,-7.2784308,107.5972157,Kandang Domba
Kandang Domba poniran,"
HCH4+MH, Karangjaya, Kec. Karangjaya, Kabupaten Tasikmalaya, Jawa Barat 46198",Kabupaten Tasikmalaya,"
0895-2714-7915",-7.2784308,107.5972157,Kandang Domba
Kiwari Farm House - Peternakan Domba dan Kelinci (Kandang Romo),"
Parakannyasag, Kec. Indihiang, Kab. Tasikmalaya, Jawa Barat 46151",Kabupaten Tasikmalaya,-,-7.2784308,107.5972157,Kandang Domba
Pusat Domba,"
Agarunggang Kel, Pasirsalam, Kec. Mangunreja, Kabupaten Tasikmalaya, Jawa Barat 46462",Kabupaten Tasikmalaya,"
0821-1420-4693",-7.2784308,107.5972157,Kandang Domba
Kandang Domba Kharisma Tani,"
Kp.Rancailat Galunggung, Mekarjaya, Kec. Padakembang, Kabupaten Tasikmalaya, Jawa Barat 46466",Kabupaten Tasikmalaya,"
0812-2049-2610",-7.2784308,107.5972157,Kandang Domba
Kandang Domba Nurul Hayat,"
P632+GHM, Jl. Raya Indihiang, Indihiang, Pasar Rebo, Kab. Tasikmalaya, Jawa Barat 46151",Kabupaten Tasikmalaya,-,-7.2784308,107.5972157,Kandang Domba
Gudang Domba Tasikmalaya,"
Jl. Letnan Dadi Suryatman No.34, Sukamanah, Kec. Cipedes, Kab. Tasikmalaya, Jawa Barat 46131",Kabupaten Tasikmalaya,-,-7.2784308,107.5972157,Kandang Domba
Kandang domba mang lili,"
J927+FHR, Cijulang, Kec. Cineam, Kabupaten Tasikmalaya, Jawa Barat 46198",Kabupaten Tasikmalaya,"
0823-2039-0572",-7.2784308,107.5972157,Kandang Domba
Kandang Domba Aqiqah Tazkiyah,"
Jl. Raya Indihiang, Indihiang, Pasar Rebo, Kab. Tasikmalaya, Jawa Barat 46151",Kabupaten Tasikmalaya,"
0852-1215-0205",-7.2784308,107.5972157,Kandang Domba
kandang domba kang usman,"
Jl. Cikondang, RT.03 RW01/RW.Dusun Rahayu, Cineam, Kec. Cineam, Kabupaten Tasikmalaya, Jawa Barat 46198",Kabupaten Tasikmalaya,"
0853-1570-3227",-7.2784308,107.5972157,Kandang Domba
Kandang Domba Mang Adang,"
M6R4+3P7, Cipedes, Kec. Cipedes, Kab. Tasikmalaya, Jawa Barat 46151",Kabupaten Tasikmalaya,"
0813-2333-57457",-7.2784308,107.5972157,Kandang Domba
Kandang Domba Gembira,"
Perum Mitra Batik, Kompleks Lingkar Industri Kecil (LIK, Jl. Batik Parada No.E. 155, Mulyasari, Kec. Tamansari, Kab. Tasikmalaya, Jawa Barat 46196",Kabupaten Tasikmalaya,"
0851-5811-5962",-7.2784308,107.5972157,Kandang Domba
Peternakan Domba,"
J2RF+534, Pusparaja, Kec. Cigalontang, Kabupaten Tasikmalaya, Jawa Barat 46463",Kabupaten Tasikmalaya,"
0852-2241-7088",-7.2784308,107.5972157,Kandang Domba
Peternakan kambing dan domba BERKAH ( H.ICANG),"
Jl. Padati No.132, RT.001, Gunajaya, Kec. Tamansari, Kab. Tasikmalaya, Jawa Barat 46196",Kabupaten Tasikmalaya,"
0813-1377-5979",-7.2784308,107.5972157,Kandang Domba
Kandang domba mas adang,"
J426+4W3, Jl. Inpres Gunung Payung, Sukanagara, Kec. Tanjungjaya, Kabupaten Tasikmalaya, Jawa Barat 46184",Kabupaten Tasikmalaya,-,-7.2784308,107.5972157,Kandang Domba
Kandang domba mang bening,"
M58V+PV3, Kp Jl. Peundeuy, Linggajaya, Kec. Mangkubumi, Kab. Tasikmalaya, Jawa Barat 46181",Kabupaten Tasikmalaya,-,-7.2784308,107.5972157,Kandang Domba
Kandang domba kuring,"
84XV+F49, Karangnunggal, Kec. Karangnunggal, Kabupaten Tasikmalaya, Jawa Barat 46186",Kabupaten Tasikmalaya,-,-7.2784308,107.5972157,Kandang Domba
MH KANDANG,"
J3R7+5XC, Nangerang, Kec. Cigalontang, Kabupaten Tasikmalaya, Jawa Barat 46463",Kabupaten Tasikmalaya,"
0821-1658-5256",-7.2784308,107.5972157,Kandang Domba
Peternakan Domba Racing,"
C4Q3+VHC, Kp Jompong, RT.006/RW.RT 002, Mertajaya, Kecamatan, Kabupaten Tasikmalaya, Jawa Barat 46475",Kabupaten Tasikmalaya,"
0823-4567-7616",-7.2784308,107.5972157,Kandang Domba
Peternakan Domba Garut,"
Kp. Bebedahan /Sukamaju Rt 03/07, Sukasukur, Kec. Mangunreja, Kabupaten Tasikmalaya, Jawa Barat 46462",Kabupaten Tasikmalaya,"
0852-1834-2915",-7.2784308,107.5972157,Kandang Domba
Sumber Domba Farm,"
J99C+4QQ, Rajadatu, Kec. Cineam, Kabupaten Tasikmalaya, Jawa Barat 46198",Kabupaten Tasikmalaya,"
0857-9724-7406",-7.2784308,107.5972157,Kandang Domba
Kandang domba garut,"
W9PF+829, Sadapaingan, Kec. Panawangan, Kabupaten Ciamis, Jawa Barat 46255",Kabupaten Tasikmalaya,-,-7.2784308,107.5972157,Kandang Domba
"pak OLEH DOMBA (sedia Hewan Kurban, Akikah, Dll)","
Q5V7+FQ6, Sukaraja, Kec. Rajapolah, Kabupaten Tasikmalaya, Jawa Barat 46175",Kabupaten Tasikmalaya,"
0822-5836-2478",-7.2784308,107.5972157,Kandang Domba
Humaira Farm / Kandang Domba,"
94HV+QW4, Karangmekar, Kec. Karangnunggal, Kabupaten Tasikmalaya, Jawa Barat 46186",Kabupaten Tasikmalaya,-,-7.2784308,107.5972157,Kandang Domba
Kandang Domba Santika Farm,"
Dsn. Cicalung, Cilembu, Kec. Pamulihan, Kabupaten Sumedang, Jawa Barat 45363",Kabupaten Tasikmalaya,"
0851-5627-2325",-6.9118312,107.2763021,Kandang Domba
Abah farm,"
Cijeruk girang, Cibeuti, Kec. Kawalu, Kab. Tasikmalaya, Jawa Barat 46182",Kabupaten Tasikmalaya,"
0853-1985-1990",-7.3773997,107.6135865,Peternakan Kambing
Asta Farm Tasikmalaya,"
Asta pasir, RT.03/RW.10, Cibeuti, Kec. Kawalu, Kab. Tasikmalaya, Jawa Barat 46182",Kabupaten Tasikmalaya,"
0852-1055-5011",-7.3773997,107.6135865,Peternakan Kambing
Susu Kambing Etawa Asli,"
Jl.Ciseda,RT03/RW,02, Sukaasih, Kec. Singaparna, Kabupaten Tasikmalaya, Jawa Barat 46415",Kabupaten Tasikmalaya,"
0812-2048-7406",-7.3773997,107.6135865,Peternakan Kambing
Peternakan Domba Kambing,"
kp cikidang samping SMAn Cipatujah, RT.9/RW.3, Cipatujah, Kec. Cipatujah, Kabupaten Tasikmalaya, Jawa Barat 46189",Kabupaten Tasikmalaya,"
0821-2793-2888",-7.3773997,107.6135865,Peternakan Kambing
DUA FARM,"
KP.BABAKAN TUNDUN, Sukaluyu, Kec. Mangunreja, Kabupaten Tasikmalaya, Jawa Barat 46462",Kabupaten Tasikmalaya,"
0812-1494-2343",-7.3773997,107.6135865,Peternakan Kambing
Peternakan kambing perah,"
Kp. Babakan tundun, Sukaluyu, Kec. Mangunreja, Kabupaten Tasikmalaya, Jawa Barat 46462",Kabupaten Tasikmalaya,"
0812-9160-2628",-7.3773997,107.6135865,Peternakan Kambing
DWF Kambing Perah,"
C53X+PX4, Setiawaras, Kec. Cibalong, Kabupaten Tasikmalaya, Jawa Barat 46185",Kabupaten Tasikmalaya,"
0812-5151-0226",-7.3773997,107.6135865,Peternakan Kambing
Peternakan Sapi dan Kambing,"
Cihaur, Kec. Manonjaya, Kabupaten Tasikmalaya, Jawa Barat 46197",Kabupaten Tasikmalaya,"
0857-1652-3461",-7.3773997,107.6135865,Peternakan Kambing
Peternakan kambing Bandung,"
P6JH+2QJ, Dusun sukamaju, RT.30 Rw08, Budiharja, Kec. Sindangkasih, Kabupaten Ciamis, Jawa Barat 46268",Kabupaten Tasikmalaya,-,-7.3773997,107.6135865,Peternakan Kambing
Peternakan Kambing DOVQ Putra,"
C632+566, Setiawaras, Kec. Cibalong, Kabupaten Tasikmalaya, Jawa Barat 46185",Kabupaten Tasikmalaya,-,-7.3773997,107.6135865,Peternakan Kambing
Susu Kambing Etawa & Padi Organik Cisayong,"
Jl. Raya Cisayong Gang Mbah Raki No.165, Cisayong, Kec. Cisayong, Kabupaten Tasikmalaya, Jawa Barat 46153",Kabupaten Tasikmalaya,"
0822-4082-1992",-7.3773997,107.6135865,Peternakan Kambing
Susu Kambing Fresh Ar-Rohim Farm,"
J4QG+P4Q Kp. Sukawangi, RT.30/RW.03, Sukarame, Kec. Sukarame, Kabupaten Tasikmalaya, Jawa Barat 46461",Kabupaten Tasikmalaya,"
0812-2221-9929",-7.3773997,107.6135865,Peternakan Kambing
Nugraha92 Farm Jual Beli Domba dan Kambing,"
KP SUKASIRNA, RT.002/RW.001, Manonjaya, Kec. Manonjaya, Kabupaten Tasikmalaya, Jawa Barat 46197",Kabupaten Tasikmalaya,"
0853-1605-5142",-7.3773997,107.6135865,Peternakan Kambing
Jual-Beli kambing dan domba( BERDIKARI FARM),"
M642+7JX, Jl. Mayor S.L. Tobing, Sambongpari, Kec. Mangkubumi, Kab. Tasikmalaya, Jawa Barat 46181",Kabupaten Tasikmalaya,-,-7.3773997,107.6135865,Peternakan Kambing
"CV. TABINA (GROSIR DOGAR,BIBIT,AQIQAH TASIKMALAYA)","
Karikil, Kec. Mangkubumi, Kab. Tasikmalaya, Jawa Barat 46181",Kabupaten Tasikmalaya,-,-7.3773997,107.6135865,Peternakan Kambing
Peternakan Domba KSM Tanjungpura Berdikari,"
Kp. Tanjung RT/RW 02/05, Tanjungpura, Kec. Rajapolah, Kabupaten Tasikmalaya, Jawa Barat 46175",Kabupaten Tasikmalaya,"
0823-1144-3513",-7.3773997,107.6135865,Peternakan Kambing
Peternakan Domba Garut Ciawi,"
V42W+RJF, Jl. Raya Ciawi, Kurniabakti, Kec. Ciawi, Kabupaten Tasikmalaya, Jawa Barat 40156",Kabupaten Tasikmalaya,"
0823-1939-4001",-7.3773997,107.6135865,Peternakan Kambing
peternakan entok dan domba Garut Tasikmalaya,"
kp.Sukamukti, RT.2/RW.4, Sukaresik, Kec. Sukaresik, Kabupaten Tasikmalaya, Jawa Barat 46471",Kabupaten Tasikmalaya,"
0878-0919-4950",-7.3773997,107.6135865,Peternakan Kambing
Kandang Fadhila Aqiqah,"
Jl. Raya Indihiang, Indihiang, Pasar Rebo, Kab. Tasikmalaya, Jawa Barat 46151",Kabupaten Tasikmalaya,"
0852-9459-4114",-7.3773997,107.6135865,Peternakan Kambing
Pasar Hewan Ternak Manonjaya,"
J7XW+2X6, Jalan Raya, Manonjaya, Tasikmalaya Regency, West Java 46197",Kabupaten Tasikmalaya,"
0899-4999-9623",-7.3773997,107.6135865,Peternakan Kambing
"Perternakan kambing bpk H,sahili","
J7XW+2X6, Jalan Raya, Manonjaya, Tasikmalaya Regency, West Java 46197",Kabupaten Tasikmalaya,"
0899-4999-9623",-7.3773997,107.6135865,Peternakan Kambing
FADHILA AQIQAH PUSAT TASIKMALAYA,"
2 Blok G14A, Perum Jl. Wijaya Permai, Kahuripan, Kec. Tawang, Kab. Tasikmalaya, Jawa Barat 46115",Kabupaten Tasikmalaya,"
0852-9459-4114",-7.3530796,107.6506432,Aqiqah
Syasya Aqiqah Tasikmalaya,"
Perum Bumi Lestari Blok C No. 60, Sambongjaya, Kec. Mangkubumi, Kab. Tasikmalaya, Jawa Barat 46181",Kabupaten Tasikmalaya,"
0852-2069-0812",-7.3530796,107.6506432,Aqiqah
MADANI AQIQAH & CATERING,"
Jl. Depok, Sukajaya, Kec. Purbaratu, Kab. Tasikmalaya, Jawa Barat 46196",Kabupaten Tasikmalaya,"
0821-1979-9909",-7.3530796,107.6506432,Aqiqah
Aqiqah Tasikmalaya Nurul Hayat,"
Jl. Asrama Nyantong Depan Asia Plaza No.3, Kahuripan, Kec. Tawang, Kab. Tasikmalaya, Jawa Barat 46115",Kabupaten Tasikmalaya,"
0878-5300-0101",-7.3530796,107.6506432,Aqiqah
Aqiqah Tazkiyah Singaparna,"
M428+4V8, Sukamulya, Kec. Singaparna, Kabupaten Tasikmalaya, Jawa Barat 46416",Kabupaten Tasikmalaya,"
0852-1215-0205",-7.3530796,107.6506432,Aqiqah
Wanjera Aqiqah & Catering,"
jalan kp.pancatengah, Jl. Karikil, RT.02/RW.06, Karikil, Kec. Mangkubumi, Kab. Tasikmalaya, Jawa Barat 46181",Kabupaten Tasikmalaya,-,-7.3530796,107.6506432,Aqiqah
Nurul Qolbi Aqiqah Tasikmalaya,"
Kp. Gunung Ranji No. 81 Rt/Rw:003/014, Karsamenak, Kec. Kawalu, Kab. Tasikmalaya, Jawa Barat 46182",Kabupaten Tasikmalaya,-,-7.3530796,107.6506432,Aqiqah
Dapur Aqiqah Tasik,"
Mangkubumi, Kec. Mangkubumi, Kab. Tasikmalaya, Jawa Barat 46181",Kabupaten Tasikmalaya,"
0821-1144-6060",-7.3530796,107.6506432,Aqiqah
Sentra Aqiqah Tasikmalaya,"
Jl. Situ Gede No.20, Tuguraja, Kec. Cihideung, Kab. Tasikmalaya, Jawa Barat 46125",Kabupaten Tasikmalaya,"
0852-2079-9660",-7.3530796,107.6506432,Aqiqah
ADZIMAH AQIQAH TASIKMALAYA,"
Jl. Pasir Angin, Sukajaya, Kec. Purbaratu, Kab. Tasikmalaya, Jawa Barat 46196",Kabupaten Tasikmalaya,"
0853-2378-6721",-7.3530796,107.6506432,Aqiqah
Nazeem Aqiqah,"
Sindanggalih, Karikil, Kec. Mangkubumi, Kab. Tasikmalaya, Jawa Barat 46181",Kabupaten Tasikmalaya,"
0852-2249-2922",-7.3530796,107.6506432,Aqiqah
Aqiqah Qurban Tasikmalaya,-,Kabupaten Tasikmalaya,"
0851-5606-1410",-7.3530796,107.6506432,Aqiqah
Jasa Aqiqah Rajapolah Tasikmalaya,"
Unnamed Road, Sukaraja, Rajapolah, Tasikmalaya Regency, West Java 46175",Kabupaten Tasikmalaya,"
0877-3801-8832",-7.3530796,107.6506432,Aqiqah
Aqiqah Antassalam Tasikmalaya,"
Jl. Tamansari Dekat Bunderan Gobras No.46, Sukahurip, Kec. Tamansari, Kab. Tasikmalaya, Jawa Barat 46196",Kabupaten Tasikmalaya,"
0895-0921-4094",-7.3530796,107.6506432,Aqiqah
AQIQAH TERDEKAT AKIKAHKITA,"
M796+62W, Jl. Depok, Sukajaya, Kec. Purbaratu, Kab. Tasikmalaya, Jawa Barat 46196",Kabupaten Tasikmalaya,"
0821-1120-8008",-7.3530796,107.6506432,Aqiqah
Aqiqah Murah Tasikmalaya (Pondok Domba Karikil),"
Sindanggalih, RT.03/RW.,06, Karikil, Kec. Mangkubumi, Kab. Tasikmalaya, Jawa Barat 46181",Kabupaten Tasikmalaya,"
0813-2300-8067",-7.3530796,107.6506432,Aqiqah
Katering Kambing Guling dan Aqiqah Tasikmalaya,"
Kp Jl. Anggaraja, RT.02/RW.09, Cikunir, Kec. Singaparna, Kabupaten Tasikmalaya, Jawa Barat 46418",Kabupaten Tasikmalaya,"
0851-8372-1123",-7.3530796,107.6506432,Aqiqah
Hamzah Aqiqah Tasikmalaya,"
Jl. Bahtera Madya Residence, Bantarsari, Kec. Bungursari, Kab. Tasikmalaya, Jawa Barat 46151",Kabupaten Tasikmalaya,"
0819-9222-4292",-7.3530796,107.6506432,Aqiqah
Izi Aqiqah Tasikmalaya,"
Perum Gunung Ranji, Blok A5, Karsamenak, Kec. Kawalu, Kab. Tasikmalaya, Jawa Barat 46182",Kabupaten Tasikmalaya,"
0812-9646-0970",-7.3530796,107.6506432,Aqiqah
alghani aqiqah tasik,"
M54G+4VC, Jl. AH Nasution, Cipari, Kec. Mangkubumi, Kab. Tasikmalaya, Jawa Barat 46181",Kabupaten Tasikmalaya,-,-7.3530796,107.6506432,Aqiqah
Kambing guling kabita | Aqiqah | Qurban,"
Gununganten No.001/005, Cukangkawung, Kec. Sodonghilir, Kabupaten Tasikmalaya, Jawa Barat 46473",Kabupaten Tasikmalaya,"
0857-1963-8296",-7.3530796,107.6506432,Aqiqah
Aqiqah Tazkiyah Tasikmalaya,"
Gg. Hasbulloh, RT.02/RW.16, Kahuripan, Kec. Tawang, Kab. Tasikmalaya, Jawa Barat 46115",Kabupaten Tasikmalaya,"
0852-1215-0205",-7.3530796,107.6506432,Aqiqah
DT Aqiqah Tasikmalaya,"
Perumahan Sirnagalih Residence Blok E 27, RT.06/RW.04, Sirnagalih, Kec. Indihiang, Kab. Tasikmalaya, Jawa Barat 46151",Kabupaten Tasikmalaya,"
0822-4015-0087",-7.3530796,107.6506432,Aqiqah
Aryni Aqiqah Tasikmalaya,"
Perum Baitul Marhamah 3 No. C49, Bantarsari, Kec. Bungursari, Kab. Tasikmalaya, Jawa Barat 46182",Kabupaten Tasikmalaya,"
0823-1665-6126",-7.3530796,107.6506432,Aqiqah
AQIQAH GN TANJUNG TASIKMALAYA,"
H7XP+H4V, Gunungtanjung, Kec. Gunungtanjung, Kabupaten Tasikmalaya, Jawa Barat 46418",Kabupaten Tasikmalaya,"
0823-2119-7709",-7.3530796,107.6506432,Aqiqah
AKIKAHKITA TASIKMALAYA,"
Purbaratu, Kec. Purbaratu, Kab. Tasikmalaya, Jawa Barat 46196",Kabupaten Tasikmalaya,"
0821-1979-9909",-7.3530796,107.6506432,Aqiqah
AQIQAH AMPERA TASIKMALAYA,"
Jl. Hanura No. 28, Sukamaju No.1 Kel, Panglayungan, Kec. Cipedes, Kab. Tasikmalaya, Jawa Barat 46134",Kabupaten Tasikmalaya,"
0822-1401-5610",-7.3530796,107.6506432,Aqiqah
Aqiqah Nunia Tasikmalaya,"
Perum GSR, Blok A11, Sukarindik, Bungursari, Tasikmalaya Regency, West Java 46151",Kabupaten Tasikmalaya,"
0815-6460-7637",-7.3530796,107.6506432,Aqiqah
Aqiqah Musafia,"
Perum Grand Sukarindik Regency No.A.11, Sukarindik, Kec. Bungursari, Kab. Tasikmalaya, Jawa Barat 46151",Kabupaten Tasikmalaya,"
0821-4828-6732",-7.3530796,107.6506432,Aqiqah
Madani Aqiqah Singaparna,"
KP. BOJONGGAOK, RT./RW/RW.001/005, Sukaherang, Kec. Singaparna, Kabupaten Tasikmalaya, Jawa Barat 46413",Kabupaten Tasikmalaya,"
0853-2245-1924",-7.3530796,107.6506432,Aqiqah
Baraya Aqiqah,"
P632+HGQ, Indihiang, Kec. Indihiang, Kab. Tasikmalaya, Jawa Barat 46151",Kabupaten Tasikmalaya,"
0813-2037-0615",-7.3530796,107.6506432,Aqiqah
"kambing guling kabita, aqiqah, qurban","
Jl pesanggrahan No.011, Sirnagalih, Kec. Indihiang, Kab. Tasikmalaya, Jawa Barat 46151",Kabupaten Tasikmalaya,"
0823-3801-3914",-7.3530796,107.6506432,Aqiqah
Pusat Aqiqah & Qurban Tasikmalaya,"
J6MC+346, Jl. Babakan Tengah, Karsamenak, Kec. Kawalu, Kab. Tasikmalaya, Jawa Barat 46182",Kabupaten Tasikmalaya,"
0823-2097-5118",-7.3530796,107.6506432,Aqiqah
Ummi Aqiqah,"
Karang anyar 3, Cipondok, Kec. Sukaresik, Kabupaten Tasikmalaya, Jawa Barat 46419",Kabupaten Tasikmalaya,"
0813-5760-0951",-7.3530796,107.6506432,Aqiqah
Ridho Manah Aqiqah,"
Kp. Cidadap, Desa Jatihurip pagendingan, Jatihurip, Kec. Cisayong, Kabupaten Tasikmalaya, Jawa Barat 46153",Kabupaten Tasikmalaya,"
0812-1186-8900",-7.3530796,107.6506432,Aqiqah
Berkah Jaya Aqiqah,"
Kp. Cidadap, Desa Jatihurip pagendingan, Jatihurip, Kec. Cisayong, Kabupaten Tasikmalaya, Jawa Barat 46153",Kabupaten Tasikmalaya,"
0812-1186-8900",-7.3530796,107.6506432,Aqiqah
RPH Kota TASIKMALAYA,"
Jl. Ibrahim Adjie No.Km.02, Sukamajukaler, Kec. Indihiang, Kab. Tasikmalaya, Jawa Barat 46151",Kabupaten Tasikmalaya,"
0813-2070-8081",-7.2729161,108.1208778,Rumah Potong Hewan
RPA Tamansari (Rumah Potong Ayam),"
Jl. KH. E. Z. Muttaqin, Linggajaya, Kec. Mangkubumi, Kab. Tasikmalaya, Jawa Barat 46181",Kabupaten Tasikmalaya,"
0813-8871-4281",-7.3348668,108.1292567,Rumah Potong Hewan
Rumah Potong Ayam H Eddi (HS),"
Jl. Gunung Sabeulah No.43, Argasari, Kec. Cihideung, Kab. Tasikmalaya, Jawa Barat 46122",Kabupaten Tasikmalaya,"
(0265) 332228",-7.3348668,108.1292567,Rumah Potong Hewan
RPA Sukahati,"
Jl. Sambong Jaya, Sambongpari, Kec. Mangkubumi, Kab. Tasikmalaya, Jawa Barat 46181",Kabupaten Tasikmalaya,"
(0265) 314990",-7.3348668,108.1292567,Rumah Potong Hewan
RPA MITRA NANJUNG ( Rumah Potong Ayam ),"
Jl. Cisinga, Cisayong, Kec. Cisayong, Kabupaten Tasikmalaya, Jawa Barat 46153",Kabupaten Tasikmalaya,"
0812-2437-5835",-7.2636381,108.0732079,Rumah Potong Hewan
Berkah Domba Farm Ciamis (Kandang Domba Ciamis),"
Sebelah KUD, RT.06/RW.02, Dusun Kulon, Jatinagara, Kec. Jatinagara, Kabupaten Ciamis, Jawa Barat 46273",Kabupaten Ciamis,"
0821-1988-8685",-7.1598824,108.0934927,Kandang Domba
Kandang DOMBA KT Karya Mekar,"
FH4F+88Q, Dusun Mekarsari, RT.42/RW.06, Pasawahan, Kacamatan Banjarsari, Kabupaten Ciamis, Jawa Barat 46383",Kabupaten Ciamis,-,-7.5449722,108.2854978,Kandang Domba
KOMPLEK KANDANG DOMBA BLOK CIGEMBOR,"
F9WV+2VV, Mekarwangi, Kec. Langkaplancar, Kabupaten Ciamis, Jawa Barat 46391",Kabupaten Ciamis,-,-7.5048999,108.1062831,Kandang Domba
DOMBA HADE Farm - Ciamis,"
Jalatrang, Kec. Cipaku, Kabupaten Ciamis, Jawa Barat 46252",Kabupaten Ciamis,"
0812-9074-6836",-7.2542517,108.0575457,Kandang Domba
Kandang Domba Kalapa,"
Dusun kalapa Desa mekarbuana Rt 04 Rw02, Sadapaingan, Kec. Panawangan, Kabupaten Ciamis, Jawa Barat 46255",Kabupaten Ciamis,"
0813-2491-7970",-7.2542517,108.0575457,Kandang Domba
Peternakan Domba Ashona Farm,"
Dusun Ragapulu Desa, Blok Pasirmunding, RT.04/RW.11, Jelat, Kec. Baregbeg, Kabupaten Ciamis, Jawa Barat 46274",Kabupaten Ciamis,"
0823-1799-5847",-7.2542517,108.0575457,Kandang Domba
Peternakan Domba Kang Dadang,"
CGXF+CH2, Kalijaya, Kacamatan Banjarsari, Kabupaten Ciamis, Jawa Barat 46391",Kabupaten Ciamis,-,-7.5514765,108.2355116,Kandang Domba
Kandang kambing,"
P6GJ+H4W, Budiharja, Kec. Sindangkasih, Kabupaten Ciamis, Jawa Barat 46268",Kabupaten Ciamis,-,-7.273522,107.9419469,Kandang Domba
Kandang domba ceuceu,"
P67P+88X, Dusun kadupugur, RT./RW/RW.35/17, Gunungcupu, Kec. Sindangkasih, Kabupaten Ciamis, Jawa Barat 46268",Kabupaten Ciamis,-,-7.273522,107.9419469,Kandang Domba
Kandang Domba & Sapi Ewok,"
M8P7+W39, Dusun Cibodas, Cisadap, Kec. Ciamis, Kabupaten Ciamis, Jawa Barat 46215",Kabupaten Ciamis,-,-7.273522,107.9419469,Kandang Domba
"Kandang Sapi, Galian, Alinayin Mang Jae","
Jl. Raya Kawali, Muktisari, Tanjakan Alinayin, Kabupaten Ciamis, Jawa Barat 46252",Kabupaten Ciamis,-,-7.273522,107.9419469,Kandang Domba
Kandang domba edan,"
CFW3+33, Karangkamiri, Kec. Langkaplancar, Kabupaten Ciamis, Jawa Barat 46391",Kabupaten Ciamis,-,-7.5548318,108.1643017,Kandang Domba
Peternakan Domba CC group,"
Jl. Ciamis - Banjar No.309, Cijeungjing, Kec. Cijeungjing, Kabupaten Ciamis, Jawa Barat 46271",Kabupaten Ciamis,"
0813-2045-0663",-7.3317601,108.1198224,Kandang Domba
KOSAN DOMBA,"
Dusun Guha, Handapherang, Kec. Cijeungjing, Kabupaten Ciamis, Jawa Barat 46271",Kabupaten Ciamis,"
0812-2210-3275",-7.3317601,108.1198224,Kandang Domba
Kandang domba sejahtera usaha,"
QC7G+C2Q, Dusun desa, RT.04/RW.ewllrw 001, desa margaharja, Kec. Sukadana, Kabupaten Ciamis, Jawa Barat 46272",Kabupaten Ciamis,-,-7.3317601,108.1198224,Kandang Domba
Imah kidul/kandang domba,"
W97C+JMR, Girilaya, Kec. Panawangan, Kabupaten Ciamis, Jawa Barat 46255",Kabupaten Ciamis,-,-7.0858111,108.0833152,Kandang Domba
Domba Garut Mang Ade,"
P82J+H9P, Jl. Suherman, Dusun Karanganyar, Sukajadi, Kec. Sadananya, Kabupaten Ciamis, Jawa Barat 46256",Kabupaten Ciamis,-,-7.0858111,108.0833152,Kandang Domba
Kandang Kambing Pak Dedi,"
MFFF+7C, Sidamulya, Kec. Cisaga, Kabupaten Ciamis, Jawa Barat 46386",Kabupaten Ciamis,-,-7.0858111,108.0833152,Kandang Domba
Domba Kurban Pak Atang,"
Dusun Mekarsari, RT.05/ RW12, Kiarapayung, Kec. Rancah, Kabupaten Ciamis, Jawa Barat 46387",Kabupaten Ciamis,"
0822-1676-1629",-7.0858111,108.0833152,Kandang Domba
Kandang kambing BERKAH FARM,"
R9J2+MWM, Margamulya, Kec. Kawali, Kabupaten Ciamis, Jawa Barat 46253",Kabupaten Ciamis,-,-7.0858111,108.0833152,Kandang Domba
Jual Beli Domba/Kambing Ciamis (MITRA TANI),"
Jl. Otista No.43, Linggasari, Kec. Ciamis, Kabupaten Ciamis, Jawa Barat 46216",Kabupaten Ciamis,"
0853-2242-0021",-7.34295,108.0531739,Kandang Domba
Peternakan Kambing Perah SINGKAL,"
M9QM+Q5C, Petirhilir, Kec. Baregbeg, Kabupaten Ciamis, Jawa Barat 46274",Kabupaten Ciamis,-,-7.3106667,108.09472,Peternakan Kambing
Peternakan domba garut Emran Farm,"
Q674+C3, Sumberjaya, Kec. Cihaurbeuti, Kabupaten Ciamis, Jawa Barat 46262",Kabupaten Ciamis,"
0852-2349-6119",-7.2364217,107.9162959,Peternakan Kambing
Ternak kambing puncak,"
P6JJ+JWR, Budiharja, Kec. Sindangkasih, Kabupaten Ciamis, Jawa Barat 46268",Kabupaten Ciamis,-,-7.2364217,107.9162959,Peternakan Kambing
PETERNAKAN DOMBA DAN KAMBING ABAH ABAS,"
jln prajadinata No.1, Bangunharja, Kec. Cisaga, Kabupaten Ciamis, Jawa Barat 46386",Kabupaten Ciamis,-,-7.294189,108.2622174,Peternakan Kambing
Peternakan kambing abah warso ciniru,"
MCCH+FWC, Kertabumi, Kec. Cijeungjing, Kabupaten Ciamis, Jawa Barat 46271",Kabupaten Ciamis,-,-7.294189,108.2622174,Peternakan Kambing
Ternak Kambing Kang Nur,"
FP7Q+X84, Paledah, Kec. Padaherang, Kabupaten Ciamis, Jawa Barat 46384",Kabupaten Ciamis,-,-7.5347906,108.4502003,Peternakan Kambing
Jual beli kambing Abah Munir sukasetia,"
Q54W+2X3, Sukasetia, Kec. Cihaurbeuti, Kabupaten Ciamis, Jawa Barat 46262",Kabupaten Ciamis,-,-7.2445921,107.9094107,Peternakan Kambing
Ternak Sapi & Kambing Mang Apip,"
C9RG+4Q9, Harumandala, Cigugur, Kabupaten Ciamis, Jawa Barat 46392",Kabupaten Ciamis,"
0813-1355-2554",-7.5597012,108.088601,Peternakan Kambing
Peternakan Kambing Mang Udin,"
JJRP+W56, RW.02, Langensari, Kec. Langensari, Kota Banjar, Jawa Barat 46324",Kabupaten Ciamis,"
0856-9515-2482",-7.3578872,108.3469531,Peternakan Kambing
Peternakan sapi kambing,"
9PHW+8F, Banjarharja, Kec. Kalipucang, Kabupaten Ciamis, Jawa Barat 46397",Kabupaten Ciamis,-,-7.6216826,108.4577484,Peternakan Kambing
Beli kambing,"
RCF7+4FP, RT.09/RW.02, Jatinagara, Kec. Jatinagara, Kabupaten Ciamis, Jawa Barat 46273",Kabupaten Ciamis,"
0812-1883-3098",-7.1771625,108.1253242,Peternakan Kambing
Putra Galuh Farm,"
Sindangasih, Kec. Pataruman, Kabupaten Ciamis, Jawa Barat 46327",Kabupaten Ciamis,-,-7.413187,108.2869567,Peternakan Kambing
Kandang Kambing Mas Nur Farm Jambu,"
MC43+8JR, Jl. H. Muhtar, Ciharalang, Kec. Cijeungjing, Kabupaten Ciamis, Jawa Barat 46271",Kabupaten Ciamis,"
0813-5265-8519",-7.344131,108.115609,Peternakan Kambing
AGAN FARM,"
M9V2+GGX, Jl. Sudimampir, Mekarjaya, Kec. Baregbeg, Kabupaten Ciamis, Jawa Barat 46274",Kabupaten Ciamis,"
0856-2353-786",-7.344131,108.115609,Peternakan Kambing
Kambing Mang Raya,"
QFJ5+FJQ, Kiarapayung, Kec. Rancah, Kabupaten Ciamis, Jawa Barat 46387",Kabupaten Ciamis,"
0853-2452-7944",-7.344131,108.115609,Peternakan Kambing
PASAR HEWAN (KAMBING),"
RG33+RHV, Rancah, Kec. Rancah, Kabupaten Ciamis, Jawa Barat 46387",Kabupaten Ciamis,-,-7.344131,108.115609,Peternakan Kambing
Kojo Farm Indonesia- Pusat Peternakan Sapi dan Domba di Banjarsari Ciamis,"
Dusun Cibeureum, RT.35/RW.08, Cibadak, Kacamatan Banjarsari, Kabupaten Ciamis, Jawa Barat 46383",Kabupaten Ciamis,"
0813-2221-0723",-7.4948753,108.329615,Peternakan Kambing
Domba Kambing Qurban & Aqiqah Pak Ulis,"
Dusun Ciledug, RT.04/RW.01, Sadewata, Kec. Lumbung, Kabupaten Ciamis, Jawa Barat 46258",Kabupaten Ciamis,"
0823-1548-7763",-7.1286299,108.0456985,Peternakan Kambing
Setia anugrah farm,"
RFJQ+RW, Jl.Dengkeng No.No, Kawunglarang, Rancah, Ciamis Regency, West Java 46387",Kabupaten Ciamis,"
0821-2000-7925",-7.1695212,108.2007683,Peternakan Kambing
AB Farm (Awaha Berkah Farm) Ciamis,"
Dsn Cipeundeuy, Ciharalang, Kec. Cijeungjing, Kabupaten Ciamis, Jawa Barat 46271",Kabupaten Ciamis,"
0813-8045-5733",-7.1695212,108.2007683,Peternakan Kambing
Ternak domba Garut pak arul,"
VF6J+353, Jalan Jl. Cilimus Carik, Sukajaya, Rajadesa, Ciamis Regency, West Java 46254",Kabupaten Ciamis,-,-7.1695212,108.2007683,Peternakan Kambing
Dinas Peternakan Dan Perikanan Kabupaten Ciamis,"
Jl. Yos Sudarso No.74, Ciamis, Kec. Ciamis, Kabupaten Ciamis, Jawa Barat 46211",Kabupaten Ciamis,"
(0265) 771131",-7.3246493,108.0701572,Peternakan Kambing
Peternakan Domba/ Kambing,"
V69M+PHQ, Dusun Lember, RT./RW/RW.04/07, Banjarangsana, Kecamatan PanumbanganKec. Panumbangan, Kabupaten Ciamis, Jawa Barat 46263",Kabupaten Ciamis,"
0895-3615-21562",-7.3246493,108.0701572,Peternakan Kambing
Kandang kambing Haji Atim,"
Jalan rawa onom Rt 06 Rw 02 dusun Sukaharja, Bangunharja, Kec. Cisaga, Kabupaten Ciamis, Jawa Barat 46386",Kabupaten Ciamis,"
0813-2324-1573",-7.3097899,108.2674531,Peternakan Kambing
Al-Baqor,"
Bayasari, Kec. Jatinagara, Kabupaten Ciamis, Jawa Barat 46273",Kabupaten Ciamis,-,-7.1857547,108.1317955,Peternakan Kambing
WBK Farm,"
Unnamed Road, Sukamukti, Cisayong, Tasikmalaya Regency, West Java 46153",Kabupaten Ciamis,"
0812-2258-5338",-7.2271224,107.8363748,Peternakan Kambing
AR Jaya Farm Jual Beli Domba Kambing,"
https://maps.app.goo.gl/HpoNmUi2SZV63ynL7?g_st=awb, dusun banjarwaru No.rt03 rw 07, Kawali, Kec. Kawali, Kabupaten Ciamis, Jawa Barat 46253",Kabupaten Ciamis,"
0895-3512-24820",-7.193495,108.0783655,Peternakan Kambing
FARM JUITANINGSIH [ASPM],"
RC9H+3MH, Sirnabaya, Kec. Rajadesa, Kabupaten Ciamis, Jawa Barat 46254",Kabupaten Ciamis,-,-7.193495,108.0783655,Peternakan Kambing
"Sumber Aqiqah (SUQA), Ciamis","
Jl. R. E. Martadinata No.148, Mekarjaya, Kec. Baregbeg, Kabupaten Ciamis, Jawa Barat 46274",Kabupaten Ciamis,"
0853-2045-0613",-7.3135941,107.77752,Aqiqah
Aqiqah Rumah Dokas Ciamis,"
Jl. Otista, Handapherang, Kec. Cijeungjing, Kabupaten Ciamis, Jawa Barat 46271",Kabupaten Ciamis,"
0812-2474-1111",-7.3135941,107.77752,Aqiqah
Aqiqah Ciamis,"
Jl. Raya Ciamis - Banjar KM 5 No 203, Dusun, RT.10/RW.03, Pende, Kec. Cijeungjing, Kabupaten Ciamis, Jawa Barat 46271",Kabupaten Ciamis,-,-7.3135941,107.77752,Aqiqah
Fadhila Aqiqah Ciamis,"
Perum Baiturrohmah Blok G No 1, Baregbeg, Kec. Baregbeg, Kabupaten Ciamis, Jawa Barat 46274",Kabupaten Ciamis,"
0822-1707-8828",-7.3135941,107.77752,Aqiqah
DOKU AQIQAH SIAP SAJI CIAMIS,"
Dusun kaler, RT.03/RW.03, Karangampel, Kec. Baregbeg, Kabupaten Ciamis, Jawa Barat 46274",Kabupaten Ciamis,"
0852-2334-6051",-7.3135941,107.77752,Aqiqah
Dapur Aqiqah Banjar Ciamis Cilacap Pangandan,"
Jl. KH. Amin No.9, Banjar, Kec. Banjar, Kota Banjar, Jawa Barat 46311",Kabupaten Ciamis,"
0822-4114-8451",-7.3135941,107.77752,Aqiqah
TRUST AQIQAH & QURBAN,"
Jl Dipatiukur No.62, RT.01/RW.11, Banjar, Kec. Banjar, Kota Banjar, Jawa Barat 46311",Kabupaten Ciamis,"
0821-1811-2611",-7.3135941,107.77752,Aqiqah
Aqiqah Mumtaz,"
Dusun Mandalika, RT.02/RW.09, Cikoneng, Kec. Cikoneng, Kabupaten Ciamis, Jawa Barat 46261",Kabupaten Ciamis,"
0813-1259-0161",-7.3135941,107.77752,Aqiqah
"Undangan Cetak dan Digital Pernikahan,Aqiqah, Khitan, Reuni, Dan acara lainnya","
Jl. Sadananya, Sukajadi, Kec. Sadananya, Kabupaten Ciamis, Jawa Barat 46256",Kabupaten Ciamis,"
0821-3009-2164",-7.3135941,107.77752,Aqiqah
jual domba ciamis (aqiqah/qurban) dani domba,"
Jl. H. Ubad No.121, Handapherang, Kec. Cijeungjing, Kabupaten Ciamis, Jawa Barat 46271",Kabupaten Ciamis,"
0823-1583-8446",-7.3135941,107.77752,Aqiqah
Madani Aqiqah Manonjaya,"
Kp. Nuansa Priangan Blok D No.2 Kec. Mangulungan, Margaluyu, Kec. Manonjaya, Kabupaten Tasikmalaya, Jawa Barat 46197",Kabupaten Ciamis,"
0823-1723-7107",-7.3135941,107.77752,Aqiqah
Gemilang Aqiqah Banjar,"
Jl. Dipati Ukur, RT.01/RW.11, Banjar, Kec. Banjar, Kota Banjar, Jawa Barat 46311",Kabupaten Ciamis,"
0852-8339-8466",-7.3135941,107.77752,Aqiqah
Fikri Jaya Aqiqah_Qurban,"
M84X+R56, Jalan lingkar selatan, RT.01/RW.02, Benteng, Kec. Ciamis, Kabupaten Ciamis, Jawa Barat 46211",Kabupaten Ciamis,"
0838-2773-6552",-7.3135941,107.77752,Aqiqah
Aqiqah Bandung Al Hilal,"
Jl. Desa Cipadung No.47, Cipadung, Kec. Cibiru, Kota Bandung, Jawa Barat 40614",Kabupaten Ciamis,"
0877-0034-7724",-6.928153,107.1394129,Aqiqah
Nurin aqiqah bandung,"
Jl. Gempol Jl. Pangaritan No.46, RT.02/RW.06, Cipadung Wetan, Kec. Panyileukan, Kota Bandung, Jawa Barat 40614",Kabupaten Ciamis,"
0812-1817-8384",-6.928153,107.1394129,Aqiqah
JUAL KAMBING AQIQAH DAN QURBAN,"
R8V8+5FM, Jl. Raya Kawali-Panjalu, Rawa, Kec. Lumbung, Kabupaten Ciamis, Jawa Barat 46258",Kabupaten Ciamis,-,-7.157039,107.7393818,Aqiqah
Utsmani Aqiqah,"
Jl. Ciguruwik No.177, Cinunuk, Kec. Cileunyi, Kabupaten Bandung, Jawa Barat 40624",Kabupaten Ciamis,"
0822-9900-0443",-6.930435,107.1540216,Aqiqah
Jasa Aqiqah Bandung & Cimahi,"
Jl. Jatihandap No.200, Jatihandap, Kec. Mandalajati, Kota Bandung, Jawa Barat 40195",Kabupaten Ciamis,"
0859-5634-0388",-6.930435,107.1540216,Aqiqah
Aqiqah di Bandung (Assabiq Ujungberung),"
Jl. Nagrog No.50, Pasanggrahan, Kec. Ujung Berung, Kota Bandung, Jawa Barat 40616",Kabupaten Ciamis,-,-6.930435,107.1540216,Aqiqah
Layana Aqiqah dan Qurban Amanah Ummah,"
Jl. Cicukang No.59, Cisaranten Bina Harapan, Kec. Arcamanik, Kota Bandung, Jawa Barat 40294",Kabupaten Ciamis,"
0812-2198-3756",-6.930435,107.1540216,Aqiqah
Jasa Aqiqah Bandung - Saung Aqiqah,"
Jl. Teratai Mekar III Komplek Panghegar Permai No.4, Mekar Mulya, Kec. Panyileukan, Kota Bandung, Jawa Barat 40614",Kabupaten Ciamis,"
0856-2330-459",-6.930435,107.1540216,Aqiqah
Miftah Aqiqah,"
Patokannya Cisarenten Belanja, Jl, Cisaranten Kulon, Kec. Arcamanik, Kota Bandung, Jawa Barat 40293",Kabupaten Ciamis,"
0812-2066-6234",-6.930435,107.1540216,Aqiqah
Qurban Bandung part of Miftah Aqiqah,"
Gg. Mawar, Cisaranten Kulon, Kec. Arcamanik, Kota Bandung, Jawa Barat 40293",Kabupaten Ciamis,-,-6.930435,107.1540216,Aqiqah
Aqiqah di Bandung (Oemar Aqiqah),"
Samping Lapang Voli Ivo Chandra, Jl. Cikuda, Cibiru Wetan, Cileunyi, Bandung City, West Java 40615",Kabupaten Ciamis,-,-6.930435,107.1540216,Aqiqah
RPA AZZAHRA (Rumah Potong Ayam Azzahra),"
Jl. Benteng No.5, Benteng, Kec. Ciamis, Kabupaten Ciamis, Jawa Barat 46211",Kabupaten Ciamis,"
0812-1481-196",-7.3398295,107.7725962,Rumah Potong Hewan
RPA. JABAL NUR,"
Jl. Nasional III No.36, Sukamulya, Kec. Cihaurbeuti, Kabupaten Ciamis, Jawa Barat 46262",Kabupaten Ciamis,"
0813-2334-9591",-7.3398295,107.7725962,Rumah Potong Hewan
RUMAH POTONG HEWAN (H.ADIS),"
Jl. Raya Cidahu No.88, RW.001, Cieurih, Kec. Cidahu, Kabupaten Kuningan, Jawa Barat 45595",Kabupaten Ciamis,"
0812-9749-9728",-6.9703355,108.0814276,Rumah Potong Hewan
Rumah Potong Hewan (RPH) MUSTOFA BEEF,"
2G57+V75, Jl. Dusun Wage, RT.23/RW.09, Lengkong, Kec. Garawangi, Kabupaten Kuningan, Jawa Barat 45582",Kabupaten Ciamis,"
0857-2191-1730",-6.9703355,108.0814276,Rumah Potong Hewan
RPH pemotongan ternak,"
GJ69+33P, Cibadak, Kacamatan Banjarsari, Kabupaten Ciamis, Jawa Barat 46383",Kabupaten Ciamis,-,-7.4897859,108.0409325,Rumah Potong Hewan
UPTD Rumah Potong Hewan Kuningan,"
2GH8+GXX, Unnamed Road, Ancaran, Kec. Sindangagung, Kabupaten Kuningan, Jawa Barat 45514",Kabupaten Ciamis,-,-6.971127,107.9407028,Rumah Potong Hewan
Rumah H. Ori,"
Link, Jl. Karang Gedang, RT.02/RW.08, Linggasari, Kec. Ciamis, Kabupaten Ciamis, Jawa Barat 46211",Kabupaten Ciamis,"
0858-6118-6858",-6.971127,107.9407028,Rumah Potong Hewan
Rumah Potong Ayam Dima Broiler,"
Kertasari, Kec. Ciamis, Kabupaten Ciamis, Jawa Barat 46213",Kabupaten Ciamis,"
0852-2075-6402",-6.971127,107.9407028,Rumah Potong Hewan
UPTD Rumah Potong Hewan (RPH) Majenang,"
MPMQ+V5P, Geblogan, Pahonjean, Kec. Majenang, Kabupaten Cilacap, Jawa Tengah 53257",Kabupaten Ciamis,-,-6.971127,107.9407028,Rumah Potong Hewan
Rumah Potong Ayam Mba Denes,"
W5GX+QFQ, Sindangbarang, Kec. Panumbangan, Kabupaten Ciamis, Jawa Barat 46263",Kabupaten Ciamis,"
0853-5183-9763",-7.0732235,107.6218876,Rumah Potong Hewan
"UPTD Rumah Potong Hewan, Kesehatan Hewan dan Perlindungan Tanaman Pemkot Banjar","
JHH5+WFG, Pataruman, Kec. Pataruman, Kota Banjar, Jawa Barat 46323",Kabupaten Ciamis,-,-7.3701794,107.9819199,Rumah Potong Hewan
UPTD BPPIB Ternak Sapi potong,"
MC6G+M3X, RT.11/RW.04, Dusun Kidul, Cijeungjing, Ciamis, Ciamis Regency, West Java 46271",Kabupaten Ciamis,-,-7.3701794,107.9819199,Rumah Potong Hewan
Rumah Potong Ayam Berkah Rahayu,"
M8WC+62F, Dusun limus, RT.05/RW.06, Sukajadi, Kec. Sadananya, Kabupaten Ciamis, Jawa Barat 46256",Kabupaten Ciamis,-,-7.3701794,107.9819199,Rumah Potong Hewan
Rumah potong ayam anugrah,"
M49P+QCW, Jl. Rancapaku, Rancapaku, Kec. Padakembang, Kabupaten Tasikmalaya, Jawa Barat 46417",Kabupaten Ciamis,-,-7.3305087,107.5592899,Rumah Potong Hewan
Rumah pemotongan ayam,"
Pengasinan, Kec. Padaherang, Kab. Pangandaran, Jawa Barat 46384",Kabupaten Ciamis,"
0853-4636-6841",-7.5157253,108.0810481,Rumah Potong Hewan
RPA HERTADA CHIKEN,"
P8H4+M5R, Unnamed Road, Bendasari, Kec. Sadananya, Kabupaten Ciamis, Jawa Barat 46256",Kabupaten Ciamis,-,-7.2707735,107.7286154,Rumah Potong Hewan
Rumah Cemong Petshop And Clinic,"
Jl. RTA. Sunarya, Kertasari, Kec. Ciamis, Kabupaten Ciamis, Jawa Barat 46213",Kabupaten Ciamis,"
0821-2118-6558",-7.2707735,107.7286154,Rumah Potong Hewan
PSM Ternak,"
JL RE. Martadinata, No. 279, Baregbeg, Kec. Ciamis, Kabupaten Ciamis, Jawa Barat 46274",Kabupaten Ciamis,"
0812-1449-5629",-7.2707735,107.7286154,Rumah Potong Hewan
"Mini Ranch Sapi Pasundan, Cibeureum-Sukamantri","
Cibeureum, Kec. Sukamantri, Kabupaten Ciamis, Jawa Barat 46264",Kabupaten Ciamis,-,-7.2707735,107.7286154,Rumah Potong Hewan
RUMAH POTONG AYAM CIGUGUR 24 JAM,"
Jl. Jurago No.374, Cigugur, Kab. Pangandaran, Jawa Barat 46392",Kabupaten Ciamis,"
0857-1153-1324",-7.2707735,107.7286154,Rumah Potong Hewan
Rumah Potong Ayam (RPA) Ade & Aa,"
Dusun desa, RT./RW/RW.010/002, Werasari, Kec. Sadananya, Kabupaten Ciamis, Jawa Barat 46256",Kabupaten Ciamis,"
0812-2042-9404",-7.2707735,107.7286154,Rumah Potong Hewan
Rumah Potong Ayam DIB,"
P695+CW5, Jl. Nasional III, Sukamanah, Kec. Sindangkasih, Kabupaten Ciamis, Jawa Barat 46268",Kabupaten Ciamis,"
0812-2394-0527",-7.2707735,107.7286154,Rumah Potong Hewan
Rumah Potong Ayam NAZIRA,"
Jl. Letnan Dadi Suryatman No.33, RT.06/RW.13, Sukamanah, Kec. Cipedes, Kab. Tasikmalaya, Jawa Barat 46131",Kabupaten Ciamis,-,-7.2707735,107.7286154,Rumah Potong Hewan
KLINIK HEWAN SINKA,"
Ruko 2, Jl. Buana Town House, Sindangkasih, Kec. Sindangkasih, Kabupaten Ciamis, Jawa Barat 46268",Kabupaten Ciamis,"
0812-2269-9699",-7.2707735,107.7286154,Rumah Potong Hewan
RPA (Rumah potong ayam) ASYIFA,"
Kp depok Jl. Sadananya, Sukajadi, maleber, Kabupaten Ciamis, Jawa Barat 46211",Kabupaten Ciamis,-,-7.2707735,107.7286154,Rumah Potong Hewan
Rumah potong ayam,"
QFVC+663, Kiarapayung, Kec. Rancah, Kabupaten Ciamis, Jawa Barat 46387",Kabupaten Ciamis,"
0853-9340-9325",-7.2707735,107.7286154,Rumah Potong Hewan
Dokter Hewan Yay Catcare (homevisit only on weekend),"
Perum Nirmala Garden, Gunungcupu, Sindangkasih, Ciamis Regency, West Java 46213",Kabupaten Ciamis,"
0858-1736-7284",-7.2707735,107.7286154,Rumah Potong Hewan
ANUGRAH FARM KANDANG DOMBA CIREMAI,"
4FG8+VH6, Setianegara, Kec. Cilimus, Kabupaten Kuningan, Jawa Barat 45556",Kabupaten Kuningan,"
0895-7029-32400",-6.8722438,108.1785761,Kandang Domba
kandang domba putra wijaya cimaranten (hpdki),"
Bl. Tiga No.rt 16/06, Cimaranten, Kec. Cipicung, Kabupaten Kuningan, Jawa Barat 45592",Kabupaten Kuningan,-,-6.8722438,108.1785761,Kandang Domba
Kandang Domba & Kambing SODIK,"
Tangkolo, Kec. Subang, Kabupaten Kuningan, Jawa Barat 45586",Kabupaten Kuningan,"
0852-1735-9638",-7.1600497,108.2237585,Kandang Domba
"Domba ternak, & Waroeng Gerebek bu Nining abay","
Jl. Binuang No.511, Sagarahiang, Kec. Darma, Kabupaten Kuningan, Jawa Barat 45562",Kabupaten Kuningan,"
0853-1914-2982",-7.1600497,108.2237585,Kandang Domba
"Peternakan Domba, Desa Pasawahan","
Pasawahan, Kec. Pasawahan, Kabupaten Kuningan, Jawa Barat 45559",Kabupaten Kuningan,-,-6.803574,108.1467077,Kandang Domba
Kampung Domba Desa Wisata Cibuntu,"
5C8V+F7G Kampung kambing, Cibuntu, Kec. Cigandamekar, Kabupaten Kuningan, Jawa Barat 45559",Kabupaten Kuningan,"
0823-1963-4768",-6.803574,108.1467077,Kandang Domba
Peternakan Domba Cipto Farm,"
Jl. Siliwangi No.78, Cijoho, Kec. Kuningan, Kabupaten Kuningan, Jawa Barat 45513",Kabupaten Kuningan,-,-6.803574,108.1467077,Kandang Domba
KANDANG DOMBA SAMSON,"
4F3J+JQ5, Bandorasa Kulon, Kec. Cilimus, Kabupaten Kuningan, Jawa Barat 45556",Kabupaten Kuningan,-,-6.803574,108.1467077,Kandang Domba
Kandang Domba Sumber Rezeki,"
Samping Masjid Nur-Baiti Ismail, Blok Karang Tengah No.RT03, RW.03, Babakan, Kec. Sumber, Kabupaten Cirebon, Jawa Barat 45612",Kabupaten Kuningan,"
0821-2270-3793",-6.803574,108.1467077,Kandang Domba
SBN Kuningan - Sapi Bersama Nusantara - Kandang 8,"
SBN, Cisaat, Cibingbin, Kabupaten Kuningan, Jawa Barat 45587",Kabupaten Kuningan,"
0838-4791-8999",-7.034548,108.4566154,Kandang Domba
Komplek kandang kambing barokah,"
3FRF+7WH, Sembawa, Kec. Jalaksana, Kabupaten Kuningan, Jawa Barat 45554",Kabupaten Kuningan,-,-6.9093002,108.1864569,Kandang Domba
DOMBA ELITE KUNINGAN (Nana),"
4FCV+W5V, Bojong, Kec. Cilimus, Kabupaten Kuningan, Jawa Barat 45556",Kabupaten Kuningan,"
0831-2081-0376",-6.9093002,108.1864569,Kandang Domba
KANDANG KAMBING CIPARI,"
2FM8+WJ5, Cigugur, Kec. Cigugur, Kabupaten Kuningan, Jawa Barat 45552",Kabupaten Kuningan,-,-6.9093002,108.1864569,Kandang Domba
Baraya Farm jual beli sapi kambing,"
RT.02/RW.01, Dukuhtengah, Kec. Maleber, Kabupaten Kuningan, Jawa Barat 45574",Kabupaten Kuningan,"
0857-9353-6148",-7.0254056,108.2878933,Peternakan Kambing
PUSAKA FARM ( Cikal ),"
Timbang, Kec. Cigandamekar, Kabupaten Kuningan, Jawa Barat 45556",Kabupaten Kuningan,"
0853-2497-4207",-7.0254056,108.2878933,Peternakan Kambing
Amrintani Farm (Peternakan & Jual Beli Kambing),"
3P24+Q22, Mekarjaya, Kec. Cimahi, Kabupaten Kuningan, Jawa Barat 45582",Kabupaten Kuningan,-,-7.0254056,108.2878933,Peternakan Kambing
HERSU FARM - Peternakan Kambing dan Domba,"
Jln Batu Karut, RT.16/RW.5, Dusun Pahing, Kaliaren, Kec. Cilimus, Kabupaten Kuningan, Jawa Barat 45556",Kabupaten Kuningan,"
0851-1759-0270",-7.0254056,108.2878933,Peternakan Kambing
JURAGAN KAMBING,"
XJ9P+RG2, Cigedang, Kec. Luragung, Kabupaten Kuningan, Jawa Barat 45581",Kabupaten Kuningan,-,-7.0254056,108.2878933,Peternakan Kambing
PETERNAKAN DOMBA NICOTIANA FARM,"
Blok Kliwon No.97, RT.03/RW.05, Paniis, Kec. Pasawahan, Kabupaten Kuningan, Jawa Barat 45559",Kabupaten Kuningan,"
0819-7700-9005",-7.0254056,108.2878933,Peternakan Kambing
SETIA FARM,"
6F3F+QR7, Jl. Pangeran Kejaksan, Nanggela, Kec. Mandirancan, Kabupaten Kuningan, Jawa Barat 45611",Kabupaten Kuningan,"
0822-4781-1972",-6.7949025,108.1859153,Peternakan Kambing
RH FARM,"
2F5V+2GF, Winduhaji, Kec. Kuningan, Kabupaten Kuningan, Jawa Barat 45516",Kabupaten Kuningan,-,-6.7949025,108.1859153,Peternakan Kambing
Gumolong farm,"
2J45+5M, Dusun Gumolong, Geresik, Kec. Ciawigebang, Kabupaten Kuningan, Jawa Barat 45591",Kabupaten Kuningan,"
0858-6017-0790",-6.7949025,108.1859153,Peternakan Kambing
DOA FARM ( Peternakan Sapi dan Domba ),"
Dekat Mata Air Dusun Ciputri, Jl. Gereja, Cisantana, Kec. Cigugur, Kabupaten Kuningan, Jawa Barat 45552",Kabupaten Kuningan,"
0815-8222-428",-6.7949025,108.1859153,Peternakan Kambing
Ternak Kambing Sdr Subeng,"
5F39+G36, Randobawagirang, Kec. Mandirancan, Kabupaten Kuningan, Jawa Barat 45558",Kabupaten Kuningan,"
0821-1351-6659",-6.7949025,108.1859153,Peternakan Kambing
Sentra Aqiqah Nusantara cabang Kuningan,"
Jl. Siliwangi, Kalapagunung, Kec. Kramatmulya, Kabupaten Kuningan, Jawa Barat 45553",Kabupaten Kuningan,"
0821-3050-3280",-6.7949025,108.1859153,Peternakan Kambing
Fathur Mukasan Farm,"
Kamp Wage Desa, Pamulihan, Kec. Cipicung, Kabupaten Kuningan, Jawa Barat 45592",Kabupaten Kuningan,"
0821-3856-3200",-6.7949025,108.1859153,Peternakan Kambing
Usaha Kambing Perah,"
5F2R+HHH, Jl. Raya Desa Silebu, Silebu, Kec. Pancalang, Kabupaten Kuningan, Jawa Barat 45557",Kabupaten Kuningan,-,-6.7949025,108.1859153,Peternakan Kambing
Jay Farm,"
Dusun Jl. Cikalong, Pajawankidul, Kec. Lebakwangi, Kabupaten Kuningan, Jawa Barat 45574",Kabupaten Kuningan,"
0851-1711-7440",-6.7949025,108.1859153,Peternakan Kambing
Bantuan Ternak Kambing dan Sapi 2,"
VHQM+GJQ, Patala, Kec. Cilebak, Kabupaten Kuningan, Jawa Barat 45585",Kabupaten Kuningan,-,-7.1111586,108.2957215,Peternakan Kambing
Kambing Perah Pak Budi,"
XHG5+G8, Kutamandarakan, Kec. Maleber, Kabupaten Kuningan, Jawa Barat 45575",Kabupaten Kuningan,-,-7.1111586,108.2957215,Peternakan Kambing
PADEPOKAN RAJA DOMBA,"
6F3C+5P2, Jl. Cimanis, Nanggela, Kec. Mandirancan, Kabupaten Kuningan, Jawa Barat 45558",Kabupaten Kuningan,"
0821-2904-2430",-6.7971044,108.1833843,Peternakan Kambing
Warkop Dpr Kebon Farm,"
5CHX+JXP, Jalan, Cibuntu, Kec. Pasawahan, Kabupaten Kuningan, Jawa Barat 45559",Kabupaten Kuningan,"
0856-2435-0562",-6.7971044,108.1833843,Peternakan Kambing
KAM (Kelompok Ternak Karanganyar Mandiri),"
4F7V+RG4 belakang rumah sakit inggarjati, RT.002 Rw001Kec, Bandorasa Wetan, Kec. Cilimus, Kabupaten Kuningan, Jawa Barat 45556",Kabupaten Kuningan,-,-6.7971044,108.1833843,Peternakan Kambing
"Susu Kambing ""LEMBAH BERKAH FARM'","
2GQ3+98G, Jl. Moh. Toha, Kedungarum, Kec. Kuningan, Kabupaten Kuningan, Jawa Barat 45513",Kabupaten Kuningan,"
0813-2036-2153",-6.7971044,108.1833843,Peternakan Kambing
Domba Mandala,"
Cigugur, Kec. Cigugur, Kabupaten Kuningan, Jawa Barat 45552",Kabupaten Kuningan,-,-6.7971044,108.1833843,Peternakan Kambing
KNR_Farm,"
3FXP+5X8, Manislor, Kec. Jalaksana, Kabupaten Kuningan, Jawa Barat 45554",Kabupaten Kuningan,-,-6.7971044,108.1833843,Peternakan Kambing
Ternak Kambing Abah Oni,"
Dusun Cikopo, RT.14/RW.05, Cibinuang, Kuningan, Kuningan Regency, West Java 45511",Kabupaten Kuningan,"
0857-0068-6993",-6.7971044,108.1833843,Peternakan Kambing
Sekar Mandiri Farm,"
2HXG+MR5, Cihaur, Kec. Ciawigebang, Kabupaten Kuningan, Jawa Barat 45591",Kabupaten Kuningan,"
0817-9111-199",-6.7971044,108.1833843,Peternakan Kambing
kantor peternakan kambing,"
Jl. Cibodas - Nunuk, Cibodas, Kec. Majalengka, Kabupaten Majalengka, Jawa Barat 45411",Kabupaten Kuningan,"
0821-1642-1177",-6.8768697,107.947241,Peternakan Kambing
Shafana Farm Aqiqah & Qurban,"
XJ6H+85F, Wilanagara, Kec. Luragung, Kabupaten Kuningan, Jawa Barat 45581",Kabupaten Kuningan,"
0812-8797-8002",-7.040626,108.3395399,Peternakan Kambing
KABSUN AQIQAH KUNINGAN,"
Manggari, Kec. Lebakwangi, Kabupaten Kuningan, Jawa Barat 45574",Kabupaten Kuningan,"
0813-1890-9751",-6.9932139,108.2793166,Aqiqah
Dapur Aqiqah Kuningan,"
Gang TPA Al - Istiqomah, Jl. Bhakti Pemuda, RT.18/RW.03, Lingk. Buana, Cijoho, Kec. Kuningan, Kabupaten Kuningan, Jawa Barat 45513",Kabupaten Kuningan,"
0822-4114-8451",-6.9932139,108.2793166,Aqiqah
MADANI AQIQAH KUNINGAN,"
Dusun Pahing, RT.004/RW.002, Langseb, Kec. Lebakwangi, Kabupaten Kuningan, Jawa Barat 45574",Kabupaten Kuningan,"
0852-2055-7786",-6.9932139,108.2793166,Aqiqah
Sentra Aqiqah (Duta Aqiqah & Qurban),"
Jl. Syeh Maulana Akbar, Purwawinangun, Kec. Kuningan, Kabupaten Kuningan, Jawa Barat 45511",Kabupaten Kuningan,"
0857-2272-0090",-6.9932139,108.2793166,Aqiqah
Dsultan Aqiqah Kuningan,"
Jl. Raya Sidaraja, Ciomas, Kec. Ciawigebang, Kabupaten Kuningan, Jawa Barat 45591",Kabupaten Kuningan,"
0813-2486-8036",-6.9932139,108.2793166,Aqiqah
Paket Aqiqah | Jasa Aqiqah | Catering Aqiqah - Syamil,"
Jl. Ki Gedeng Luragung no.524 RT 18 RW 4 Desa Bendungan, Kecamatan, Kec. Lebakwangi, Kabupaten Kuningan, Jawa Barat 45574",Kabupaten Kuningan,"
0877-2303-2431",-6.9932139,108.2793166,Aqiqah
Agen Sentra Aqiqah (Cabang Selajambe),"
Jl. Tajur, Jamberama, Kec. Selajambe, Kabupaten Kuningan, Jawa Barat 45566",Kabupaten Kuningan,"
0819-9971-9249",-6.9932139,108.2793166,Aqiqah
"Elsyifa Cabang Kuningan (Catering Aqiqah, Qurban & El-Syifa Tour Travel)","
Jl. Siliwangi, Jl. Cigintung Ciharendong No.348, RT.007/RW.005, Cijoho, Kec. Kuningan, Kabupaten Kuningan, Jawa Barat 45513",Kabupaten Kuningan,"
0851-7539-4466",-6.9932139,108.2793166,Aqiqah
FADHILA AQIQAH KUNINGAN,"
Jl. Buyut Maskar, Dusun Manis, Kalimanggis Wetan, Kec. Kalimanggis, Kabupaten Kuningan, Jawa Barat 45594",Kabupaten Kuningan,"
0813-3666-7500",-6.9932139,108.2793166,Aqiqah
agen sentra aqiqah kuningan arif,"
Jl. Moh. Toha No.29, RT.01/RW.01, Kedungarum, Kec. Kuningan, Kabupaten Kuningan, Jawa Barat 45513",Kabupaten Kuningan,"
0852-9500-6189",-6.9932139,108.2793166,Aqiqah
Cirebon Aqiqah,"
Perum Kuningan City View, Jl. Moch Yamin Jl. Baru No.22 Blok A7, Ancaran, Kec. Kuningan, Kabupaten Kuningan, Jawa Barat 17111",Kabupaten Kuningan,"
0813-8190-3859",-6.9932139,108.2793166,Aqiqah
Kantor Sentra Aqiqah Nusantara (Subsidiary GAP),"
Jl. Karya Bakti Perumahan Citeureup Asri No.RT 019/004, Jalaksana, Kec. Jalaksana, Kabupaten Kuningan, Jawa Tengah 45554",Kabupaten Kuningan,"
0811-2313-155",-6.9932139,108.2793166,Aqiqah
Sentra Aqiqah Nusantara (Cabang Cirebon),"
Jl. R.Dewi Sartika No.14, Tukmudal, Kec. Sumber, Kabupaten Cirebon, Jawa Barat 45611",Kabupaten Kuningan,"
0813-9870-3300",-6.7586103,108.1872429,Aqiqah
Idris Aqiqah Kuningan,"
4FC9+72F, Unnamed Road, Linggarjati, Kec. Cilimus, Kabupaten Kuningan, Jawa Barat 45556",Kabupaten Kuningan,"
0823-1531-6070",-6.7586103,108.1872429,Aqiqah
SYAMIL AQIQAH & QURBAN,"
XHWP+5QP, Bendungan, Kec. Lebakwangi, Kabupaten Kuningan, Jawa Barat 45574",Kabupaten Kuningan,"
0877-2303-2431",-7.0045483,108.2985602,Aqiqah
Demul Aqiqah & Qurban - Akikah Kita,"
Ds.Pahing Rt. 004 Rw. 002 No. 318, Langseb, Kec. Lebakwangi, Kabupaten Kuningan, Jawa Barat 45574",Kabupaten Kuningan,"
0821-4460-3383",-7.0045483,108.2985602,Aqiqah
Sentra Aqiqah Nusantara cabang Majalengka,"
Arah ke Maja, Bunderan, Cigasong, Kec. Cigasong, Kabupaten Majalengka, Jawa Barat 45476",Kabupaten Kuningan,"
0821-1864-4009",-6.8366438,107.9619423,Aqiqah
Kantin CBM (Katering) dapur Sentra Aqiqah,"
Rt 15 RW 04 Dusun Wage Desa, Bojong, Kec. Kramatmulya, Kabupaten Kuningan, Jawa Barat 45553",Kabupaten Kuningan,"
0856-2749-568",-6.9407626,108.2182946,Aqiqah
Dapur Aqiqah Majalengka,"
Perum Bumi Cikal Asih (BCA, Jl. Jambu Raya No.112, RT.10/RW.06, Cikalong, Kec. Sukahaji, Kabupaten Majalengka, Jawa Barat 45470",Kabupaten Kuningan,"
0822-4114-8451",-6.8252732,107.9890161,Aqiqah
AQIQAH ELSYIFA,"
Jl. Karya Bhakti III P, RT.03/RW.06, Grenjeng, Harjamukti, Kec. Harjamukti, Kota Cirebon, Jawa Barat 45143",Kabupaten Kuningan,"
0821-2263-9092",-6.7504028,108.2469107,Aqiqah
Safana aqiqah dan catering,"
RT.13/ RW. 3 dusun 2 pasilaur, Sangkanmulya, Kec. Cigandamekar, Kabupaten Kuningan, Jawa Barat 45596",Kabupaten Kuningan,"
0815-9353-480",-6.7504028,108.2469107,Aqiqah
Aqiqah majalengka assalam,"
Jl. Koperasi, Majalengka Wetan, Kec. Majalengka, Kabupaten Majalengka, Jawa Barat 45411",Kabupaten Kuningan,"
0812-2347-8978",-6.8401096,107.9510137,Aqiqah
Kambing Guling Kang Demul dan Hima Farm (Aqiqah dan Qurban),"
Dusun Pahing, RT.004/RW.002, Langseb, Kec. Lebakwangi, Kabupaten Kuningan, Jawa Barat 45574",Kabupaten Kuningan,"
0852-1123-6566",-7.0190034,108.2924762,Aqiqah
BERKAH FAMILY JUAL KAMBING QURBAN DAN Aqiqah muhammad safi'i (mumu),"
6F3R+345, Jl. Desa Tenjolayar, RT.04/RW.02, turus, lebak, Kec. Pancalang, Kabupaten Kuningan, Jawa Barat 45557",Kabupaten Kuningan,"
0838-4281-2265",-6.7973722,108.2019654,Aqiqah
Kabsun Aqiqah Cirebon,"
Jl. Pancuran No.117, RT.06/RW.07, Karang Mekar, Sukapura, Kec. Kejaksan, Kota Cirebon, Jawa Barat 45122",Kabupaten Kuningan,"
0812-2127-2999",-6.7973722,108.2019654,Aqiqah
MULYA FARM,"
2G4W+78H, Sukamulya, Kec. Garawangi, Kabupaten Kuningan, Jawa Barat 45571",Kabupaten Kuningan,"
0856-5975-2538",-6.7973722,108.2019654,Aqiqah
Zein Aqiqah Cirebon,"
Jl. Sekar Kemuning II No.13, Karyamulya, Kec. Kesambi, Kota Cirebon, Jawa Barat 45135",Kabupaten Kuningan,"
0877-2062-5814",-6.7973722,108.2019654,Aqiqah
Madani Aqiqah & Catering Cirebon.,"
Jl. Puri Gita Kenanga No.1, Kenanga, Kec. Sumber, Kabupaten Cirebon, Jawa Barat 45155",Kabupaten Kuningan,"
0811-1111-6197",-6.7973722,108.2019654,Aqiqah
Kandang Sentra Aqiqah Cirebon,"
7GWF+H2Q, Jl. Pahlawan, Dawuan, Kec. Tengah Tani, Kabupaten Cirebon, Jawa Barat 45153",Kabupaten Kuningan,-,-6.7973722,108.2019654,Aqiqah
ALMA CATERING,"
Jl. Nanggeleng - Cirahayu, Babatan, Kec. Kadugede, Kabupaten Kuningan, Jawa Barat 45561",Kabupaten Kuningan,"
0813-2078-9771",-6.7973722,108.2019654,Aqiqah
Jasa Aqiqah Sumedang Siap Saji,"
Cisurat, Kec. Wado, Kabupaten Sumedang, Jawa Barat 45373",Kabupaten Kuningan,"
0851-7325-9878",-6.9449381,107.793627,Aqiqah
AQIQAH CIREBON NURUL HAYAT,"
Jl. Ahmad Yani No.303, Larangan, Kec. Harjamukti, Kota Cirebon, Jawa Barat 45141",Kabupaten Kuningan,"
0822-1617-7772",-6.7417983,108.2753358,Aqiqah
Dapur Aqiqah Cirebon,"
Depan KORAMIL, Ruko Hijau, Jl. Pangeran Cakrabuana, Kecomberan, Kec. Talun, Kabupaten Cirebon, Jawa Barat 45171",Kabupaten Kuningan,"
0822-4114-8451",-6.7417983,108.2753358,Aqiqah
Rumah Daging Kuningan,"
2FJX+2WG, Ciporang, Kec. Kuningan, Kabupaten Kuningan, Jawa Barat 45514",Kabupaten Kuningan,"
0813-2096-6784",-6.7417983,108.2753358,Aqiqah
AQIQAH & QURBAN AZZAM SYIFA,"
Jl. DR. Setiabudi No.2011, Pegagan, Kec. Palimanan, Kabupaten Cirebon, Jawa Barat 45161",Kabupaten Kuningan,"
0831-4715-3299",-6.694533,108.1415777,Aqiqah
Kandang Domba NTA Farm,"
Blok Megulu, Karangsari, Kec. Weru, Kabupaten Cirebon, Jawa Barat 45154",Kabupaten Cirebon,"
0819-3113-3541",-6.7293532,108.3377876,Kandang Domba
Domba Zidan,"
Jl. Fatahillah, Megu Gede, Kec. Weru, Kabupaten Cirebon, Jawa Barat 45154",Kabupaten Cirebon,"
0821-2997-7759",-6.7293532,108.3377876,Kandang Domba
Kampung Domba Cirebon,"
Blok Pakopen, RT.04/RW.02, Sindangjawa, Kec. Dukupuntang, Kabupaten Cirebon, Jawa Barat 45652",Kabupaten Cirebon,"
0812-2202-0244",-6.7293532,108.3377876,Kandang Domba
peternakan domba garut DOMBA GEDE FARM,"
8GX8+6FW, Jl. Ki Dalem, Mayung, Kec. Gunungjati, Kabupaten Cirebon, Jawa Barat 45151",Kabupaten Cirebon,"
0853-2777-7780",-6.7293532,108.3377876,Kandang Domba
KANDANG DOMBA SAUNG KURING,"
3PXC+X23, Pabuaran Lor, Kec. Pabuaran, Kabupaten Cirebon, Jawa Barat 45188",Kabupaten Cirebon,"
0812-1181-2887",-6.9001033,108.5758514,Kandang Domba
Kandang domba abah kasid,"
6FHW+M4X, Blok widara, Wanasaba Kidul, Talun, Cirebon, West Java 45171",Kabupaten Cirebon,-,-6.7707558,108.3511607,Kandang Domba
Kandang musdi (BST) domba garut galur murni,"
8CF8+6PM, Winong, Kec. Gempol, Kabupaten Cirebon, Jawa Barat 45161",Kabupaten Cirebon,-,-6.6764056,108.2722136,Kandang Domba
Kandang sapi dan domba H Sono,"
8GV9+R94, Sambeng, Kec. Gunungjati, Kabupaten Cirebon, Jawa Barat 45151",Kabupaten Cirebon,"
0896-6893-6380",-6.6554986,108.3742649,Kandang Domba
Kandang kambing Ahmad Syafii,"
Jl. Pilang Raya No.Blok desa, Pilangsari, Kec. Kedawung, Kabupaten Cirebon, Jawa Barat 45153",Kabupaten Cirebon,-,-6.6554986,108.3742649,Kandang Domba
Dom Domba Cirebon,"
8GW7+R6W, Blok Tiga, RT.01/RW.3, Mayung, Kec. Gunungjati, Kabupaten Cirebon, Jawa Barat 45151",Kabupaten Cirebon,"
0896-0415-0911",-6.6554986,108.3742649,Kandang Domba
"BUMP, Kandang domba yayasan Nurul Huda Munjul","
5JP2+H46, Munjul, Kec. Astanajapura, Kabupaten Cirebon, Jawa Barat 45181",Kabupaten Cirebon,-,-6.8134159,108.4565665,Kandang Domba
Kellan integrated farming Domba,"
Jemaras Lor, Kec. Klangenan, Kabupaten Cirebon, Jawa Barat 45156",Kabupaten Cirebon,"
0878-2988-8109",-6.6647928,108.2954575,Kandang Domba
Markas kandang domba,"
Cisaat, Kec. Dukupuntang, Kabupaten Cirebon, Jawa Barat 45652",Kabupaten Cirebon,-,-6.6647928,108.2954575,Kandang Domba
Kandang domba bima putra,"
6FCC+6R9, Blok karang subur, Sidawangi, Kec. Sumber, Kabupaten Cirebon, Jawa Barat 45611",Kabupaten Cirebon,-,-6.6647928,108.2954575,Kandang Domba
Pandawa Farm Cirebon,"
Kedungsana, Kec. Plumbon, Kabupaten Cirebon, Jawa Barat 45155",Kabupaten Cirebon,"
0851-6185-2015",-6.6647928,108.2954575,Kandang Domba
Kandang domba Pinggir alas,"
892R+VVR, Jl. Nasional 5, Palimanan Bar., Kec. Gempol, Kabupaten Cirebon, Jawa Barat 45161",Kabupaten Cirebon,-,-6.6647928,108.2954575,Kandang Domba
Kholid domba farm,"
6FJR+WM6, Wanasaba Kidul, Kec. Talun, Kabupaten Cirebon, Jawa Barat 45171",Kabupaten Cirebon,"
0895-2368-1184",-6.6647928,108.2954575,Kandang Domba
Depo Domba Cirebon,"
3PV9+X2, Pabuaran Kidul, Kec. Pabuaran, Kabupaten Cirebon, Jawa Barat 45188",Kabupaten Cirebon,"
0858-3240-4305",-6.905065,108.5733277,Kandang Domba
Dera Farm Peternakan Domba & kambing,"
blok kaum, Cangkring, Kec. Plered, Kabupaten Cirebon, Jawa Barat 45154",Kabupaten Cirebon,-,-6.6709818,108.3575992,Kandang Domba
Kandang Dogar DENSUS FARM,"
7GR6+JJ8, Jl. Syekh Bayanillah, Setu Wetan, Kec. Weru, Kabupaten Cirebon, Jawa Barat 45154",Kabupaten Cirebon,"
0813-8966-4380",-6.6709818,108.3575992,Kandang Domba
DIDIN DOMBA JAYA,"
7GF3+8HR, Jl. Sungapan No.37, Megu Gede, Weru, Cirebon, West Java 45154",Kabupaten Cirebon,"
0813-1205-5029",-6.6709818,108.3575992,Kandang Domba
Griya Domba Cirebon,"
Perumahan Grage Residence, Jl. Anyelir, Kedungjaya, Kec. Kedawung, Kabupaten Cirebon, Jawa Barat 45122",Kabupaten Cirebon,"
0853-1879-5276",-6.6709818,108.3575992,Kandang Domba
Biyu Farm,"
Jl. Pangeran Kejaksan No.57, Babakan, Kec. Sumber, Kabupaten Cirebon, Jawa Barat 45612",Kabupaten Cirebon,"
0853-3823-0607",-6.6709818,108.3575992,Kandang Domba
Showroom Domba Cahya Jaya Farm,"
Blok Manis No.Rt03Rw02, Kubang, Kec. Talun, Kabupaten Cirebon, Jawa Barat 45171",Kabupaten Cirebon,"
0899-9032-317",-6.6709818,108.3575992,Kandang Domba
Kandang kambing pak RASDI,"
Gg. Kamal 2 No.19, RT.01/RW.19, Larangan, Kec. Harjamukti, Kota Cirebon, Jawa Barat 45141",Kabupaten Cirebon,"
0853-5371-6633",-6.6709818,108.3575992,Kandang Domba
DOMBA 1 PUTRA,"
Gg. Penderesan Gg. Desa No.58, RT.01/RW.04, Kalisapu, Kec. Gunungjati, Kabupaten Cirebon, Jawa Barat 45151",Kabupaten Cirebon,"
0821-1947-3553",-6.6709818,108.3575992,Kandang Domba
Peternakan domba,"
Agro bisnis, Sigong, Kec. Lemahabang, Kabupaten Cirebon, Jawa Barat 45183",Kabupaten Cirebon,-,-6.8328218,108.4986034,Kandang Domba
PETERNAKAN DOMBA CIWARENG FARM SUARI,"
6F57+R5W, Matangaji, Kec. Sumber, Kabupaten Cirebon, Jawa Barat 45611",Kabupaten Cirebon,"
0852-2144-8066",-6.7900525,108.3193246,Kandang Domba
domba kebon gede,"
8FV5+GQ7, Jl. Nyimas Endang Geulis, Bangodua, Kec. Klangenan, Kabupaten Cirebon, Jawa Barat 45156",Kabupaten Cirebon,-,-6.656212,108.3152124,Kandang Domba
Kandang Domba kang Dodo,"
8F94+7RG, Pakantingan, Kec. Klangenan, Kabupaten Cirebon, Jawa Barat 45156",Kabupaten Cirebon,-,-6.656212,108.3152124,Kandang Domba
Domba Family,"
7H3F+5GF, Jl. Sirandu, Pegambiran, Kec. Lemahwungkuk, Kota Cirebon, Jawa Barat 45113",Kabupaten Cirebon,-,-6.74707,108.4295858,Kandang Domba
Rezeki Domba Farm,"
Jl. Ki Gede Mayung, Pangkalan, Kec. Plered, Kabupaten Cirebon, Jawa Barat 45154",Kabupaten Cirebon,"
0821-1501-7647",-6.6602276,108.3532557,Kandang Domba
AMANAH DOMBA,"
5FW6+HR9, Dusun karya raharja, RT.03/RW.01, Cirea, Kec. Mandirancan, Kabupaten Kuningan, Jawa Barat 45558",Kabupaten Cirebon,"
0812-2211-9716",-6.8035986,108.3179275,Kandang Domba
DOMBA BIMA KANDANGE ASEP,"
7H46+J6M, Kecapi, Kec. Harjamukti, Kota Cirebon, Jawa Barat 45142",Kabupaten Cirebon,-,-6.7434245,108.4163622,Kandang Domba
Bianglala Peternakan Kambing Ibu Hesty,"
081806641266, Gg. Suka Hati, Adidharma, Kec. Gunungjati, Kabupaten Cirebon, Jawa Barat 45151",Kabupaten Cirebon,"
0857-1581-5722",-6.6939835,108.2585933,Peternakan Kambing
Peternakan Kambing BumDesa SURYANAGARA,"
5G39+988, Jalan Pertanian Sukahati - Sukajadi, Sindangkasih, Kec. Beber, Kabupaten Cirebon, Jawa Barat 45172",Kabupaten Cirebon,"
0896-7565-6513",-6.6939835,108.2585933,Peternakan Kambing
Peternakan kambing berkah jaya abadi,"
Jl. Ki Gede Mayung Jl. Desa Mayung No.25, RT./rw/RW.03/03, Sambeng, Kec. Gunungjati, Kabupaten Cirebon, Jawa Barat 45151",Kabupaten Cirebon,"
0821-2982-3399",-6.6939835,108.2585933,Peternakan Kambing
Juragan Kambing Cirebon,"
Kemlakagede, Kec. Tengah Tani, Kabupaten Cirebon, Jawa Barat 45153",Kabupaten Cirebon,"
0895-3798-52771",-6.6939835,108.2585933,Peternakan Kambing
"JUAL KAMBING QURBAN CIREBON ""Abdul Manaf""","
JL. Pembangunan barat 16 No.32A RT.04/07 MEKARSARI BARU, Tuk, Kec. Kedawung, Kabupaten Cirebon, Jawa Barat 45153",Kabupaten Cirebon,"
0813-2407-1725",-6.6939835,108.2585933,Peternakan Kambing
Peternakan kambing perah etawa,"
Jl. Raya Dukuh Sinjang gang pabokoran No.4, desa babakangebang, kec:babakan kab:cirebon, Kabupaten Cirebon, Jawa Barat 45191",Kabupaten Cirebon,-,-6.8626336,108.4292095,Peternakan Kambing
"""PETERNAKAN KAMBING BAPAK SATARI""/ ""MR. SATARI'S GOAT FARM""","
Blok ketembo Jl. Astapada - Kedungdawa No.68, RT./RW/RW.04/03, Astapada, Kec. Tengah Tani, Kabupaten Cirebon, Jawa Barat 45153",Kabupaten Cirebon,"
0878-9974-8674",-6.7159693,108.2277756,Peternakan Kambing
Ternak Kambing Mang Jum,"
Keduanan, Kec. Depok, Kabupaten Cirebon, Jawa Barat 45155",Kabupaten Cirebon,-,-6.7159693,108.2277756,Peternakan Kambing
Ternak Kambing Jawa (JALA KARYA),"
Pengarengan, Kec. Pangenan, Kabupaten Cirebon, Jawa Barat 45182",Kabupaten Cirebon,"
0831-8722-0101",-6.7159693,108.2277756,Peternakan Kambing
Peternakan Kambing kempek,"
Jl. Pondok Pesantren Kempek No.Blok 1, Kempek, Kec. Gempol, Kabupaten Cirebon, Jawa Barat 45161",Kabupaten Cirebon,-,-6.7159693,108.2277756,Peternakan Kambing
Susu Kambing Etawa Murni Reba Farm,"
Jl. Olahraga Blok Setu Oncom, RT.12/RW.05, Setu Wetan, Kec. Weru, Kabupaten Cirebon, Jawa Barat 45154",Kabupaten Cirebon,-,-6.7159693,108.2277756,Peternakan Kambing
ARJUNA FARM KAMBING DAN DOMBA,"
F9CW+X5X, Manguntara, Kec. Kertasemaya, Kabupaten Indramayu, Jawa Barat 45274",Kabupaten Cirebon,"
0831-0227-4631",-6.7159693,108.2277756,Peternakan Kambing
Kambing Kiloan,"
Jl. Merdeka Utara, Ciledug Kulon, Kec. Ciledug, Kabupaten Cirebon, Jawa Barat 45188",Kabupaten Cirebon,"
0852-0119-0119",-6.8939957,108.4628161,Peternakan Kambing
Susu Kambing Murni Cirebon,"
Jl. Karangmekar, Karangmalang, Kec. Karangsembung, Kabupaten Cirebon, Jawa Barat 45186",Kabupaten Cirebon,-,-6.8939957,108.4628161,Peternakan Kambing
Peternakan Zaki Mulya Domba,"
7FQF+XFF, 7FQF+XFFKarangmulyaKec, Kec. Plumbon, Kabupaten Cirebon, Jawa Barat 45155",Kabupaten Cirebon,"
0821-1775-8199",-6.7100652,108.1852659,Peternakan Kambing
Toko Pakan Ternak Ruminansia UB88FARM,"
Warukawung, Kec. Depok, Kabupaten Cirebon, Jawa Barat 45155",Kabupaten Cirebon,"
0857-8072-6029",-6.7100652,108.1852659,Peternakan Kambing
PANCER JAYA FARM ( Peternakan Domba Garut ),"
Patokan polsek gempol, Jl. Pandawa V, Pegagan, Kec. Palimanan, Kabupaten Cirebon, Jawa Barat 45161",Kabupaten Cirebon,"
0831-8016-7923",-6.7100652,108.1852659,Peternakan Kambing
Surya Farm Cirebon,"
7F3J+JC9, Kaliwadas, Kec. Sumber, Kabupaten Cirebon, Jawa Barat 45611",Kabupaten Cirebon,-,-6.7100652,108.1852659,Peternakan Kambing
Ternak kambing H.nawidi,"
Jl. Karang Jati No.96, RT.02/RW.07, Kalisapu, Kec. Gunungjati, Kabupaten Cirebon, Jawa Barat 45151",Kabupaten Cirebon,-,-6.7100652,108.1852659,Peternakan Kambing
Perternakan kambing Sihabudin,"
9FF8+3RC, Jl durian Tegal gubug lor Bl. Lima, darul Fatonah, Kec. Arjawinangun, Kabupaten Cirebon, Jawa Barat 45163",Kabupaten Cirebon,"
0831-5590-4002",-6.7100652,108.1852659,Peternakan Kambing
Kambing SIDA PAYU,"
Jl. Babakan Irigasi, Bringin, Kec. Ciwaringin, Kabupaten Cirebon, Jawa Barat 45167",Kabupaten Cirebon,"
0895-3430-71886",-6.7100652,108.1852659,Peternakan Kambing
Kapassutra Farm JUAL KAMBING DAN SAPI BERHADIAH,"
Jl. Sunan Gn. Jati Desa, RT.02/RW.07, Karangkendal, Kec. Kapetakan, Kabupaten Cirebon, Jawa Barat 45152",Kabupaten Cirebon,"
0811-2436-999",-6.7100652,108.1852659,Peternakan Kambing
"Susu Kambing Segar "" Bumi Creamery ""","
Blok 1, Getrakmoyan, Kec. Pangenan, Kabupaten Cirebon, Jawa Barat 45182",Kabupaten Cirebon,"
0878-3488-0023",-6.8319448,108.4037034,Peternakan Kambing
Jual beli sapi kambing domba Cirebon H. Heri,"
Penpen, Kec. Mundu, Kabupaten Cirebon, Jawa Barat 45173",Kabupaten Cirebon,"
0895-2983-8350",-6.8319448,108.4037034,Peternakan Kambing
Sahabat Pelung,"
Jl. Ki Ageng Tapa Jl. Kebon Kunir No.03, Kedungjaya, Kec. Kedawung, Kabupaten Cirebon, Jawa Barat 45153",Kabupaten Cirebon,"
0821-2111-1946",-6.712232,108.233599,Peternakan Kambing
CV. KAPASSUTRA FARM peternakan Sapi dan Kambing,"
Jl. Ki Ageng Tapa Jl. Kebon Kunir No.03, Kedungjaya, Kec. Kedawung, Kabupaten Cirebon, Jawa Barat 45153",Kabupaten Cirebon,"
0821-2111-1946",-6.712232,108.233599,Peternakan Kambing
Rumah Aqiqah Cirebon,"
Jl. Stasiun No.12B, Kesenden, Kec. Kejaksan, Kota Cirebon, Jawa Barat 45121",Kabupaten Cirebon,"
0851-0032-2731",-6.7048692,108.4118433,Aqiqah
Aqiqah Express Office Cirebon,"
Jl. Jenderal Sudirman Kp. Wanacala, RT.005/RW.008, Harjamukti, Kec. Harjamukti, Kabupaten Cirebon, Jawa Barat 45143",Kabupaten Cirebon,"
0813-1159-6118",-6.7048692,108.4118433,Aqiqah
Shaqueena Aqiqah,"
Jl. Raya Kedawung Jl. Pulomas 2 No.324, RT.4/RW.2, Kedawung, Kec. Kedawung, Kabupaten Cirebon, Jawa Barat 45153",Kabupaten Cirebon,"
0819-5253-6899",-6.7048692,108.4118433,Aqiqah
AL AQIQAH CIREBON,"
Jl. Sunan Drajat, Sumber, Kec. Sumber, Kabupaten Cirebon, Jawa Barat 45611",Kabupaten Cirebon,"
0822-9585-5550",-6.7629352,108.3315912,Aqiqah
Aqiqah Cirebon,"
Jl. Karya Bhakti III Jl. Kalitanjung P.Grenjeng, RT./Rw/RW.04/06, Harjamukti, Kec. Harjamukti, Kota Cirebon, Jawa Barat 45143",Kabupaten Cirebon,"
0811-2223-500",-6.7629352,108.3315912,Aqiqah
Jago Aqiqah Cirebon,"
Jl. Nyi Ageng Serang Blok Kadutilu, Sindangmekar, Kec. Dukupuntang, Kabupaten Cirebon, Jawa Barat 45652",Kabupaten Cirebon,"
0896-7776-7447",-6.7629352,108.3315912,Aqiqah
Banati Aqiqah,"
Jl. Kesambi No.201A, Drajat, Kec. Kesambi, Kota Cirebon, Jawa Barat 45134",Kabupaten Cirebon,"
0813-8190-3859",-6.7334894,108.4094953,Aqiqah
Aqiqah & Catering Nurhidayati,"
Kebarepan, Kec. Plumbon, Kabupaten Cirebon, Jawa Barat 45155",Kabupaten Cirebon,"
0852-3502-9333",-6.7046764,108.3203577,Aqiqah
Cirebon Aqiqah Perum,"
7H26+7QQ, Jl. Gn. Pangrango 3DXI, Larangan, Kec. Harjamukti, Kota Cirebon, Jawa Barat 45141",Kabupaten Cirebon,"
0852-0153-9141",-6.7492949,108.4177869,Aqiqah
Central Aqiqah,"
8F6H+9HW, Kedungsana, Kec. Plumbon, Kabupaten Cirebon, Jawa Barat 45155",Kabupaten Cirebon,"
0851-6185-2015",-6.6887009,108.3343382,Aqiqah
Raja Aqiqah Cirebon,"
Jl. Simaja Selatan No.15, Drajat, Kec. Kesambi, Kota Cirebon, Jawa Barat 45133",Kabupaten Cirebon,-,-6.7327082,108.4121921,Aqiqah
Catering Akikah Umi Izza - Wilayah 3 Cirebon,"
Perumahan Green, Astapada, Kec. Tengah Tani, Kabupaten Cirebon, Jawa Barat 45154",Kabupaten Cirebon,"
0852-2465-7525",-6.7327082,108.4121921,Aqiqah
Aqiqah Anak Shaleh Cirebon,"
Jl. Ki Gede Mayaguna No.28, RT.01/RW.03, Watubelah, Kec. Sumbar 45611, Kabupaten Cirebon, Jawa Barat 45188",Kabupaten Cirebon,"
0812-2352-7270",-6.7392468,108.3459943,Aqiqah
Dapur Sentra Aqiqah Cirebon,"
Perumahan Graha Kartika Kenanga Blok H32, Kenanga, Kec. Plumbon, Kabupaten Cirebon, Jawa Barat 45155",Kabupaten Cirebon,"
0823-1968-0008",-6.7392468,108.3459943,Aqiqah
JAUZA Aqiqah & Qurban,"
Jl. Sunan Gn. Jati No.57 Rt.01/02, Jadimulya, Kec. Gunungjati, Kabupaten Cirebon, Jawa Barat 45151",Kabupaten Cirebon,"
0896-9677-7526",-6.7392468,108.3459943,Aqiqah
Aqiqah Catering Putri,"
Jl. Gn. Kelud II No.146, Larangan, Kec. Harjamukti, Kota Cirebon, Jawa Barat 45142",Kabupaten Cirebon,"
0831-8101-5343",-6.7392468,108.3459943,Aqiqah
Attaqi Aqiqah,"
Jl. Sukasari 8, Sukapura, Kec. Kejaksan, Kota Cirebon, Jawa Barat 45122",Kabupaten Cirebon,"
0812-2412-2677",-6.7392468,108.3459943,Aqiqah
H. Miskam Aqiqah & Hewan Qurban,"
Jalan kalijaga gang prabayaksa 4 rt.03 rw.02, Kalijaga, Kec. Harjamukti, Kota Cirebon, Jawa Barat 45144",Kabupaten Cirebon,"
0817-0681-055",-6.7392468,108.3459943,Aqiqah
Hasya Aqiqah,"
3PW9+HRM, Pabuaran Lor, Kec. Pabuaran, Kabupaten Cirebon, Jawa Barat 45188",Kabupaten Cirebon,"
0898-788-212",-6.9035346,108.5753498,Aqiqah
Kandang AL AQIQAH,"
7GWF+H2Q, Jl. Pahlawan, Dawuan, Kec. Tengah Tani, Kabupaten Cirebon, Jawa Barat 45153",Kabupaten Cirebon,-,-6.7036133,108.3784027,Aqiqah
AZHAR NUR AQIQAH,"
Gg Sidepok, Kertawinangun, Kec. Kedawung, Kabupaten Cirebon, Jawa Barat 45153",Kabupaten Cirebon,"
0852-9571-7555",-6.7036133,108.3784027,Aqiqah
PONDOK RALANA AQIQAH,"
Jl. Sumber Wangi IV No.65, GSI, Tukmudal, Kec. Sumber, Kabupaten Cirebon, Jawa Barat 45611",Kabupaten Cirebon,"
0857-7777-8792",-6.7036133,108.3784027,Aqiqah
Aqiqah Elsyifa Adah,"
Perumahan Gerbang Permai, Jl. Flamboyan 2 No.16, Pamengkang, Kec. Mundu, Kabupaten Cirebon, Jawa Barat 45173",Kabupaten Cirebon,"
0881-7846-004",-6.7036133,108.3784027,Aqiqah
Nur Aqiqah,"
Jalan Kandang, RT.03/RW.13, Karyamulya, Kec. Kesambi, Kota Cirebon, Jawa Barat 45131",Kabupaten Cirebon,"
0896-7253-2327",-6.7036133,108.3784027,Aqiqah
Pondok Aqiqah Al Aslan,"
6FQV+FVX, Gg. Mawar, Wanasaba Lor, Kec. Talun, Kabupaten Cirebon, Jawa Barat 45171",Kabupaten Cirebon,"
0895-2602-9127",-6.7036133,108.3784027,Aqiqah
UPTD Rumah Potong Hewan Labkesmas,"
Jl. Kalijaga No.186B, Pegambiran, Kec. Lemahwungkuk, Kota Cirebon, Jawa Barat 45113",Kabupaten Cirebon,"
(0231) 201450",-6.7491872,108.0107057,Rumah Potong Hewan
RPH Battembat,"
7GV9+C2F, Battembat, Kec. Tengah Tani, Kabupaten Cirebon, Jawa Barat 45153",Kabupaten Cirebon,-,-6.7491872,108.0107057,Rumah Potong Hewan
RPH Rizqoena,"
Jl. Semanan Kalideres, Tegalgubug, Kec. Arjawinangun, Kabupaten Cirebon, Jawa Barat 45162",Kabupaten Cirebon,"
0813-2499-2000",-6.7491872,108.0107057,Rumah Potong Hewan
"Rumah Potong Ayam tersertifikasi ""SRIKANDI""","
Jl. Pangeran Cakrabuana No.10, Kemantren, Kec. Sumber, Kabupaten Cirebon, Jawa Barat 45611",Kabupaten Cirebon,"
0853-2201-7452",-6.7491872,108.0107057,Rumah Potong Hewan
UPTD Rumah Potong Hewan (RPH/RPU) Kabupaten Indramayu,"
Terusan, Kec. Indramayu, Kabupaten Indramayu, Jawa Barat 45223",Kabupaten Cirebon,"
0877-7000-7770",-6.3376942,107.7309007,Rumah Potong Hewan
Rumah Pemotongan Ayam Ibu Uut,"
Blok Kedempetan, Rumah warna Orange, Cempaka, Kec. Plumbon, Kabupaten Cirebon, Jawa Barat 45155",Kabupaten Cirebon,"
0821-2071-7971",-6.3376942,107.7309007,Rumah Potong Hewan
Rumah pemotongan hewan,"
23M2+G83, Kemiriamba, Kec. Jatibarang, Kabupaten Brebes, Jawa Tengah 52261",Kabupaten Cirebon,-,-6.9662289,108.4740113,Rumah Potong Hewan
Howla Vet & Care,"
Ruko Cirebon Business Centre Blok D. 12A, Sutawinangun, Kec. Kedawung, Kota Cirebon, Jawa Barat 45153",Kabupaten Cirebon,"
0822-2604-1701",-6.7111544,107.9713209,Rumah Potong Hewan
RPH (Rumah Pemotongan Hewan) Brebes Limbangan Wetan,"
43W7+XFV, Sawah, Limbangan Wetan, Kec. Brebes, Kabupaten Brebes, Jawa Tengah 52218",Kabupaten Cirebon,-,-6.8525187,108.4868916,Rumah Potong Hewan
Rumah Pemotongan Hewan Lebe Asmawi,"
4397+QQX, Banjaranyar, Kec. Brebes, Kabupaten Brebes, Jawa Tengah 52216",Kabupaten Cirebon,"
0882-1677-3621",-6.8525187,108.4868916,Rumah Potong Hewan
Rumah Penyembelihan Hewan Qurban Al Ishlah,"
343M+M5C, Jl. Pekaleman, Tembok Lor, Kec. Adiwerna, Kabupaten Tegal, Jawa Tengah 52194",Kabupaten Cirebon,-,-6.8525187,108.4868916,Rumah Potong Hewan
Dokter Hewan Bambang Pets Care,"
Jalan Gerilyawan No.4, Drajat, Kec. Kesambi, Kota Cirebon, Jawa Barat 45133",Kabupaten Cirebon,"
0822-1500-0776",-6.7352726,107.9770471,Rumah Potong Hewan
Eshan Exotic Petshop,"
Jl. Ki Gede Mayaguna No.07, Pasalakan, Kec. Sumber, Kabupaten Cirebon, Jawa Barat 45611",Kabupaten Cirebon,"
0898-7328-532",-6.7352726,107.9770471,Rumah Potong Hewan
Pawsitive Animal Clinic,"
Jl. Dukuh Semar No.36, Kecapi, Kec. Harjamukti, Kota Cirebon, Jawa Barat 45142",Kabupaten Cirebon,"
(0231) 8252495",-6.7352726,107.9770471,Rumah Potong Hewan
Rumah Bpk. Nono,"
6CWW+3HC, Sindangmekar, Kec. Dukupuntang, Kabupaten Cirebon, Jawa Barat 45652",Kabupaten Cirebon,-,-6.7352726,107.9770471,Rumah Potong Hewan
Pasar Hewan Plered (Pasar Ayam),"
Jl. Fatahillah No.79, Setu Kulon, Kec. Plered, Kabupaten Cirebon, Jawa Barat 45154",Kabupaten Cirebon,-,-6.7352726,107.9770471,Rumah Potong Hewan
UPT PUSKESWAN TENGAH TANI,"
6FRC+85P, Tukmudal, Kec. Sumber, Kabupaten Cirebon, Jawa Barat 45611",Kabupaten Cirebon,-,-6.7352726,107.9770471,Rumah Potong Hewan
Shine Vet Animal Care | Dokter Hewan Kota Cirebon,"
Jl. Terusan Cipto No.8, Pekiringan, Kec. Kesambi, Kota Cirebon, Jawa Barat 45153",Kabupaten Cirebon,"
0821-3666-6170",-6.7352726,107.9770471,Rumah Potong Hewan
Klinik Dokter Hewan Dyah Komala,"
Blok B1 No. 12A Griya Jadimulya, Jalan Raya Sunan Gunung Jati No.12A, Jadimulya, Jadimulya, Kec. Gunungjati, Kabupaten Cirebon, Jawa Barat 45151",Kabupaten Cirebon,"
0811-2421-241",-6.7352726,107.9770471,Rumah Potong Hewan
Dokter Hewan drh. Nur Azizah & drh. Budiono,"
Ruko Bukepin II, Blok A5, Kepongpongan, Kec. Talun, Kabupaten Cirebon, Jawa Barat 45171",Kabupaten Cirebon,"
0812-2019-5359",-6.7352726,107.9770471,Rumah Potong Hewan
Pusat Kesehatan Hewan Kota Cirebon,"
Jl. Kalijaga No.186C, Pegambiran, Kec. Lemahwungkuk, Kota Cirebon, Jawa Barat 45113",Kabupaten Cirebon,"
(0231) 8336640",-6.7352726,107.9770471,Rumah Potong Hewan
rumah potong indah,"
89Q9+9MG, Wiyong, Kec. Susukan, Kabupaten Cirebon, Jawa Barat 45166",Kabupaten Cirebon,-,-6.7352726,107.9770471,Rumah Potong Hewan
Paw Station Cipeujeuh,"
Jalan Raya, Cipeujeuh, Kec. Lemahabang, Kabupaten Cirebon, Jawa Barat 45183",Kabupaten Cirebon,"
0822-9520-9998",-6.7352726,107.9770471,Rumah Potong Hewan
Kandang domba dayeuhluhur,"
58H4+79P, Bayureja, Kec. Sindang, Kabupaten Majalengka, Jawa Barat 45471",Kabupaten Majalengka,-,-6.8217879,108.0175766,Kandang Domba
Kandang domba Bibit Sae,"
67F4+3CV, Jl.dukuh kemis, Wanajaya, Kec. Kasokandel, Kabupaten Majalengka, Jawa Barat 45453",Kabupaten Majalengka,-,-6.8217879,108.0175766,Kandang Domba
KANDANG AYAM & DOMBA AOCAD ANISA FARM,"
282R+279, Sindang, Kec. Cikijing, Kabupaten Majalengka, Jawa Barat 45466",Kabupaten Majalengka,-,-6.8217879,108.0175766,Kandang Domba
kandang domba pak.heni,"
38H3+HXJ, Sagara, Kec. Argapura, Kabupaten Majalengka, Jawa Barat 45462",Kabupaten Majalengka,"
0856-2407-7001",-6.8217879,108.0175766,Kandang Domba
KANDANG DOMBA mangkuraga,"
68FQ+H5M, Jl. Mangkuraga, Rajagaluh Lor, Kec. Rajagaluh, Kabupaten Majalengka, Jawa Barat 45472",Kabupaten Majalengka,"
0812-1223-6088",-6.8217879,108.0175766,Kandang Domba
Arkhanza Farm (Peternakan Domba),"
374Q+H3V, Cihaur, Kec. Bantarujeg, Kabupaten Majalengka, Jawa Barat 45464",Kabupaten Majalengka,"
0811-200-639",-6.8217879,108.0175766,Kandang Domba
Kandang Domba CO Putra Group,"
86QR+96J, Unnamed Road, Beber, Kec. Ligung, Kabupaten Majalengka, Jawa Barat 45456",Kabupaten Majalengka,"
0821-3045-0128",-6.8217879,108.0175766,Kandang Domba
Kandang domba alvino,"
676G+MV9, Jl. Suralaya, Sukaraja Wetan, Kec. Jatiwangi, Kabupaten Majalengka, Jawa Barat 45454",Kabupaten Majalengka,-,-6.8217879,108.0175766,Kandang Domba
Kampoeng Domba,"
Majalengka Kulon, Kec. Majalengka, Kabupaten Majalengka, Jawa Barat 45418",Kabupaten Majalengka,"
0813-2470-5869",-6.8217879,108.0175766,Kandang Domba
Kandang domba agroforestry,"
67C3+V2W, Wanajaya, Kec. Kasokandel, Kabupaten Majalengka, Jawa Barat 45453",Kabupaten Majalengka,-,-6.8217879,108.0175766,Kandang Domba
Kandang Domba OK Farm,"
88W3+QWV, Leuweunghapit, Kec. Ligung, Kabupaten Majalengka, Jawa Barat 45456",Kabupaten Majalengka,-,-6.8217879,108.0175766,Kandang Domba
Putri Mahkota FARM Kandang Domba Aqiqah & Qurban,"
97Q7+797, Sumber Wetan, Kec. Jatitujuh, Kabupaten Majalengka, Jawa Barat 45458",Kabupaten Majalengka,-,-6.8217879,108.0175766,Kandang Domba
Kandang domba iyus,"
8878+5QM, Desa, Pancaksuji, Sumberjaya, Majalengka Regency, West Java 45455",Kabupaten Majalengka,-,-6.8217879,108.0175766,Kandang Domba
Peternakan Domba Majalengka,"
Ds, Cikeusik, Kec. Sukahaji, Kabupaten Majalengka, Jawa Barat 45471",Kabupaten Majalengka,"
0813-2003-4893",-6.8217879,108.0175766,Kandang Domba
Barokah Domba,"
Kumbung, Kec. Rajagaluh, Kabupaten Majalengka, Jawa Barat 45472",Kabupaten Majalengka,"
0895-0867-2959",-6.8217879,108.0175766,Kandang Domba
Peternakan Domba Majalengka Akim Farm,"
Jl. Binaraga No.02 Blok Ahad, RT.01, Bongas Wetan, Kec. Sumberjaya, Kabupaten Majalengka, Jawa Barat 45455",Kabupaten Majalengka,"
0858-6069-9055",-6.8217879,108.0175766,Kandang Domba
Tirtakarya EduFarm Peternakan Domba Dorper & Cross,"
Lingk. Bayu Endah Rt. 05 Rw. 02, Gang Lele 1, Kelurahan Tarikolot, Kec. Majalengka, Kab. Majalengka, Jawa Barat, Indonesia, Tarikolot, Kec. Majalengka, Kabupaten Majalengka, Jawa Barat 45416",Kabupaten Majalengka,"
0812-8952-4978",-6.8217879,108.0175766,Kandang Domba
Peternakan Domba Garut Bpk. Adok,"
79P3+J84, Jl. Gelok Mulya, Banjaran, Kec. Sumberjaya, Kabupaten Majalengka, Jawa Barat 45468",Kabupaten Majalengka,"
0813-1233-4360",-6.8217879,108.0175766,Kandang Domba
Kandang Kambing,"
4862+HHC, Maja Sel., Kec. Maja, Kabupaten Majalengka, Jawa Barat 45461",Kabupaten Majalengka,-,-6.8217879,108.0175766,Kandang Domba
Jual Beli Domba Majalengka,"
47R4+9CR, Kulur, Kec. Majalengka, Kabupaten Majalengka, Jawa Barat 45411",Kabupaten Majalengka,"
0853-5391-5577",-6.8217879,108.0175766,Kandang Domba
Peternakan Domba Bagja Muda,"
283X+G8G, Sukasari, Kec. Cikijing, Kabupaten Majalengka, Jawa Barat 45466",Kabupaten Majalengka,"
0831-5666-0748",-6.8217879,108.0175766,Kandang Domba
Peternakan Domba Kuring,"
38WJ+J3J, Sukadana, Kec. Argapura, Kabupaten Majalengka, Jawa Barat 45462",Kabupaten Majalengka,"
0852-2339-3816",-6.8217879,108.0175766,Kandang Domba
Sahabat Tani Domba Garut,"
Blok Heuleut (talaga herang, Padaherang, Kec. Sindangwangi, Kabupaten Majalengka, Jawa Barat 45474",Kabupaten Majalengka,"
0822-1364-6156",-6.8217879,108.0175766,Kandang Domba
Kandang Domba M.Ato,"
9RJC+H44, Cikadu, Kec. Cijambe, Kabupaten Subang, Jawa Barat 41286",Kabupaten Majalengka,-,-6.6186137,107.5319401,Kandang Domba
Kandang Domba Memet jaya Farm,"
88W5+X8R, Leuweunghapit, Kec. Ligung, Kabupaten Majalengka, Jawa Barat 45456",Kabupaten Majalengka,-,-6.6525091,108.0198785,Kandang Domba
Domba dan kambing Kutamanggu jaya,"
57R4+V62, Jl. Jatiwangi - Majalengka, Kutamanggu, Kec. Cigasong, Kabupaten Majalengka, Jawa Barat 45476",Kabupaten Majalengka,-,-6.8078559,107.9671184,Peternakan Kambing
Peternakan Kambing Teh Ani,"
57PC+R5C, Babakan Manjeti, Kec. Sukahaji, Kabupaten Majalengka, Jawa Barat 45471",Kabupaten Majalengka,"
0813-1527-2431",-6.8078559,107.9671184,Peternakan Kambing
Ternak kambing dan ayam,"
6968+44, Buahkapas, Kec. Sindangwangi, Kabupaten Majalengka, Jawa Barat 45474",Kabupaten Majalengka,-,-6.8078559,107.9671184,Peternakan Kambing
Ternakan Kambing Pribadi,"
94F5+QHF, Mekarmulya, Kec. Kertajati, Kabupaten Majalengka, Jawa Barat 45457",Kabupaten Majalengka,-,-6.6255529,107.8205276,Peternakan Kambing
Salman Farm,"
Buahkapas, Kec. Sindangwangi, Kabupaten Majalengka, Jawa Barat 45474",Kabupaten Majalengka,"
0815-1117-9386",-6.7900625,108.0720464,Peternakan Kambing
Ternak Kambing Bu Ramini ProKUS Oorange,"
59J5+2HC, Teja, Kec. Rajagaluh, Kabupaten Majalengka, Jawa Barat 45472",Kabupaten Majalengka,-,-6.7900625,108.0720464,Peternakan Kambing
Pasar Hewan Maja,"
4883+F48, Maja Utara, Kec. Maja, Kabupaten Majalengka, Jawa Barat 45461",Kabupaten Majalengka,-,-6.7900625,108.0720464,Peternakan Kambing
Peternakan Domba Garut Sedjati EcoFarm,"
Tarikolot, RT.014/RW.006, Kulur, Kec. Majalengka, Kabupaten Majalengka, Jawa Barat 45411",Kabupaten Majalengka,"
0851-4831-8224",-6.7900625,108.0720464,Peternakan Kambing
PD kambing bp makin,"
266J+M7H, Sinargalih, Kec. Lemahsugih, Kabupaten Majalengka, Jawa Barat 45465",Kabupaten Majalengka,-,-6.7900625,108.0720464,Peternakan Kambing
Kawan Ternak ID,"
Bonang, Kec. Panyingkiran, Kabupaten Majalengka, Jawa Barat 45459",Kabupaten Majalengka,"
0851-7102-2134",-6.804132,107.8766069,Peternakan Kambing
Peternakan domba Sato Mandiri Farm,"
Simpur, RT 01 RW 03, Desa Dayeuhwangi, Sadawangi, Kec. Lemahsugih, Kabupaten Majalengka, Jawa Barat 45465",Kabupaten Majalengka,"
0831-3516-7243",-6.804132,107.8766069,Peternakan Kambing
Sumber Hijau Farm,"
Kedungkencana, Kec. Ligung, Kabupaten Majalengka, Jawa Barat 45456",Kabupaten Majalengka,"
0851-9423-3421",-6.6290609,108.0403077,Peternakan Kambing
Mitra Tarung (Ternak Agribisnis Ruminansia dan Unggas),"
67WF+GXF, Sebelah barat lapang bola, Leuweunggede, Kec. Jatiwangi, Kabupaten Majalengka, Jawa Barat 45454",Kabupaten Majalengka,"
0821-4590-1119",-6.6290609,108.0403077,Peternakan Kambing
HANALA ETAWA FARM,"
6VQP+G46, Sukamantri, Kec. Tanjungkerta, Kabupaten Sumedang, Jawa Barat 45354",Kabupaten Majalengka,"
0823-1717-8698",-6.7612134,107.5968773,Peternakan Kambing
Sada Roha Farm Majalengka,"
Cieurih Kalujaran, Cieurih, Kec. Maja, Kabupaten Majalengka, Jawa Barat 45461",Kabupaten Majalengka,"
0813-1948-0195",-6.8725609,107.9780669,Peternakan Kambing
"Peternakan Domba Garut ""PUTRA MANDIRI""","
78JV+2MP, Ciparay, Kec. Leuwimunding, Kabupaten Majalengka, Jawa Barat 45473",Kabupaten Majalengka,"
0896-2267-0906",-6.8725609,107.9780669,Peternakan Kambing
Peternakan Durrahman,"
65J8+VR2, Desa Ranjikulon, Dawuan, Kadipaten, Kec. Jatiwangi, Kabupaten Majalengka, Jawa Barat 45452",Kabupaten Majalengka,"
(0233) 882285",-6.8725609,107.9780669,Peternakan Kambing
LESTARI Farm Peternakan Ayam,"
Desa, Cihaur, Kec. Maja, Kabupaten Majalengka, Jawa Barat 45461",Kabupaten Majalengka,"
0811-2012-909",-6.8725609,107.9780669,Peternakan Kambing
Cibungur Farm,"
Dusun Sawah Batu, Cibungur, Kec. Rancakalong, Kabupaten Sumedang, Jawa Barat 45361",Kabupaten Majalengka,"
0822-1358-9867",-6.8013196,107.5773707,Peternakan Kambing
PETERNAKAN DOMBA GARUT BP SYAFI'I,"
8937+7MV, Unnamed Road, Parapatan, Kec. Sumberjaya, Kabupaten Majalengka, Jawa Barat 45455",Kabupaten Majalengka,"
0813-2449-9224",-6.6967631,108.0757741,Peternakan Kambing
Padepokan Domba garut,"
X8C8+MR6, Jl. Desa Cidadap, Cidadap, Kec. Cingambul, Kabupaten Majalengka, Jawa Barat 45467",Kabupaten Majalengka,"
0812-2332-8068",-7.0283267,108.0286089,Peternakan Kambing
Aqiqah Elsyifa Majalengkaku,"
568G+26C, Jl. Kh. Abdul Halim, Majalengka Kulon, Kec. Majalengka, Kabupaten Majalengka, Jawa Barat 45418",Kabupaten Majalengka,"
0811-2443-447",-6.8349338,107.9371327,Aqiqah
Mama Soim [Kandang Sentra Aqiqah Majalengka],"
Gg. Cipta Karya 3 Blok Ahad, RT.002/RW.001, Heuleut, Kec. Kadipaten, Kabupaten Majalengka, Jawa Barat 45452",Kabupaten Majalengka,"
0852-2082-1446",-6.8349338,107.9371327,Aqiqah
Aqiqah Majalengka,"
Villa, Jl. Cibasale No.Blok B, Majalengka Kulon, Kec. Majalengka, Kabupaten Majalengka, Jawa Barat 45418",Kabupaten Majalengka,"
0895-3933-78080",-6.8349338,107.9371327,Aqiqah
Kantor Aqiqah Elsyifa Majalengka | Aqiqah Majalengka,"
Blok Dukuh Bitung, RT.02/RW.05, Karangsambung, Kec. Kadipaten, Kabupaten Majalengka, Jawa Barat 45452",Kabupaten Majalengka,-,-6.8349338,107.9371327,Aqiqah
Putri/a Aqiqah Majalengka,"
Jalan Cangkore BLOK BABAKAN INDAH RT.02/RW.10 Ds, Kasokandel, Kec. Kasokandel, Kabupaten Majalengka, Jawa Barat 45453",Kabupaten Majalengka,"
0853-2032-1228",-6.8349338,107.9371327,Aqiqah
KABSUN AQIQAH CAB.MAJALENGKA,"
Jl. Siti Armilah Arminah (Komplek Pesantren No.PERSIS 92, Majalengka Kulon, Kec. Majalengka, Kabupaten Majalengka, Jawa Barat 45418",Kabupaten Majalengka,"
0852-1863-5858",-6.8349338,107.9371327,Aqiqah
AQIQAH-QU (Aqiqah & Qurban,"
Jl. Raya Leuwikidang No.5 Blok 2, Leuwikidang, Kec. Kasokandel, Kabupaten Majalengka, Jawa Barat 45453",Kabupaten Majalengka,"
0812-8807-4094",-6.8349338,107.9371327,Aqiqah
Odah Aqiqah,"
Blok I Dukuh Andar, RT.1/RW.1, Paningkiran, Kec. Sumberjaya, Kabupaten Majalengka, Jawa Barat 45455",Kabupaten Majalengka,"
0813-9559-4560",-6.8349338,107.9371327,Aqiqah
Altasyach Aqiqah,"
65FG+H2F Lapangsari, RT.05 RW13, Liangjulang, Kec. Kadipaten, Kabupaten Majalengka, Jawa Barat 45452",Kabupaten Majalengka,-,-6.8349338,107.9371327,Aqiqah
Aqiqah & Qurban Syariah,"
Depan bengkel motor, Blok sokajaya, RT./rw/RW.002/002, Cisoka, Kec. Cikijing, Kabupaten Majalengka, Jawa Barat 45466",Kabupaten Majalengka,"
0853-2001-7607",-7.040561,108.0876841,Aqiqah
Gerai Qurban Dan Aqiqah Iyus Ijah,"
Jl. Desa Panyingkiran Blok cempaka No.07, RT./14Rw, Panyingkiran, Kec. Panyingkiran, Kabupaten Majalengka, Jawa Barat 45459",Kabupaten Majalengka,-,-6.8056897,107.9013494,Aqiqah
Aqiqah & Kebuli Majalengka,"
Jl. Babakan Koda Gg. Makmur No.Rt 14, Lingkungan Margarahayu, Cicurug, Kec. Majalengka, Kabupaten Majalengka, Jawa Barat 45412",Kabupaten Majalengka,"
0821-3090-5549",-6.8056897,107.9013494,Aqiqah
Qurban dan Aqiqah Kang Iyus,"
55VP+GX5, Blok cempaka, RT./14/RW./0, Panyingkiran, Kec. Panyingkiran, Kabupaten Majalengka, Jawa Barat 45459",Kabupaten Majalengka,-,-6.8056897,107.9013494,Aqiqah
Rumah Potong ayam #NFbroiler,"
Jl. Ampera, Kadipaten, Kec. Kadipaten, Kabupaten Majalengka, Jawa Barat 45452",Kabupaten Majalengka,"
0813-8291-6078",-6.7661269,107.594466,Rumah Potong Hewan
Mulya abadi Farm,"
Jl. Cikijing - Kawali No.31, Sukamukti, Kec. Cikijing, Kabupaten Majalengka, Jawa Barat 45466",Kabupaten Majalengka,"
0812-8111-7181",-6.7661269,107.594466,Rumah Potong Hewan
Rumah Potong Ayam ( CV Prakarsa Putra Broiler ),"
77F3+3V2, Jl. Lanud Sukani, Mekarsari, Kec. Jatiwangi, Kabupaten Majalengka, Jawa Barat 45454",Kabupaten Majalengka,"
0821-2727-5532",-6.7661269,107.594466,Rumah Potong Hewan
Rumah potong ayam fadhila alya,"
Sukapulang, Kepuh, Kec. Lemahsugih, Kabupaten Majalengka, Jawa Barat 45465",Kabupaten Majalengka,-,-6.7661269,107.594466,Rumah Potong Hewan
Pemotongan ayam sayur & kelapa parut,"
Sukaraja Wetan, Kec. Jatiwangi, Kabupaten Majalengka, Jawa Barat 45454",Kabupaten Majalengka,"
0898-7388-266",-6.7661269,107.594466,Rumah Potong Hewan
"Rumah Potong Ayam ""Binuang""","
65MC+F89, Jl. Pasar, Kadipaten, Kec. Kadipaten, Kabupaten Majalengka, Jawa Barat 45452",Kabupaten Majalengka,-,-6.7661269,107.594466,Rumah Potong Hewan
RPA (Rumah Potong Ayam),"
X9VF+56V Depan SDN Jagasari 4, Jl Demang Semeru Blok Colom, Tonggoh, Jagasari, Kec. Cikijing, Kabupaten Majalengka, Jawa Barat 45466",Kabupaten Majalengka,-,-6.7661269,107.594466,Rumah Potong Hewan
RPH Subang,"
Jl. Marsinu No.6, Cigadung, Kec. Subang, Kabupaten Subang, Jawa Barat 41211",Kabupaten Majalengka,"
0852-2096-9154",-6.5496066,107.1856791,Rumah Potong Hewan
RPA Nakanata Ayam Cemerlang,"
4P3F+MXC, Cilengkrang, Kec. Cilengkrang, Kabupaten Bandung, Jawa Barat 40615",Kabupaten Majalengka,"
0821-2015-0888",-6.5496066,107.1856791,Rumah Potong Hewan
Penjual Sapi Qurban Majalengka,"
Gg. Simpay Asih No.09, Majalengka Wetan, Kec. Majalengka, Kabupaten Majalengka, Jawa Barat 45411",Kabupaten Majalengka,"
0855-7627-225",-6.8373081,107.6588551,Rumah Potong Hewan
"Dokter Hewan Majalengka (Ghanisa Petshop, Grooming, Praktek Dokter Hewan)","
Jl. Mutiara, Rajagaluh Lor, Kec. Rajagaluh, Kabupaten Majalengka, Jawa Barat 45472",Kabupaten Majalengka,"
0813-2376-7409",-6.8373081,107.6588551,Rumah Potong Hewan
Potong ayam jatiwangi,"
Blok ahad, Mekarsari, Kec. Jatiwangi, Kabupaten Majalengka, Jawa Barat 45454",Kabupaten Majalengka,-,-6.8373081,107.6588551,Rumah Potong Hewan
Dokter Hewan Majalengka,"
Jl. Kh. Abdul Halim, Cijati, Kec. Majalengka, Kabupaten Majalengka, Jawa Barat 45417",Kabupaten Majalengka,-,-6.8373081,107.6588551,Rumah Potong Hewan
Rumah Potong Ayam Samara,"
6924+2HH, Dusun 2, Babakankareo, Kec. Rajagaluh, Kabupaten Majalengka, Jawa Barat 45472",Kabupaten Majalengka,"
0812-8689-5748",-6.8373081,107.6588551,Rumah Potong Hewan
PT Charoen Pokphand Indonesia Tbk,"
Jl. Raya Cicalengka - Majalaya, Cikasungka, Kec. Cikancung, Kabupaten Bandung, Jawa Barat 40396",Kabupaten Majalengka,-,-7.0066126,107.2328674,Rumah Potong Hewan
Ayam Potong Pak Rawat,"
RT.03/RW.06, Babakan Manjeti, Kec. Sukahaji, Kabupaten Majalengka, Jawa Barat 45471",Kabupaten Majalengka,"
0853-2129-9767",-6.810151,107.6919128,Rumah Potong Hewan
Vetopian (Praktik Dokter Hewan),"
Jl. K.H.Abdul Halim No.83, Munjul, Kec. Majalengka, Kabupaten Majalengka, Jawa Barat 45418",Kabupaten Majalengka,"
0851-7700-0604",-6.810151,107.6919128,Rumah Potong Hewan
Seven March Pet Care - Majalengka,"
Jl. Raya Laswi No.29, Tonjong, Kec. Majalengka, Kabupaten Majalengka, Jawa Barat 45414",Kabupaten Majalengka,"
0877-4064-7573",-6.810151,107.6919128,Rumah Potong Hewan
Workshop Kandang Domba Sinar Arum,"
4Q3J+PR8, dusun nyalindung, RT.04/RW.02, Mekarsari, Sukasari, Sumedang Regency, West Java 45366",Kabupaten Sumedang,"
0896-2999-2963",-6.8957119,107.4936861,Kandang Domba
Kandang peternakan domba,"
4XG3+H45, Cikondang, Kec. Ganeas, Kabupaten Sumedang, Jawa Barat 45356",Kabupaten Sumedang,-,-6.8733393,107.6639415,Kandang Domba
Peternakan Domba Kang Aweng,"
Jl. Cikuda No.37, Cileles, Kec. Jatinangor, Kabupaten Sumedang, Jawa Barat 45363",Kabupaten Sumedang,"
0821-2110-6443",-6.9206136,107.4874513,Kandang Domba
Kandang domba bah uyun,"
4RXP+HM7, Jl. Cimanglid, Pasir Biru, Kec. Rancakalong, Kabupaten Sumedang, Jawa Barat 45361",Kabupaten Sumedang,-,-6.9206136,107.4874513,Kandang Domba
Peternakan Domba H.Ukar,"
Jl. N. Giriasih No.32, Cinanjung, Kec. Tanjungsari, Kabupaten Sumedang, Jawa Barat 45362",Kabupaten Sumedang,"
0813-9473-8037",-6.9206136,107.4874513,Kandang Domba
Kandang Domba PJA,"
73XR+H23, Sakurjaya, Kec. Ujung Jaya, Kabupaten Sumedang, Jawa Barat 45383",Kabupaten Sumedang,-,-6.7014463,107.8010028,Kandang Domba
KANDANG DOMBA SUKASIRNA (QURBAN DAN AQIQAH),"
Kampung Sukasirna, RT.:01 RW:04, Sirnasari, Kec. Jatinunggal, Kabupaten Sumedang, Jawa Barat 45376",Kabupaten Sumedang,"
0888-3182-019",-6.7014463,107.8010028,Kandang Domba
Dadan Domba Aqiqah dan Kurban,"
2VV6+675, Tegalmanggung, Kec. Cimanggung, Kabupaten Sumedang, Jawa Barat 45364",Kabupaten Sumedang,"
0857-9416-9112",-6.9569869,107.5723449,Kandang Domba
Berkah ternak domba garut,"
356C+C87, Sukamanah, Kec. Jatinunggal, Kabupaten Sumedang, Jawa Barat 45376",Kabupaten Sumedang,"
0815-7283-6410",-6.9389707,107.8824129,Kandang Domba
Kandang domba dan kambing PDP IBUJAGAT,"
Kp Cipicung No.ds rt02, RW.04, Cibungur, Rancakalong, Sumedang Regency, West Java 45354",Kabupaten Sumedang,-,-6.7488651,107.5959115,Kandang Domba
Kandang Domba H. Shogir,"
5V68+87M, Sirkuit Pasir Haji, Sukahayu, Kec. Rancakalong, Kabupaten Sumedang, Jawa Barat 45361",Kabupaten Sumedang,-,-6.7488651,107.5959115,Kandang Domba
Kandang Domba Adit,"
8X46+92J, Buahdua, Kec. Buahdua, Kabupaten Sumedang, Jawa Barat 45392",Kabupaten Sumedang,-,-6.7488651,107.5959115,Kandang Domba
Pasar Domba Tanjung Sari,"
3RV3+PGP, Jl. Daya Taruna No.20, Jatisari, Kec. Tanjungsari, Kabupaten Sumedang, Jawa Barat 45362",Kabupaten Sumedang,"
(022) 2501151",-6.7488651,107.5959115,Kandang Domba
Bumi Naluk Farm | Peternak Domba Pedaging Jawa Barat,"
Ds. Naluk Tanjung Kerta, RT.001/RW.004, Naluk, Kec. Cimalaka, Kabupaten Sumedang, Jawa Barat 45353",Kabupaten Sumedang,"
0878-2525-4455",-6.7488651,107.5959115,Kandang Domba
"Kandang ""SI BOS""","
Sukatali, Kec. Situraja, Kabupaten Sumedang, Jawa Barat 45371",Kabupaten Sumedang,"
0878-6844-6319",-6.7488651,107.5959115,Kandang Domba
Peternakan Kambing Pak Eman,"
Cijambu, Kec. Tanjungsari, Kabupaten Sumedang, Jawa Barat 45362",Kabupaten Sumedang,"
0823-1849-7899",-6.8391343,107.5105297,Peternakan Kambing
PETERNAKAN KAMBING A.H.Farm,"
7R5R+HQX, Cikaramas, Kec. Tanjungmedar, Kabupaten Sumedang, Jawa Barat 45354",Kabupaten Sumedang,-,-6.8391343,107.5105297,Peternakan Kambing
S E N J A FARM (peternakan kambing),"
6RGW+8QF, Wargaluyu, Kec. Tanjungmedar, Kabupaten Sumedang, Jawa Barat 45354",Kabupaten Sumedang,"
0895-2830-0244",-6.8391343,107.5105297,Peternakan Kambing
Peternakan Kambing Bapa Ojat,"
5Q7W+G3P, Jl. Ciawi, Cijambu, Kec. Tanjungsari, Kabupaten Sumedang, Jawa Barat 45362",Kabupaten Sumedang,"
0813-2165-9324",-6.8391343,107.5105297,Peternakan Kambing
The siti farm / wijaya kambing,"
25R2+WXJ, Banjarsari, Kec. Jatinunggal, Kabupaten Sumedang, Jawa Barat 45376",Kabupaten Sumedang,"
0812-8266-3549",-6.9576665,107.8640069,Peternakan Kambing
Pasar Hewan Tanjungsari,"
3RV3+P84, Jl. Pamagersari, Jatisari, Kec. Tanjungsari, Kabupaten Sumedang, Jawa Barat 45362",Kabupaten Sumedang,-,-6.9057477,107.5149312,Peternakan Kambing
Pangeran Domba Farm,"
7V2P+PCP, Sukatani, Kec. Tanjungmedar, Kabupaten Sumedang, Jawa Barat 45354",Kabupaten Sumedang,"
0821-1796-1532",-6.9057477,107.5149312,Peternakan Kambing
"Peternak Domba, Kambing dan puyuh","
Dusun Ciawilarangan, Ciherang, Kec. Sumedang Sel., Kabupaten Sumedang, Jawa Barat 12345",Kabupaten Sumedang,"
0852-7836-3535",-6.9057477,107.5149312,Peternakan Kambing
ternak unggas/sapi/ kambing,"
62QG+JPX, Padaasih, Kec. Conggeang, Kabupaten Sumedang, Jawa Barat 45391",Kabupaten Sumedang,"
0857-9466-4436",-6.760894,107.7384624,Peternakan Kambing
Asy Syifa Farm Sumedang,"
3WHR+XJ6, Cijolang, Citengah, Kec. Sumedang Sel., Kabupaten Sumedang, Jawa Barat 45311",Kabupaten Sumedang,"
0813-9441-5444",-6.760894,107.7384624,Peternakan Kambing
Peternakan Sapi Perah Bpk Odang,"
Gombong, RT./RW/RW.03/08, Cijambu, Kec. Tanjungsari, Kabupaten Sumedang, Jawa Barat 45362",Kabupaten Sumedang,"
0813-9999-8918",-6.8408021,107.5029749,Peternakan Kambing
Lase farm,"
Dusun Jl. Kareumbi, Margalaksana, Kec. Sumedang Sel., Kabupaten Sumedang, Jawa Barat 45313",Kabupaten Sumedang,"
0811-1221-994",-6.8408021,107.5029749,Peternakan Kambing
HARISBAYA FARM,"
Jl. Cibanen, Sukaraja, Kec. Cibugel, Kabupaten Sumedang, Jawa Barat 45375",Kabupaten Sumedang,-,-6.9715613,107.7551464,Peternakan Kambing
jual beli domba Fajar,"
4WQ4+H96, Sawah Bera, Pasanggrahan Baru, Kec. Sumedang Sel., Kabupaten Sumedang, Jawa Barat 45311",Kabupaten Sumedang,"
0887-0634-8048",-6.8610833,107.6174915,Peternakan Kambing
Aqiqah Sumedang Nurul Hayat,"
Jl. Angkrek No.84, Situ, Kec. Sumedang Utara, Kabupaten Sumedang, Jawa Barat 45621",Kabupaten Sumedang,"
0878-5300-0101",-6.8352126,107.6361373,Aqiqah
Dapur Aqiqah Sumedang,"
Jalan Pangeran Kornel. 217A RT. 001 RW. 001 ling, Warung Situ Kel, Kotakulon, Kec. Sumedang Sel., Kabupaten Sumedang, Jawa Barat 45362",Kabupaten Sumedang,"
0811-1111-1364",-6.8352126,107.6361373,Aqiqah
Sentra Aqiqah Sumedang,"
Jl. Mayor Abdurahman No.184, Kotakaler, Kec. Sumedang Utara, Kabupaten Sumedang, Jawa Barat 45621",Kabupaten Sumedang,"
0813-4313-5562",-6.8352126,107.6361373,Aqiqah
Aqiqah Sumedang Izi Aqiqah,"
Jl. Raya Cimalaka Cipadung No.46, RT.01/RW.10, Licin, Kec. Cimalaka, Kabupaten Sumedang, Jawa Barat 45353",Kabupaten Sumedang,"
0821-2006-0300",-6.8352126,107.6361373,Aqiqah
SURGA AQIQAH cicalengka,"
Cluster Green Biduri, Sindangpakuon, Kec. Cimanggung, Kabupaten Sumedang, Jawa Barat 45364",Kabupaten Sumedang,"
0812-2456-6969",-6.8352126,107.6361373,Aqiqah
Makna Aqiqah,"
di atas Toko Arfan Plastik, Jl. Angkrek No.130 lantai 2, Situ, Kec. Sumedang Utara, Kabupaten Sumedang, Jawa Barat 45323",Kabupaten Sumedang,"
0813-8051-8651",-6.8352126,107.6361373,Aqiqah
UmaQiqah Aqiqah Sumedang,"
Jl. Banjar Sari No.36, Dusun Awisurat, Tanjungsari, Kec. Tanjungsari, Kabupaten Sumedang, Jawa Barat 45362",Kabupaten Sumedang,"
0813-2159-7644",-6.8352126,107.6361373,Aqiqah
Aqiqah Jatinangor Nurul Hayat,"
Jl. Cipacing, RT./RW/RW.01/010, Cibeusi, Kec. Jatinangor, Kabupaten Sumedang, Jawa Barat 45363",Kabupaten Sumedang,"
0821-2221-8885",-6.9409122,107.4706045,Aqiqah
SURGA AQIQAH,"
Kadakajaya, Kec. Tanjungsari, Kabupaten Sumedang, Jawa Barat 45362",Kabupaten Sumedang,-,-6.9409122,107.4706045,Aqiqah
Domba qurban dan aqiqah MJSputra giriharja,"
5WCJ+63Q, Jl. Kubang Jaya, Kebonjati, Kec. Sumedang Utara, Kabupaten Sumedang, Jawa Barat 45621",Kabupaten Sumedang,"
0823-1761-4773",-6.8294126,107.64183,Aqiqah
Super Aqiqah,"
Kp.Kawungluwuk, RT.01/RW.03, Linggar, Kec. Rancaekek, Kabupaten Bandung, Jawa Barat 40394",Kabupaten Sumedang,"
0851-5504-1134",-6.9696234,107.5093284,Aqiqah
Putra Aqiqah,"
5WQ4+6C4, Jl. Sindang Taman, RT.03/RW.07, Cipanas, Kec. Tanjungkerta, Kabupaten Sumedang, Jawa Barat 45354",Kabupaten Sumedang,"
0813-4682-1879",-6.9696234,107.5093284,Aqiqah
Rayhan Aqiqah,"
9V86+8WM, Surian, Kec. Surian, Kabupaten Sumedang, Jawa Barat 45393",Kabupaten Sumedang,"
0821-3050-3360",-6.6341575,107.5739183,Aqiqah
Sedia domba qurban dan aqiqah,"
5W9M+C25, Dsn, Jl. Giriharja, RT.08/RW.07, Kebonjati, Kec. Sumedang Utara, Kabupaten Sumedang, Jawa Barat 45621",Kabupaten Sumedang,-,-6.6341575,107.5739183,Aqiqah
"Domas Aqiqah & Qurban (Layanan Aqiqah, Qurban, dan Hewan Ternak lainnya)","
3R2F+7WF, Warung Simpang Cibuntu, Sindanggalih, Kec. Cimanggung, Kabupaten Sumedang, Jawa Barat 45364",Kabupaten Sumedang,-,-6.9492917,107.5362598,Aqiqah
Kandang IZI AQIQAH,"
5W5P+FR2, Rancamulya, Kec. Sumedang Utara, Kabupaten Sumedang, Jawa Barat 45621",Kabupaten Sumedang,-,-6.9492917,107.5362598,Aqiqah
Pagar Domba Aqiqah,"
3QXP+7MR, Unnamed Road, Cilayung, Kec. Jatinangor, Kabupaten Sumedang, Jawa Barat 45363",Kabupaten Sumedang,"
0852-3413-7719",-6.9492917,107.5362598,Aqiqah
Daarut Tauhiid Aqiqah Rancaekek,"
Jl. Raya Majalaya - Rancaekek No.280, Rancaekek Kulon, Kec. Rancaekek, Kabupaten Bandung, Jawa Barat 40394",Kabupaten Sumedang,"
0813-2423-4400",-6.9492917,107.5362598,Aqiqah
Jasa Aqiqah&Cettring Bandung Ilham nur Aqiqah,"
Jl. Galumpit No.100, Cileunyi Wetan, Kec. Cileunyi, Kabupaten Bandung, Jawa Barat 40622",Kabupaten Sumedang,"
0812-2408-3443",-6.9492917,107.5362598,Aqiqah
KANDANG SARANG DOMBA,"
JXR4+JF3, Unnamed Road, Kopyah, Kec. Anjatan, Kabupaten Indramayu, Jawa Barat 45256",Kabupaten Indramayu,"
0821-1877-4978",-6.358495,107.6677869,Kandang Domba
Kandang domba kurink,"
F236+P64, Mekarjaya, Kec. Gantar, Kabupaten Indramayu, Jawa Barat 45264",Kabupaten Indramayu,-,-6.358495,107.6677869,Kandang Domba
Kandang domba ( kurban ),"
Blok Embos No.Rt04Rw07, Rajasinga, Kec. Terisi, Kabupaten Indramayu, Jawa Barat 45262",Kabupaten Indramayu,-,-6.4730292,107.8608064,Kandang Domba
PETERNAKAN DOMBA & KAMBING - PONDOK DOMBA AFIF FARM INDRAMAYU,"
Blok Julang Pereng, RT.1/RW.1, Sumberjaya, Kec. Kroya, Kabupaten Indramayu, Jawa Barat 45265",Kabupaten Indramayu,-,-6.4730292,107.8608064,Kandang Domba
YUSUF FARM DOMBA GARUT LOMBANG,"
HCV5+FRV, Lombang, Kec. Juntinyuat, Kabupaten Indramayu, Jawa Barat 45282",Kabupaten Indramayu,"
0812-1989-0366",-6.4062668,108.12116,Kandang Domba
Peternakan Kambing Ciwatu,"
J89X+WH7, Gelarmendala, Kec. Balongan, Kabupaten Indramayu, Jawa Barat 45285",Kabupaten Indramayu,-,-6.3802012,108.0605374,Peternakan Kambing
BOLANG FARM indramayu,"
BLOK Jl. Babar Layar, RT.36/RW.02, Terusan, Kec. Sindang, Kabupaten Indramayu, Jawa Barat 45224",Kabupaten Indramayu,"
0896-6058-2588",-6.3802012,108.0605374,Peternakan Kambing
Ternak Kambing Etawa Senduro,"
F4RV+WRH, blok pedati, Jatimulya, Kec. Terisi, Kabupaten Indramayu, Jawa Barat 45262",Kabupaten Indramayu,"
0852-2466-1164",-6.5076957,107.8562111,Peternakan Kambing
Peternakan Kambing Jawa Kang Hari,"
Rancamulya, Kec. Gabuswetan, Kabupaten Indramayu, Jawa Barat 45263",Kabupaten Indramayu,"
0853-1753-5080",-6.5076957,107.8562111,Peternakan Kambing
Kandang Wedus Mas Heri (PETERNAKAN KAMBING),"
J78V+QC8, Rambatan Kulon, Kec. Lohbener, Kabupaten Indramayu, Jawa Barat 45252",Kabupaten Indramayu,-,-6.3832699,108.0056017,Peternakan Kambing
Ternak kambing e Mama's iping ae,"
M368+7V6, Soge Lor, blok pulo, Kec. Kandanghaur, Kabupaten Indramayu, Jawa Barat 45254",Kabupaten Indramayu,-,-6.3394507,107.7800337,Peternakan Kambing
Ternak Sapi dan Kambing Bolang,"
Jatisura, Kec. Cikedung, Kabupaten Indramayu, Jawa Barat 45262",Kabupaten Indramayu,"
0823-3149-9092",-6.3394507,107.7800337,Peternakan Kambing
Anjani Farm Indramayu,"
Drunten Wetan, Kec. Gabuswetan, Kabupaten Indramayu, Jawa Barat 45263",Kabupaten Indramayu,"
0821-1974-9573",-6.3394507,107.7800337,Peternakan Kambing
sukses ternak domba dan kambing mandiri,"
F2CJ+PV8, Alamat blok desa,Desa sukaslamet kec. Kroya kab. Indramayu kodepos, Sukaslamet, Kec. Kroya, Kabupaten Indramayu, Jawa Barat 45265",Kabupaten Indramayu,-,-6.3394507,107.7800337,Peternakan Kambing
JURAGAN KAMBING TOPID FARM,"
Jl. Kayen Jl. Buk Kayen, RT./RW/RW.02/04, Dukuhjati, Kec. Krangkeng, Kabupaten Indramayu, Jawa Barat 45284",Kabupaten Indramayu,-,-6.527778,108.1860797,Peternakan Kambing
Ternak kambing tohari,"
JWPW+PHG, Anjatan Baru, Kec. Anjatan, Kabupaten Indramayu, Jawa Barat 45256",Kabupaten Indramayu,"
0877-3475-8847",-6.3631867,107.6580739,Peternakan Kambing
Bahagia Farm Indramayu,"
Sukajati, Kec. Haurgeulis, Kabupaten Indramayu, Jawa Barat 45264",Kabupaten Indramayu,"
0857-9656-2970",-6.3631867,107.6580739,Peternakan Kambing
Peternakan Kambing Susu,"
MXRC+MMP, Jl. Karang Sambung, Sumuradem Tim., Kec. Sukra, Kabupaten Indramayu, Jawa Barat 45257",Kabupaten Indramayu,-,-6.3631867,107.6580739,Peternakan Kambing
Peternakan Kambing Soleh,"
G7WQ+2MJ, Jl. Ujungaris, Ujungaris, Kec. Widasari, Kabupaten Indramayu, Jawa Barat 45271",Kabupaten Indramayu,-,-6.4549194,108.0007359,Peternakan Kambing
FATIKHA FARM,"
HCCR+2MV, Juntinyuat, Kec. Juntinyuat, Kabupaten Indramayu, Jawa Barat 45282",Kabupaten Indramayu,"
0859-7279-9928",-6.4295444,108.1533958,Peternakan Kambing
Jual Beli Kambing Domba Johan,"
GX44+7VR Gang depan pom bensin, Kiarakurung, Situraja, Kec. Gantar, Kabupaten Indramayu, Jawa Barat 45264",Kabupaten Indramayu,"
0852-2249-4200",-6.4944441,107.6687865,Peternakan Kambing
PETERNAKAN KAMBING PE MAS SYAHRUL,"
FFGC+48C, Dukuhjati, Kec. Krangkeng, Kabupaten Indramayu, Jawa Barat 45284",Kabupaten Indramayu,"
0838-2418-9861",-6.5243163,108.1821632,Peternakan Kambing
CV. SAKIM (Jual Beli Kambing),"
JXH3+MV6, Kopyah, Kec. Anjatan, Kabupaten Indramayu, Jawa Barat 45256",Kabupaten Indramayu,"
0822-1356-8635",-6.3708437,107.6662379,Peternakan Kambing
Ayman farm,"
Dusun rebeng, RT./rw/RW.02/01, Anjatan Baru, Kec. Anjatan, Kabupaten Indramayu, Jawa Barat 45256",Kabupaten Indramayu,"
0877-6087-0308",-6.3708437,107.6662379,Peternakan Kambing
Peternakan Burung Puyuh Suka Quail Indramayu,"
F69J+P5, Rancasari, Kec. Bangodua, Kabupaten Indramayu, Jawa Barat 45272",Kabupaten Indramayu,"
0813-2435-1672",-6.5306324,107.9420846,Peternakan Kambing
Jual Kambing Murah Indramayu,"
Desa Pabean Ilir Blok Tegur, RT.20/RW.05, Pabeanilir, Kec. Pasekan, Kabupaten Indramayu, Jawa Barat 45219",Kabupaten Indramayu,"
0896-3130-1159",-6.283994,108.0476718,Peternakan Kambing
Bob Ali Topan susu kambing,"
RT.02/RW.94, Sumuradem, Kec. Sukra, Kabupaten Indramayu, Jawa Barat 45257",Kabupaten Indramayu,"
0853-5112-5564",-6.3091281,107.6760828,Peternakan Kambing
Zahira rooster farm,"
HXQW+55R, Cipedang Aden 2, Cipedang, Kec. Bongas, Kabupaten Indramayu, Jawa Barat 45255",Kabupaten Indramayu,"
0823-2044-2366",-6.3091281,107.6760828,Peternakan Kambing
Peternakan Domba Al-Zaytun,"
F285+PQ, Mekarjaya, Kec. Gantar, Kabupaten Indramayu, Jawa Barat 45264",Kabupaten Indramayu,-,-6.3091281,107.6760828,Peternakan Kambing
HSE farm,"
Unnamed Road, Tukdana, Kec. Tukdana, Kabupaten Indramayu, Jawa Barat 45272",Kabupaten Indramayu,-,-6.5458074,107.9916616,Peternakan Kambing
Peternakan Soang dan Entog,"
F56R+82, Amis, Kec. Cikedung, Kabupaten Indramayu, Jawa Barat 45262",Kabupaten Indramayu,"
0838-6388-2929",-6.5458074,107.9916616,Peternakan Kambing
WIRA FARM (Ternak Kambing),"
HC99+RWR, Juntikedokan, Kec. Juntinyuat, Kabupaten Indramayu, Jawa Barat 45282",Kabupaten Indramayu,-,-6.5458074,107.9916616,Peternakan Kambing
UYI FARM (Ternak Domba),"
RT.01/RW.01, Plawangan, Kec. Bongas, Kabupaten Indramayu, Jawa Barat 45255",Kabupaten Indramayu,-,-6.3461005,107.738955,Peternakan Kambing
AB Farm (3G Aei Bie Tech),"
Blok Pengodengan, Desa Wirakanan, Kab, Parean Girang, Kec. Kandanghaur, Kabupaten Indramayu, Jawa Barat 45254",Kabupaten Indramayu,"
0812-3480-0200",-6.3461005,107.738955,Peternakan Kambing
AnugrahSapiFarm,"
F98Q+5X, Lemahayu, Kec. Kertasemaya, Kabupaten Indramayu, Jawa Barat 45274",Kabupaten Indramayu,"
0899-9070-880",-6.534838,108.101832,Peternakan Kambing
Kandang Berkah Sor Bojan,"
Sukahaji, Kec. Patrol, Kabupaten Indramayu, Jawa Barat 45257",Kabupaten Indramayu,"
0811-2233-4435",-6.3156811,107.7297947,Peternakan Kambing
SMJ FARM JUAL BELI DOMBA GARUT,"
F997+94W, Tenajar Kidul, Kec. Kertasemaya, Kabupaten Indramayu, Jawa Barat 45274",Kabupaten Indramayu,"
0823-1554-7773",-6.5315216,108.0744333,Peternakan Kambing
Ternak entok dan kambing RNHI,"
FCFX+X92, Tegalmulya, Kec. Krangkeng, Kabupaten Indramayu, Jawa Barat 45284",Kabupaten Indramayu,-,-6.5315216,108.0744333,Peternakan Kambing
RENGKAS FARM,"
HCR6+R5R, Lombang, Kec. Juntinyuat, Kabupaten Indramayu, Jawa Barat 45282",Kabupaten Indramayu,"
0823-1637-4682",-6.5315216,108.0744333,Peternakan Kambing
Aqiqah Indramayu Nurul Hayat,"
Jl. Wiralodra No.62, Lemahabang, Kec. Indramayu, Kabupaten Indramayu, Jawa Barat 45212",Kabupaten Indramayu,"
0878-5300-0101",-6.3292409,107.7474368,Aqiqah
Elbadar Aqiqah Indramayu,"
Jl. Raden Singalodra No.56, Sindang, Kec. Sindang, Kabupaten Indramayu, Jawa Barat 45222",Kabupaten Indramayu,"
0878-1799-5335",-6.3292409,107.7474368,Aqiqah
Dapur Aqiqah Indramayu,"
BTN PEPABRI Blok H No.19, Terusan, Kec. Sindang, Kabupaten Indramayu, Jawa Barat 45224",Kabupaten Indramayu,"
0822-4114-8451",-6.3292409,107.7474368,Aqiqah
Kantor Biakikah Aqiqah Indramayu,"
Jl. Lelea - Tugu No.84, Tugu, Kec. Lelea, Kabupaten Indramayu, Jawa Barat 45261",Kabupaten Indramayu,"
0859-2109-1616",-6.3292409,107.7474368,Aqiqah
Aqiqah Elsyifa Indramayu,"
BTN Griya Abdi Karya (BTN Korpri, Jl. Satya Kencana No.D2 No.19, Terusan, Kec. Sindang, Kabupaten Indramayu, Jawa Barat 45224",Kabupaten Indramayu,"
0851-5979-7400",-6.3292409,107.7474368,Aqiqah
Gerai Aqiqah Qurban abah Rudi,"
Jl. Manunggal, Dermayu, Kec. Sindang, Kabupaten Indramayu, Jawa Barat 45223",Kabupaten Indramayu,"
0877-2708-5000",-6.3292409,107.7474368,Aqiqah
Aqiqah Al-Barkah Indramayu,"
G97F+PFC, Sudikampiran, Kec. Sliyeg, Kabupaten Indramayu, Jawa Barat 45274",Kabupaten Indramayu,"
0821-2149-0767",-6.3292409,107.7474368,Aqiqah
MADANI AQIQAH INDRAMAYU,"
Jl. Manunggal, Dermayu, Kec. Sindang, Kabupaten Indramayu, Jawa Barat 45223",Kabupaten Indramayu,"
0852-2055-7786",-6.3292409,107.7474368,Aqiqah
Aqiqah & Qurban Kandank BWS,"
J74W+GC2, Jl. Paok, Lobener Lor, Kec. Jatibarang, Kabupaten Indramayu, Jawa Barat 45273",Kabupaten Indramayu,-,-6.3292409,107.7474368,Aqiqah
KABSUN AQIQAH INDRAMAYU,"
Jl. Singosari II No.7 blok. 29, RT.4/RW.9, Margadadi, Indramayu, Indramayu Regency, West Java 45212",Kabupaten Indramayu,-,-6.3292409,107.7474368,Aqiqah
Jual Beli Kambing Qurban Aqiqah Bp Acim,"
M452+7WQ, Ilir, Kec. Kandanghaur, Kabupaten Indramayu, Jawa Barat 45254",Kabupaten Indramayu,"
0821-2767-5379",-6.3292409,107.7474368,Aqiqah
Abu Salim Aqiqah,"
Toko Buku Nurhikmah, Ilir, Kec. Kandanghaur, Kabupaten Indramayu, Jawa Barat 45254",Kabupaten Indramayu,"
0856-8150-656",-6.3292409,107.7474368,Aqiqah
ROKHMAN JAGAL HEWAN QURBAN/AQIQAH INDRAMAYU,"
TOKO ROKHMAN, Gg. Karya Bakti No.1, RT.02/RW.02, Pabeanudik, Kec. Indramayu, Kabupaten Indramayu, Jawa Barat 45219",Kabupaten Indramayu,"
0812-2488-460",-6.3292409,107.7474368,Aqiqah
Kambing Kurban & Aqiqah Pak Tokid,"
Jl. Raya Bar. Karangampel, Karangampel Kidul, Kec. Karangampel, Kabupaten Indramayu, Jawa Barat 45283",Kabupaten Indramayu,"
0877-3818-8066",-6.3292409,107.7474368,Aqiqah
jual kambing qurban dan aqiqah,"
G7HX+VM9, Jatibarang, Kec. Jatibarang, Kabupaten Indramayu, Jawa Barat 45273",Kabupaten Indramayu,-,-6.3292409,107.7474368,Aqiqah
Dapur Ummi Indramayu ( Layanan Aqiqah Siap Saji ),"
Jl. Cimanuk Barat, Dermayu, Kec. Sindang, Kabupaten Indramayu, Jawa Barat 45223",Kabupaten Indramayu,"
0896-8912-6385",-6.3292409,107.7474368,Aqiqah
MOULANA EQAH (eco qurban & aqiqah halal),"
Jl. Vijayakusuma XVI Cijambe Indah Komplek Griya Sarana No. 18, Pasir Endah, Kec. Ujung Berung, Kota Bandung, Jawa Barat 40619",Kabupaten Indramayu,"
0813-9428-7680",-6.9037888,107.1177061,Aqiqah
Pondok Aqiqah Bandung,"
Jl. Cilengkrang 1 Ciloa, RT.01/RW.08, Cisurupan, Kec. Cibiru, Kota Bandung, Jawa Barat 40614",Kabupaten Indramayu,"
0853-7800-0363",-6.9037888,107.1177061,Aqiqah
Kandang Aqiqah Ust Ace,"
3PQ9+F5P, Jl. Walagri Mulya, RT.04/RW.09, Pasanggrahan, Kec. Ujung Berung, Kota Bandung, Jawa Barat 40617",Kabupaten Indramayu,"
0812-2267-1757",-6.9037888,107.1177061,Aqiqah
Andini Aqiqah,"
Jalan h moch syahril No.43, Sindang Jaya, Kec. Mandalajati, Kota Bandung, Jawa Barat 40195",Kabupaten Indramayu,"
0896-8458-6991",-6.9037888,107.1177061,Aqiqah
Arta Tunas Hita (Kandang Domba Ade Kojon),"
CQV8+QQ3, Jl. Perumnas Raya, Karanganyar, Kec. Subang, Kabupaten Subang, Jawa Barat 41211",Kabupaten Subang,-,-6.5556631,107.4787247,Kandang Domba
Kandang Domba Motekar Jaya,"
HP22+FG3, Kp Jl. Karang Asih, Pasirbungur, Kec. Purwadadi, Kabupaten Subang, Jawa Barat 41261",Kabupaten Subang,"
0838-1905-7000",-6.5556631,107.4787247,Kandang Domba
Peternakan Domba Aresha,"
7RGF+M39, Jl. Rancamanggung, Sindanglaya, Kec. Tanjungsiang, Kabupaten Subang, Jawa Barat 41284",Kabupaten Subang,"
0821-4821-682",-6.5556631,107.4787247,Kandang Domba
DOMBA SUBANG,"
FQ4F+946, Sukamelang, Kec. Subang, Kabupaten Subang, Jawa Barat 41211",Kabupaten Subang,"
0853-2008-0673",-6.5556631,107.4787247,Kandang Domba
Kandang domba shaun the sheep farm,"
HM2R+83J, Purwadadi Tim., Kec. Purwadadi, Kabupaten Subang, Jawa Barat 46385",Kabupaten Subang,"
0857-9491-9923",-6.5556631,107.4787247,Kandang Domba
MnG Farm Domba dan Ayam Pedaging Cikadu Subang,"
Kp Cikadu, RT./rw/RW.20/06, Curugagung, Sagalaherang, Subang Regency, West Java 41282",Kabupaten Subang,-,-6.5556631,107.4787247,Kandang Domba
Kandang domba bpk maryadi,"
HVX4+M4F, Sukanengah 2, Sukatani, Kec. Compreng, Kabupaten Subang, Jawa Barat 41258",Kabupaten Subang,"
0895-1888-6434",-6.5556631,107.4787247,Kandang Domba
Kandang Domba Mang Didin,"
Jl. Raya Kalijati Timur No.129, Kalijati Tim., Kec. Kalijati, Kabupaten Subang, Jawa Barat 41271",Kabupaten Subang,"
0852-2433-3134",-6.5556631,107.4787247,Kandang Domba
Kandang Giantari farm Hewan Qurban dan aqiqah,"
Kp sukahayu, RT.03/RW.01, Dawuan Kaler, Kec. Dawuan, Kabupaten Subang, Jawa Barat 41231",Kabupaten Subang,"
0819-2954-8090",-6.5556631,107.4787247,Kandang Domba
Kandang Domba Mang Ita,"
P Jl. Cerelek No.I, RT.014/RW.006, Gunungsembung, Kec. Pagaden, Kabupaten Subang, Jawa Barat 41252",Kabupaten Subang,"
0838-6544-1921",-6.5556631,107.4787247,Kandang Domba
Kandang domba MR Wartim,"
HJJH+P8Q, Dusun Bugel, RT./RW/RW.12/04, Pringkasap, Kec. Pabuaran, Kabupaten Subang, Jawa Barat 41262",Kabupaten Subang,-,-6.4181537,107.3399788,Kandang Domba
Ternak domba,"
blok dangdeur rw.01/03 . kel, Dangdeur, Kec. Subang, Kabupaten Subang, Jawa Barat 41212",Kabupaten Subang,"
0823-1895-1287",-6.4181537,107.3399788,Kandang Domba
kandang kambing JAG FARM,"
7PXG+9QJ, Kp Jl. Karihkil, RT./RW/RW.003/001, Kasomalang Kulon, Kec. Ciater, Kabupaten Subang, Jawa Barat 41281",Kabupaten Subang,"
0821-2095-5810",-6.7015257,107.4384855,Kandang Domba
DOMBAZONE FARM,"
RT.04/RW.01, Kaliangsana, Kec. Kalijati, Kabupaten Subang, Jawa Barat 41271",Kabupaten Subang,"
0852-2233-2781",-6.7015257,107.4384855,Kandang Domba
Kandang domba haji andi,"
JMJW+R5P, Rancaasih, Kec. Patokbeusi, Kabupaten Subang, Jawa Barat 41263",Kabupaten Subang,-,-6.3678201,107.4070316,Kandang Domba
Ade peternak domba,"
Dekat, Manyeti, Kec. Dawuan, Kabupaten Subang, Jawa Barat 41270",Kabupaten Subang,-,-6.3678201,107.4070316,Kandang Domba
Peternakan domba pak sumardi,"
FMF4+P92, Marengmang, Kec. Kalijati, Kabupaten Subang, Jawa Barat 41271",Kabupaten Subang,-,-6.3678201,107.4070316,Kandang Domba
Domba tani farm,"
Kampung Cigoong, RT./RW/RW.10, 04, Karanghegar, Kec. Pabuaran, Kabupaten Subang, Jawa Barat 41262",Kabupaten Subang,"
0812-1161-0365",-6.3678201,107.4070316,Kandang Domba
kandang domba Kang Didin W,"
JQ8M+QXM, RT.,10/RW.02, Kediri, Kec. Binong, Kabupaten Subang, Jawa Barat 41253",Kabupaten Subang,-,-6.3678201,107.4070316,Kandang Domba
Kandang Domba FKMC Farm,"
JVFH+VHR, Mekarjaya, Kec. Compreng, Kabupaten Subang, Jawa Barat 41258",Kabupaten Subang,-,-6.375259,107.5904984,Kandang Domba
Peternak Domba Garut Subang,"
FMRH+XR6, RT.04/RW.01, Kaliangsana, Kec. Kalijati, Kabupaten Subang, Jawa Barat 41271",Kabupaten Subang,-,-6.5075985,107.3911346,Kandang Domba
Bumi Manunggal Karso Farm,"
7QHM+4MX, Cileat hilir, Kec. Cisalak, Kabupaten Subang, Jawa Barat 41283",Kabupaten Subang,-,-6.5075985,107.3911346,Kandang Domba
Kandang domba kang uteng,"
9CM2+62W, Cilalawi, Kec. Sukatani, Kabupaten Purwakarta, Jawa Barat 41167",Kabupaten Subang,-,-6.6168965,107.1116734,Kandang Domba
Kandang Assalam Baik,"
Kp Cikondang RT 09/03, Kaunganten, Kec. Cikaum, Kabupaten Subang, Jawa Barat 41253",Kabupaten Subang,"
0812-9468-8587",-6.4877449,107.4347489,Kandang Domba
Kandang pojok,"
FRXW+6CF, Padamulya, Kec. Cipunagara, Kabupaten Subang, Jawa Barat 41257",Kabupaten Subang,"
0812-2254-6513",-6.4877449,107.4347489,Kandang Domba
TERNAK DOMBA PAK DASAN,"
FVWW+CXV, Sidajaya, Kec. Cipunagara, Kabupaten Subang, Jawa Barat 41257",Kabupaten Subang,"
0831-5945-9564",-6.5038786,107.6090261,Kandang Domba
HMW FARM 313 PUSAT PETERNAKAN PENGGEMUKAN SAPI N KAMBING,"
Jl. Neglasari, Koranji, Kec. Purwadadi, Kabupaten Subang, Jawa Barat 15121",Kabupaten Subang,"
0878-8675-6353",-6.4455733,107.1025357,Peternakan Kambing
Ternak Kambing Kristal,"
Desa Ranca Asih, Dukuh Nambo, Rancaasih, Kec. Patokbeusi, Kabupaten Subang, Jawa Barat 41263",Kabupaten Subang,"
0878-8830-8855",-6.4455733,107.1025357,Peternakan Kambing
Peternakan Kambing dan Unggas,"
HQ5C+RP4, Sumbersari, Kec. Pagaden, Kabupaten Subang, Jawa Barat 41252",Kabupaten Subang,-,-6.4455733,107.1025357,Peternakan Kambing
Pandu Brothers Farm,"
Jl. Kampung Sanca, Blok Jati, Kec. Ciater, Kabupaten Subang, Jawa Barat 41281",Kabupaten Subang,"
0812-1389-5418",-6.4455733,107.1025357,Peternakan Kambing
Dua Putra Farm,"
Kp Bababakan Sukamulya, RT.21/RW.06, Sirap, Kec. Tanjungsiang, Kabupaten Subang, Jawa Barat 41284",Kabupaten Subang,"
0813-2115-4440",-6.4455733,107.1025357,Peternakan Kambing
Peternakan kambing Bp. Wardi,"
Dusun kaliaren, Sukamandijaya, Kec. Ciasem, Kabupaten Subang, Jawa Barat 41256",Kabupaten Subang,"
0813-2492-8084",-6.4455733,107.1025357,Peternakan Kambing
SAHABAT TERNAK CIASEM SUBANG DOMBA KAMBING & SAPI,"
Dusun Tanjung Baru, RT./RW/RW.026/008, Ciasem Tengah, Kec. Ciasem, Kabupaten Subang, Jawa Barat 41256",Kabupaten Subang,"
0821-1675-4727",-6.4455733,107.1025357,Peternakan Kambing
Ternak Kambing Ku,"
CRVM+J7X, Jl. Raya Cikamurang, RT.07/RW.03, Padaasih, Kec. Cibogo, Kabupaten Subang, Jawa Barat 41285",Kabupaten Subang,"
0853-1477-6234",-6.4455733,107.1025357,Peternakan Kambing
Susu kambing etawa segar dan beku,"
8P6Q+2WF, Kasomalang Wetan, Kec. Kasomalang, Kabupaten Subang, Jawa Barat 41281",Kabupaten Subang,"
0819-3732-7272",-6.4455733,107.1025357,Peternakan Kambing
"Bpk. H Dirja. Penjual Domba, kambing dan Sapi","
Dsn, Gg. Pilang Sari V No.Rt 05/01, Pamanukan Hilir, Kec. Pamanukan, Kabupaten Subang, Jawa Barat 41254",Kabupaten Subang,-,-6.4455733,107.1025357,Peternakan Kambing
Kandang Kambing SADULUR,"
8P2G+6MM, Kasomalang Kulon, Kec. Kasomalang, Kabupaten Subang, Jawa Barat 41281",Kabupaten Subang,"
0813-8667-0585",-6.4455733,107.1025357,Peternakan Kambing
"Berkah Mandiri farm, ternak sapi dan domba","
CP3F+X9, Parung, Kec. Subang, Kabupaten Subang, Jawa Barat 41211",Kabupaten Subang,-,-6.4455733,107.1025357,Peternakan Kambing
Qurban sehat Farm,"
8MWX+G89, Bunihayu, Kec. Jalancagak, Kabupaten Subang, Jawa Barat 41281",Kabupaten Subang,-,-6.4455733,107.1025357,Peternakan Kambing
SUKASARI FARM,"
Kp. Sukasari, RT.03/RW.21, Dayeuhkolot, Kec. Sagalaherang, Kabupaten Subang, Jawa Barat 41282",Kabupaten Subang,"
0857-9745-1309",-6.4455733,107.1025357,Peternakan Kambing
Al Binaa 2 Subang,"
Jl. Jabong, Curugrendeng, Kec. Jalancagak, Kabupaten Subang, Jawa Barat 41281",Kabupaten Subang,"
0811-9215-720",-6.4455733,107.1025357,Peternakan Kambing
Republik Kambing,"
Ciangsana Hilir, Bantarsari, Kec. Cijambe, Kabupaten Subang, Jawa Barat 41211",Kabupaten Subang,"
0811-2005-5544",-6.4455733,107.1025357,Peternakan Kambing
Subang Aqiqah,"
Jalan Raya Dangdeur, Sebelah Lap Wera Sukajaya, Dangdeur, Kec. Subang, Kabupaten Subang, Jawa Barat 41212",Kabupaten Subang,"
0813-8227-1496",-6.5492688,107.4519696,Aqiqah
Aqiqah Subang Nurul Hayat,"
Jl. Anggur Raya No.30 Blok V, Sukamelang, Kec. Subang, Kabupaten Subang, Jawa Barat 41211",Kabupaten Subang,"
0878-5300-0101",-6.5492688,107.4519696,Aqiqah
Kurnia Aqiqah Subang,"
Jl. Anggur Raya, Sukamelang, Kec. Subang, Kabupaten Subang, Jawa Barat 41211",Kabupaten Subang,"
0811-1585-839",-6.5492688,107.4519696,Aqiqah
Syafazan Aqiqah Subang,"
Perumahan Assyifa Green Garden Blok B1 No.2, Jl. Raya Tambakmekar No.04, RT.24, Kumpay, Kec. Jalancagak, Kabupaten Subang, Jawa Barat 41281",Kabupaten Subang,"
0856-2496-9901",-6.5492688,107.4519696,Aqiqah
AQIQAH AMAR - Ciater- Subang,"
Kp. Sukamaju, Jl sukamaju, RT.05/RW.02, Palasari, Kec. Ciater, Kabupaten Subang, Jawa Barat 41281",Kabupaten Subang,"
0852-2271-8941",-6.5492688,107.4519696,Aqiqah
Dsultan Aqiqah Subang,"
Jl. Pantura, Ciasem Tengah, Kec. Ciasem, Kabupaten Subang, Jawa Barat 41256",Kabupaten Subang,"
0812-1332-4019",-6.3185222,107.4038862,Aqiqah
Catering Subang,"
Kampung Jl. Jabong, tengah, Curugrendeng, Kec. Jalancagak, Kabupaten Subang, Jawa Barat 41281",Kabupaten Subang,"
0813-9277-6820",-6.6872583,107.3803946,Aqiqah
Aqiqah Idaman Subang,"
Jl. Pantura, Ciasem Tengah, Kec. Ciasem, Kabupaten Subang, Jawa Barat 41256",Kabupaten Subang,"
0821-1382-7285",-6.3185165,107.4038932,Aqiqah
Mustanir Aqiqah Subang,"
Kp. Krajan RT 15/04, Sagalaherang Kaler, Kec. Sagalaherang, Kabupaten Subang, Jawa Barat 41282",Kabupaten Subang,"
0852-2228-4899",-6.6709297,107.3658717,Aqiqah
Domba Aqiqah Subang,"
Kp.lebaksari, RT.2/RW.2, Cisalak, Kec. Cisalak, Kabupaten Subang, Jawa Barat 41283",Kabupaten Subang,"
0896-3954-2516",-6.6709297,107.3658717,Aqiqah
Aqiqah Domba Ungu Subang,"
Jl. Pantura, Ciasem Tengah, Kec. Ciasem, Kabupaten Subang, Jawa Barat 41256",Kabupaten Subang,"
0821-1382-7286",-6.318522,107.4038855,Aqiqah
DT Aqiqah Cabang Subang,"
Jl. Letnan Ukin, Soklat, Kec. Subang, Kabupaten Subang, Jawa Barat 41251",Kabupaten Subang,"
0821-1621-4291",-6.5693091,107.4820547,Aqiqah
AQIQAHONLINE,"
Jalan Sagala Herang No 8, Kp. Bojongrangkas Rt 17 Rw 05 Desa Dayeuholot, Dayeuhkolot, Kec. Sagalaherang, Kabupaten Subang, Jawa Barat 41282",Kabupaten Subang,"
0851-0940-4040",-6.5693091,107.4820547,Aqiqah
Saung Silang Sejahtera Teh Yuni,"
Blok. Sukajaya, RT.08/RW.02, Dangdeur, Kec. Subang, Kabupaten Subang, Jawa Barat 41211",Kabupaten Subang,"
0823-2079-6628",-6.5693091,107.4820547,Aqiqah
Mayda Aqiqah Subang,"
Cinangsi, Kec. Cibogo, Kabupaten Subang, Jawa Barat 41285",Kabupaten Subang,"
0813-9277-6820",-6.5693091,107.4820547,Aqiqah
De Qurban & Aqiqah,"
Kp. Sindangsari, Kalijati Bar., Kec. Kalijati, Kabupaten Subang, Jawa Barat 41271",Kabupaten Subang,"
0813-7251-7668",-6.5693091,107.4820547,Aqiqah
SYAM AQIQAH SUBANG,"
Sagalaherang, Kec. Subang, Kabupaten Subang, Jawa Barat 41282",Kabupaten Subang,"
0821-8252-2414",-6.5693091,107.4820547,Aqiqah
BANDAR HEWAN QURBAN DAN AQIQAH,"
Jl. Sadayu Barat Gg. Arjiman No 3, RT.26/RW.08, Kalijati Bar., Kec. Kalijati, Kabupaten Subang, Jawa Barat 41271",Kabupaten Subang,"
0822-1441-5780",-6.5693091,107.4820547,Aqiqah
SENTRA AQIQAH SYAM SUBANG,"
CRMC+33W, Wanareja, Kec. Subang, Kabupaten Subang, Jawa Barat 41211",Kabupaten Subang,-,-6.5693091,107.4820547,Aqiqah
Asep Hj. 'Aqiqah jln. Sawo 1 no. 8 karanganyar subang,"
Jln. Sawo 1 no. 8 rt/rw 73/20, Karanganyar, Kec. Subang, Kabupaten Subang, Jawa Barat 41211",Kabupaten Subang,"
0852-9525-8625",-6.5693091,107.4820547,Aqiqah
Rumah Daging Qurban dan Aqiqah,"
Jl. Citapen, Padamulya, Kec. Cipunagara, Kabupaten Subang, Jawa Barat 41257",Kabupaten Subang,-,-6.5693091,107.4820547,Aqiqah
Catering dan paket aqiqah Pagaden subang,"
Tb srimulya pagaden hj lasmiah Kp julang desa suka mulya, baru, Kec. Pagaden, Kabupaten Subang, Jawa Barat 41252",Kabupaten Subang,"
0821-2884-3207",-6.5693091,107.4820547,Aqiqah
Syakhira Catering & Aqiqah,"
Unnamed Road, Legonkulon, Kec. Legonkulon, Kabupaten Subang, Jawa Barat 41254",Kabupaten Subang,"
0851-3306-5835",-6.2490924,107.5234887,Aqiqah
Aqiqah Madani Purwakarta,"
Jl. Raya Citapen Km 9, Kp. Peuteuy Nunggal RT 013/005, Sukajaya, Kec. Sukatani, Kabupaten Purwakarta, Jawa Barat 41167",Kabupaten Subang,"
0877-7871-1554",-6.6008283,107.1299733,Aqiqah
Munasor Aqiqah,"
PV8G+Q8G, RT./RW/RW.05/01, Pusakaratu, Kec. Pusakanagara, Kabupaten Subang, Jawa Barat 41255",Kabupaten Subang,"
0821-1864-9727",-6.2830651,107.587448,Aqiqah
De'Aqiqah,"
Jl. Raya Kalijati No.8888, Marengmang, Kec. Kalijati, Kabupaten Subang, Jawa Barat 41271",Kabupaten Subang,-,-6.5052159,107.3883218,Aqiqah
Kurnia Aqiqah Cikampek,"
Unnamed Road, Cikampek Utara, Kec. Kota Baru, Karawang, Jawa Barat 41374",Kabupaten Subang,"
0811-1234-562",-6.3978571,107.1755964,Aqiqah
Aqiqah Tasik Purwakarta Official,"
GF9H+FCC, Bungursari, Kec. Bungursari, Kabupaten Purwakarta, Jawa Barat 41181",Kabupaten Subang,"
0831-7550-0005",-6.3978571,107.1755964,Aqiqah
Sahabat Aqiqah Karawang Cikarang,"
Jl. Raya Tj. Pura Barat No.57, RT.1/RW.5, Tanjungmekar, Kec. Karawang Bar., Karawang, Jawa Barat 41316",Kabupaten Subang,"
0821-1101-0600",-6.2745895,106.9827328,Aqiqah
Badii Farm Aqiqah Qurban Purwakarta,"
Jl. Knpi No.12, Ciseureuh, Kec. Purwakarta, Kabupaten Purwakarta, Jawa Barat 41118",Kabupaten Subang,"
0856-2445-5974",-6.520637,107.1614694,Aqiqah
Aqiqah Dinar Purwakarta,"
Dekat Ria Busana, Ps. Rebo, Jl. Kapten Halim, Nagri Kidul, Kec. Purwakarta, Kabupaten Purwakarta, Jawa Barat 41118",Kabupaten Subang,"
0851-7430-7416",-6.520637,107.1614694,Aqiqah
De'Aqiqah 2,"
KP. Sindangsari, RT.32/RW.09, Kalijati Bar., Kec. Kalijati, Kabupaten Subang, Jawa Barat 41271",Kabupaten Subang,"
0813-7251-7668",-6.5398249,107.3815069,Aqiqah
Aqiqah Purwakarta Nurul Hayat,"
Dekat Alfamart, Jl. Taman Pahlawan No.143, Purwamekar, Kec. Purwakarta, Kabupaten Purwakarta, Jawa Barat 41111",Kabupaten Subang,"
0878-5300-0101",-6.5319832,107.1486849,Aqiqah
Dapur Aqiqah Purwakarta,"
Jl. Purnayudha Perum Purnayudha No.8 Blok Aa, Ciwangi, Kec. Bungursari, Kabupaten Purwakarta, Jawa Barat 41181",Kabupaten Subang,"
0811-2098-980",-6.5319832,107.1486849,Aqiqah
Laatansani Aqiqah Cikampek Kotabaru Karawang,"
Perum BKBI 1 No.12 Blok A3, RT.03/RW.03, Pangulah Utara, Kec. Kota Baru, Karawang, Jawa Barat 41374",Kabupaten Subang,"
0812-1475-4240",-6.5319832,107.1486849,Aqiqah
Osman Farm - Mitra Aqiqah Dinar,"
Perum BKBI 1 No.12 Blok A3, RT.03/RW.03, Pangulah Utara, Kec. Kota Baru, Karawang, Jawa Barat 41374",Kabupaten Subang,"
0812-1475-4240",-6.5319832,107.1486849,Aqiqah
RPHU SUBANG,"
Jl. Raya Kalijati Timur, Kalijati Tim., Kec. Kalijati, Kabupaten Subang, Jawa Barat 41271",Kabupaten Subang,-,-6.529154,107.1173968,Rumah Potong Hewan
"Rumah Potong Hewan, Eman Jagal","
HFQ9+3M2, Unnamed Road, Sarimulya, Kec. Kota Baru, Karawang, Jawa Barat 41374",Kabupaten Subang,"
0812-1829-5775",-6.529154,107.1173968,Rumah Potong Hewan
Subang Abattoir,"
FQ26+6FR, Jl. Bagus Yamin, Dangdeur, Kec. Subang, Kabupaten Subang, Jawa Barat 41211",Kabupaten Subang,"
0812-4999-9069",-6.529154,107.1173968,Rumah Potong Hewan
Rumah Pemotongan Ayam Ibu Yati,"
FMR7+R5C, Marengmang, Kec. Kalijati, Kabupaten Subang, Jawa Barat 41271",Kabupaten Subang,"
0852-9572-9323",-6.529154,107.1173968,Rumah Potong Hewan
Rumah Pemotongan Hewan Purwakarta,"
FF9C+MXF, Jl. Citalang, Munjuljaya, Kec. Purwakarta, Kabupaten Purwakarta, Jawa Barat 41117",Kabupaten Subang,"
0812-2823-5236",-6.529154,107.1173968,Rumah Potong Hewan
Kandang kuring jual beli domba aqiqah kurban dll,"
FGF7+W3G, Cirangkong, Kec. Cibatu, Kabupaten Purwakarta, Jawa Barat 41181",Kabupaten Purwakarta,"
0831-8718-8772",-6.5251827,107.3685214,Kandang Domba
Achon Domba,"
rt 07/rw 03, Jl. Kolam Renang, Purwamekar, Kec. Purwakarta, Kabupaten Purwakarta, Jawa Barat 41119",Kabupaten Purwakarta,"
0877-7996-4440",-6.5385926,107.2911487,Kandang Domba
Peternakan Domba Badii Farm,"
Gang Sadewa Kp Sukamaju, Ciseureuh, Kec. Purwakarta, Kabupaten Purwakarta, Jawa Barat 41118",Kabupaten Purwakarta,"
0856-2445-5974",-6.5385926,107.2911487,Kandang Domba
Kandang Domba Mang Tarno(Sensen),"
9C99+W2R, Cibodas, Kec. Sukatani, Kabupaten Purwakarta, Jawa Barat 41167",Kabupaten Purwakarta,"
0878-9753-1813",-6.5385926,107.2911487,Kandang Domba
Kandang Domba PondokSalam Purwakarta Indonesia,"
9GM2+W46, Salam Mulya, Kec. Pondoksalam, Kabupaten Purwakarta, Jawa Barat 41115",Kabupaten Purwakarta,-,-6.5385926,107.2911487,Kandang Domba
Ternakpark Purwakarta,"
Jl. Cirangkong, Cirende, Kec. Campaka, Kabupaten Purwakarta, Jawa Barat 41181",Kabupaten Purwakarta,"
0813-3678-9647",-6.5328559,107.3786981,Kandang Domba
Be Farm (peternakan Domba Purwakarta),"
Gg. Keramik, RT.20/RW.09, Mulyamekar, Kec. Babakancikao, Kabupaten Purwakarta, Jawa Barat 41115",Kabupaten Purwakarta,"
0895-3204-84598",-6.5148058,107.3083041,Kandang Domba
Kandang Domba Mang Mul,"
CF9G+VXX, Pasawahan, Kec. Pasawahan, Kabupaten Purwakarta, Jawa Barat 41172",Kabupaten Purwakarta,-,-6.5148058,107.3083041,Kandang Domba
Kandang domba wayang,"
FFGW+6PP, Benteng, Kec. Campaka, Kabupaten Purwakarta, Jawa Barat 41181",Kabupaten Purwakarta,-,-6.5148058,107.3083041,Kandang Domba
Kandang Domba Tanjungsari,"
9FPH+W7H, Tanjungsari, Kec. Pondoksalam, Kabupaten Purwakarta, Jawa Barat 41115",Kabupaten Purwakarta,-,-6.5148058,107.3083041,Kandang Domba
Domba Garut Aa Ucup Purwakarta,"
Jl.Kopi Citrasari, Rt:02/04, Ds.Ciwareng, Kec.Babakancikao,, Kab.Purwakarta_Jawa Barat, Ciwareng, Kec. Babakancikao, Kabupaten Purwakarta, Jawa Barat 41151",Kabupaten Purwakarta,"
0888-0981-2721",-6.5148058,107.3083041,Kandang Domba
Kandang domba anwar,"
C9FC+43P, Sindanglaya, Kec. Sukatani, Kabupaten Purwakarta, Jawa Barat 41167",Kabupaten Purwakarta,-,-6.577165,107.2259969,Kandang Domba
Kandang Domba Bapak Nurdin,"
79QW+XHR, Puteran, Kec. Cikalong Wetan, Kabupaten Bandung Barat, Jawa Barat 40556",Kabupaten Purwakarta,"
0852-2009-4176",-6.709325,107.2528234,Kandang Domba
D'Kandang Abah/ MASRI Farm,"
FF69+7F3, Citalang, Kec. Purwakarta, Kabupaten Purwakarta, Jawa Barat 41111",Kabupaten Purwakarta,-,-6.5393621,107.3244628,Kandang Domba
Kandang Jembar Jaya Farm,"
FF97+9FP, Jl. Rw Sari, Munjuljaya, Kec. Purwakarta, Kabupaten Purwakarta, Jawa Barat 41117",Kabupaten Purwakarta,-,-6.5393621,107.3244628,Kandang Domba
Kandang Sapi H Eman,"
Jalan Kopi Desa Ciwareng Rt.004/003, Kecamatan Bakan Cikao, Kabupaten, Kec. Babakancikao, Kabupaten Purwakarta, Jawa Barat 41151",Kabupaten Purwakarta,-,-6.5393621,107.3244628,Kandang Domba
Kandang sapi amanah,"
FG3J+QPR, Cibukamanah, Kec. Cibatu, Kabupaten Purwakarta, Jawa Barat 41181",Kabupaten Purwakarta,-,-6.5393621,107.3244628,Kandang Domba
Kandang sapi pak haji usep,"
CF59+4MR, Pasawahan Anyar, Kec. Pasawahan, Kabupaten Purwakarta, Jawa Barat 41172",Kabupaten Purwakarta,-,-6.5393621,107.3244628,Kandang Domba
"Kelompok domba ""wa-yang"".","
FFGW+584, Benteng, Kec. Campaka, Kabupaten Purwakarta, Jawa Barat 41181",Kabupaten Purwakarta,-,-6.5393621,107.3244628,Kandang Domba
Alveena Farm (Peternakan Kambing & Domba),"
Cileunca, Kec. Bojong, Kabupaten Purwakarta, Jawa Barat 41164",Kabupaten Purwakarta,"
0811-1966-886",-6.6785966,107.1907342,Peternakan Kambing
Susu Kambing,"
Jl. Perum Bukit Residence, Cikumpay, Kec. Campaka, Kabupaten Purwakarta, Jawa Barat 41181",Kabupaten Purwakarta,"
0812-9726-1160",-6.6785966,107.1907342,Peternakan Kambing
Susu kambing Dany farm purwakarta,"
Gg. Banteng III No.30, Nagri Kidul, Kec. Purwakarta, Kabupaten Purwakarta, Jawa Barat 41111",Kabupaten Purwakarta,"
0895-3336-25481",-6.6785966,107.1907342,Peternakan Kambing
Berkah Jaya Farm Purwakarta,"
Pasawahan, Kec. Pasawahan, Kabupaten Purwakarta, Jawa Barat 41172",Kabupaten Purwakarta,"
0813-3444-2008",-6.6785966,107.1907342,Peternakan Kambing
peternakan kambing perah,"
gang gelatik, Jl. Ibrahim Singadilaga, Cipaisan, Kec. Purwakarta, Kabupaten Purwakarta, Jawa Barat 41111",Kabupaten Purwakarta,"
0895-3336-25481",-6.6785966,107.1907342,Peternakan Kambing
Susu kambing hanaafiah,"
Sindangkasih, Kec. Purwakarta, Kabupaten Purwakarta, Jawa Barat 41112",Kabupaten Purwakarta,"
0877-6496-2999",-6.6785966,107.1907342,Peternakan Kambing
Peternakan Kambing Pak Bagus,"
Jl. Perum Villa Indah Pesona No.B2, Cikampek Bar., Kec. Cikampek, Karawang, Jawa Barat 41373",Kabupaten Purwakarta,-,-6.394483,107.1664931,Peternakan Kambing
Pasar Hewan Purwakarta,"
FCJR+QCG, Ciwareng, Kec. Babakancikao, Kabupaten Purwakarta, Jawa Barat 41151",Kabupaten Purwakarta,-,-6.394483,107.1664931,Peternakan Kambing
Susu kambing Danyfarm purwakarta2,"
CCPW+9R6, Jl. Kapten Halim Gg. Banteng 4, Sindangkasih, Kec. Purwakarta, Kabupaten Purwakarta, Jawa Barat 41111",Kabupaten Purwakarta,"
0895-3336-25481",-6.394483,107.1664931,Peternakan Kambing
BR Farm,"
CF58+P72, Sawah Kulon, Kec. Pasawahan, Kabupaten Purwakarta, Jawa Barat 41172",Kabupaten Purwakarta,-,-6.394483,107.1664931,Peternakan Kambing
Halum Farm - Jual Hewan Qurban dan Aqiqah,"
Gg. Tangkil, Kp Babakan, RT.04/RW.02, Margasari, Kec. Pasawahan, Kabupaten Purwakarta, Jawa Barat 41172",Kabupaten Purwakarta,"
0877-7957-0900",-6.394483,107.1664931,Peternakan Kambing
Rizal Riki Fram,"
Cibeber, Kec. Kiarapedes, Kabupaten Purwakarta, Jawa Barat 41175",Kabupaten Purwakarta,-,-6.6683233,107.2810888,Peternakan Kambing
Kandang Ayam Sulikat Bongkar Farm,"
Wanayasa, Kec. Wanayasa, Kabupaten Purwakarta, Jawa Barat 41174",Kabupaten Purwakarta,"
0877-7604-3838",-6.6683233,107.2810888,Peternakan Kambing
Villa Kambing Cigadog,"
C84H+GXM, Pasanggrahan, Kec. Tegalwaru, Kabupaten Purwakarta, Jawa Barat 41165",Kabupaten Purwakarta,-,-6.5936659,107.0415317,Peternakan Kambing
Susu Kambing murni *Rafif Afkar*,"
Perumahan mulyamekar indah, rt19 No.20 blok A11, Mulyamekar, Kec. Babakancikao, Kabupaten Purwakarta, Jawa Barat 41151",Kabupaten Purwakarta,"
0838-7913-0119",-6.5936659,107.0415317,Peternakan Kambing
Aqiqah Idaman Purwakarta,"
Jl. Kapten Halim, RT.025/RW.015, Sindangkasih, Kec. Purwakarta, Kabupaten Purwakarta, Jawa Barat 41112",Kabupaten Purwakarta,"
0821-1382-7285",-6.566217,107.3814354,Aqiqah
El Badar Aqiqah,"
Jl. Kapten Halim Gg. Banteng 1, Nagri Kidul, Kec. Purwakarta, Kabupaten Purwakarta, Jawa Barat 41118",Kabupaten Purwakarta,"
0818-0721-8686",-6.566217,107.3814354,Aqiqah
Aqiqah Ghani Purwakarta,"
Kampung Warung Mekar, RT.007/RW.004, Bungursari, Kec. Bungursari, Kabupaten Purwakarta, Jawa Barat 41181",Kabupaten Purwakarta,"
0813-8969-7092",-6.481445,107.4065565,Aqiqah
Aqiqah Domba Ungu Purwakarta,"
Jl. Kapten Halim, RT.025/RW.015, Sindangkasih, Kec. Purwakarta, Kabupaten Purwakarta, Jawa Barat 41112",Kabupaten Purwakarta,"
0821-1382-7286",-6.5662235,107.3814576,Aqiqah
Mandiri Aqiqah Purwakarta,"
FC79+X99, Cilegong, Kec. Jatiluhur, Kabupaten Purwakarta, Jawa Barat 41152",Kabupaten Purwakarta,"
0812-1187-6095",-6.5348458,107.3463842,Aqiqah
Aqiqah Al Hilal Cabang Purwakarta,"
Perum Purnayudha, Jl. Purnayudha No.9 Blok Aa, Sadang, Kec. Bungursari, Kabupaten Purwakarta, Jawa Barat 41181",Kabupaten Purwakarta,"
0811-2233-1008",-6.5133997,107.3960101,Aqiqah
Alifa Qurban & Aqiqah,"
Jl. Mawar II No.19, RT.67/RW.007, Nagri Kaler, Kec. Purwakarta, Kabupaten Purwakarta, Jawa Barat 41115",Kabupaten Purwakarta,"
0878-4333-9730",-6.5133997,107.3960101,Aqiqah
Aqiqah Noya Purwakarta,"
GF9H+FCC, Bungursari, Kec. Bungursari, Kabupaten Purwakarta, Jawa Barat 41181",Kabupaten Purwakarta,"
0822-9938-0698",-6.5133997,107.3960101,Aqiqah
DT Aqiqah Purwakarta,"
Gg. Sumantadireja, Cibening, Kec. Bungursari, Kabupaten Purwakarta, Jawa Barat 41181",Kabupaten Purwakarta,"
0812-1386-7251",-6.5133997,107.3960101,Aqiqah
Dsultan Aqiqah Purwakarta,"
Jl. Kapten Halim, RT.025/RW.015, Sindangkasih, Kec. Purwakarta, Kabupaten Purwakarta, Jawa Barat 41112",Kabupaten Purwakarta,"
0812-1332-4019",-6.5133997,107.3960101,Aqiqah
OK Aqiqah & Katering,"
Jl. Perumahan Bpi Blok F1 No 23, Munjuljaya, Kec. Purwakarta, Kabupaten Purwakarta, Jawa Barat 41117",Kabupaten Purwakarta,"
0813-8315-8651",-6.5133997,107.3960101,Aqiqah
Hanifa Aqiqah Purwakarta,"
Jl. Kolonel Rahmat, RT.001/RW.004, Kp Tegaljunti, Tegalmunjul, Kec. Purwakarta, Kabupaten Purwakarta, Jawa Barat 41116",Kabupaten Purwakarta,"
0822-9904-8300",-6.5133997,107.3960101,Aqiqah
Ummah Aqiqah Purwakarta,"
Jl. Laks. Laut RE. Martadinata No.98, Nagri Kidul, Kec. Purwakarta, Kabupaten Purwakarta, Jawa Barat 41111",Kabupaten Purwakarta,"
0859-2605-5000",-6.5133997,107.3960101,Aqiqah
Aqiqah Bintang 5 Purwakarta,"
Bungursari, Kec. Bungursari, Kabupaten Purwakarta, Jawa Barat 41181",Kabupaten Purwakarta,"
0813-1367-6745",-6.5133997,107.3960101,Aqiqah
Istiqomah Aqiqah & Qurban,"
Jln. Munjul Jaya Rt02/01 Perum Munjul Jaya Permai, Munjuljaya, Kec. Purwakarta, Kabupaten Purwakarta, Jawa Barat 41117",Kabupaten Purwakarta,"
0889-6365-69273",-6.5133997,107.3960101,Aqiqah
Dapur Aqiqah Supplier Network,"
RT.10/RW.07, Ciseureuh, Kec. Purwakarta, Kabupaten Purwakarta, Jawa Barat 41113",Kabupaten Purwakarta,"
0896-1863-7179",-6.5133997,107.3960101,Aqiqah
Aqiqah baroqah,"
Jl. Sukajadi No.Rt32/rw 06, Nagri Kidul, Kec. Purwakarta, Kabupaten Purwakarta, Jawa Barat 41111",Kabupaten Purwakarta,"
0859-2604-6400",-6.5133997,107.3960101,Aqiqah
Rumah Aqiqah Istiqomah,"
FFC7+H2R, Kp. Pangupukan, RT.02/RW.01, Munjuljaya, Kec. Purwakarta, Kabupaten Purwakarta, Jawa Barat 41117",Kabupaten Purwakarta,-,-6.5133997,107.3960101,Aqiqah
Domba Aqiqah & Qurban,"
CCG8+37P, Jl. Mekar Sari, RT.13/RW.04, Cibinong, Kec. Jatiluhur, Kabupaten Purwakarta, Jawa Barat 41152",Kabupaten Purwakarta,"
0878-2734-4742",-6.5747971,107.3435932,Aqiqah
Agen Aqiqah Dinar Purwakarta & Alisha Cell,"
Kp. Conggeang RT 17/05 Ds. Cilangkap Kec, Cilangkap, Kec. Babakancikao, Kabupaten Purwakarta, Jawa Barat 41151",Kabupaten Purwakarta,"
0857-9852-3819",-6.4732175,107.3167245,Aqiqah
FUJI Aqiqah,"
994W+2W2, Palinggihan, Kec. Plered, Kabupaten Purwakarta, Jawa Barat 41162",Kabupaten Purwakarta,"
0878-7997-3954",-6.6449779,107.3251593,Aqiqah
AQIQAH PURWAKARTA,"
Jl. Taman Pahlawan No.118, Purwamekar, Kec. Purwakarta, Kabupaten Purwakarta, Jawa Barat 41119",Kabupaten Purwakarta,"
0877-2833-3255",-6.5339952,107.3661007,Aqiqah
Kandang Domba Lantama Farm,"
Dusun Dukuh No.Rt 26/007, Anggadita, Kec. Klari, Karawang, Jawa Barat 41371",Kabupaten Karawang,"
0878-6850-0008",-6.3621134,107.0498872,Kandang Domba
Kandang Domba Kelana,"
Jl. Raya R.Dengklok No.184, Kutakarya, Kec. Kutawaluya, Karawang, Jawa Barat 41358",Kabupaten Karawang,"
0812-1936-244",-6.3621134,107.0498872,Kandang Domba
Omah Domba,"
Panyingkiran, Kec. Rawamerta, Karawang, Jawa Barat 41382",Kabupaten Karawang,"
0815-1057-2194",-6.3621134,107.0498872,Kandang Domba
Kandang domba PUTRA CIKAL 91,"
JCMG+H7G, Tegalsari, Kec. Purwasari, Karawang, Jawa Barat 41373",Kabupaten Karawang,"
0821-2491-4797",-6.3621134,107.0498872,Kandang Domba
peternakan domba,"
W9J2+XQ7, sarengseng, RW.2, Kertarahayu, Kec. Cibuaya, Karawang, Jawa Barat 41356",Kabupaten Karawang,-,-6.0675972,107.063518,Kandang Domba
Peternakan Domba Lestari,"
M8VP+7QX, Pasirjengkol, Kec. Majalaya, Karawang, Jawa Barat 41371",Kabupaten Karawang,"
0896-0449-1131",-6.0675972,107.063518,Kandang Domba
Kandang Kambing Bpk.Muntahib,"
Jurusan Jungklang, Jayamukti, Kec. Banyusari, Karawang, Jawa Barat 41374",Kabupaten Karawang,"
0856-9517-9235",-6.3116462,107.2640789,Kandang Domba
Kandang domba Oji / Kampung cimaung dsn pasung,"
RCGC+3FJ, Mekarpohaci, Kec. Cilebar, Karawang, Jawa Barat 41385",Kabupaten Karawang,-,-6.1738353,107.1316992,Kandang Domba
Kandang domba reod,"
V9X7+XG5, Jl. Karang Jati, Karangjaya, Kec. Pedes, Karawang, Jawa Barat 41353",Kabupaten Karawang,"
0857-1146-2183",-6.1738353,107.1316992,Kandang Domba
Kandang domba Doer,"
Jl. Sontong No.61, Tempuran, Kec. Tempuran, Karawang, Jawa Barat 41385",Kabupaten Karawang,-,-6.1738353,107.1316992,Kandang Domba
KANDANG DOMBA KANG DADAN,"
RT.003/RW.001, Dusun krajan, Sukapura, Kec. Rawamerta, Karawang, Jawa Barat 41382",Kabupaten Karawang,"
0821-2832-9977",-6.1738353,107.1316992,Kandang Domba
Kandang Sapi Amanah Farm Karawang - 2 Darawolong,"
M95X+GRW, Darawolong, Kec. Purwasari, Karawang, Jawa Barat 41371",Kabupaten Karawang,-,-6.1738353,107.1316992,Kandang Domba
Asrama Domba Karawang GAGA FARM,"
Unnamed Road, Pasirkaliki, Kec. Rawamerta, Karawang, Jawa Barat 41382",Kabupaten Karawang,-,-6.1738353,107.1316992,Kandang Domba
AQIQAH dan QURBAN PAJERO STYLE FARM,"
Gang Pasir Indah No.3, Pasirjengkol, Kec. Majalaya, Karawang, Jawa Barat 41371",Kabupaten Karawang,"
0821-1464-392",-6.1738353,107.1316992,Kandang Domba
Kandang domba apok,"
MFCF+4CR, Kol. Ayim, Cipondoh, Kec. Tirtamulya, Karawang, Jawa Barat 41372",Kabupaten Karawang,-,-6.1738353,107.1316992,Kandang Domba
Peternakan Domba Kambung MENDHO LEMU,"
P8P8+3VJ, Unnamed Road, Karangpawitan, Bar., Karangpawitan, Kec. Karawang Bar., Karawang, Jawa Barat 41315",Kabupaten Karawang,"
0857-7808-6991",-6.1738353,107.1316992,Kandang Domba
Kandang domba Akbar wijaya,"
QHVQ+9F3, Jl. Satar, Muarabaru, Kec. Cilamaya Wetan, Karawang, Jawa Barat 41384",Kabupaten Karawang,-,-6.2067398,107.2999809,Kandang Domba
Kandang sapi AMANAH FARM KARAWANG,"
Jl. Peundeuy, Pulojaya, Kec. Lemahabang, Karawang, Jawa Barat 41383",Kabupaten Karawang,"
0813-9485-4830",-6.2067398,107.2999809,Kandang Domba
Peternak domba garut,"
P9P5+FF6, Unnamed Road, Kutawargi, Kec. Rawamerta, Karawang, Jawa Barat 41382",Kabupaten Karawang,"
0838-9871-1310",-6.2638368,107.0702387,Kandang Domba
Kandang Oemar | Aqiqah & Qurban,"
Desa kalangsari, Kec. Rengasdengklok, Karawang, Kalangsari, Gg. eretan, perahu pebayuran Indomaret, Rw02 No.Rt 06, Kalangsari, Kec. R.Dengklok, Karawang, Jawa Barat 41352",Kabupaten Karawang,"
0813-1912-5973",-6.2638368,107.0702387,Kandang Domba
Kandang Sapi Sukses Amanah Farm,"
M86P+XJ5, Anggadita, Kec. Klari, Karawang, Jawa Barat 41371",Kabupaten Karawang,-,-6.2638368,107.0702387,Kandang Domba
Domba karawang,"
W865+F3C, Kertajaya, Kec. Jayakerta, Karawang, Jawa Barat 41352",Kabupaten Karawang,"
0858-9006-5483",-6.2638368,107.0702387,Kandang Domba
KANDANG MOMON,"
J9XH+78M, Belendung, Kec. Klari, Karawang, Jawa Barat 41371",Kabupaten Karawang,-,-6.2638368,107.0702387,Kandang Domba
KURMA ADZWA FARM,"
Kp cimahi Rt010 Rw002, Jomin Tim., Kec. Kota Baru, Karawang, Jawa Barat 41374",Kabupaten Karawang,"
0812-9940-4340",-6.2638368,107.0702387,Kandang Domba
Qurbanku Karawang,"
Sukamakmur, Telukjambe Timur, Karawang, Jawa Barat 41371",Kabupaten Karawang,"
0852-1070-7144",-6.2638368,107.0702387,Kandang Domba
Kandang Cv Amanah Berkah Abadi Jaya,"
P8RV+8Q8, Pasirkaliki, Kec. Rawamerta, Karawang, Jawa Barat 41382",Kabupaten Karawang,-,-6.2638368,107.0702387,Kandang Domba
PETERNAKAN KANYAAH SHEEP HUSBANDRY,"
Kp pasir malang tugu, RT.01/RW.02, Citarik, Kec. Tirtamulya, Karawang, Jawa Barat 41372",Kabupaten Karawang,"
0856-9350-4343",-6.2638368,107.0702387,Kandang Domba
Kandang berkah aqiqah,"
Gg. Muray, Margasari, Kec. Karawang Tim., Karawang, Jawa Barat 41371",Kabupaten Karawang,"
0881-0243-60085",-6.2638368,107.0702387,Kandang Domba
Kandang Bedog,"
PC3R+R62, Jl. Kedawung, Kedawung, Kec. Lemahabang, Karawang, Jawa Barat 41383",Kabupaten Karawang,"
0821-1131-1214",-6.2638368,107.0702387,Kandang Domba
Peternakan kambing,"
M7GQ+49X, Sukaharja, Telukjambe Timur, Karawang, Jawa Barat 41361",Kabupaten Karawang,-,-6.3246432,107.0000828,Peternakan Kambing
Ternak Kambing KUBE SUKSES JAYA,"
Purwajaya, Kec. Tempuran, Karawang, Jawa Barat 41385",Kabupaten Karawang,"
0857-7132-1735",-6.2118322,107.1837014,Peternakan Kambing
Kambing peranakan etawa,"
HFH5+J5V, Gg. Ampera, Cikampek Pusaka, Kec. Cikampek, Karawang, Jawa Barat 41373",Kabupaten Karawang,-,-6.2118322,107.1837014,Peternakan Kambing
PD Hewan Kambing & Sapi Yadi (Enos),"
M9C5+W7H, Bengle, Kec. Majalaya, Karawang, Jawa Barat 41371",Kabupaten Karawang,-,-6.2118322,107.1837014,Peternakan Kambing
SAPI DAN KAMBING QURBAN,"
Sukaharja, Telukjambe Timur, Karawang, Jawa Barat 41361",Kabupaten Karawang,"
0858-1079-2942",-6.3179876,107.0038669,Peternakan Kambing
Farm Sodagar Kambing,"
Kp. Kepuh, RT.002/RW.004, Kertamulya, Kec. Pedes, Karawang, Jawa Barat 41353",Kabupaten Karawang,"
0857-7766-6791",-6.0884796,107.0535768,Peternakan Kambing
PD. Yayan Baud Kambing Domba super,"
R7GW+MXP, Jl. Raya R.Dengklok, Amansari, Kec. R.Dengklok, Karawang, Jawa Barat 41352",Kabupaten Karawang,"
0815-1965-0739",-6.0884796,107.0535768,Peternakan Kambing
Budidaya Lobster Air Tawar & Peternakan Kambing Pak Bagus,"
Jl. Perum Villa Indah Pesona No.B2, Cikampek Bar., Kec. Cikampek, Karawang, Jawa Barat 41373",Kabupaten Karawang,-,-6.3945083,107.1664616,Peternakan Kambing
Banyu zam-zam (peternakan sapi domba dan kambing),"
M84V+428, Jl. Kosambi Raya, Anggadita, Kec. Klari, Karawang, Jawa Barat 41371",Kabupaten Karawang,-,-6.3945083,107.1664616,Peternakan Kambing
Michele farm jual domba qurban dan aqiqah,"
P844+X93, Kepuh tengah, RT.02/RW.35 kel, Nagasari, Kec. Karawang Bar., Karawang, Jawa Barat 41312",Kabupaten Karawang,"
0877-4147-0930",-6.292611,107.0175417,Peternakan Kambing
FH Farm (Peternakan Kambing),"
Q5H5+7PR, Jl. Kp. Pulo, Sukaraya, Kec. Karangbahagia, Kabupaten Bekasi, Jawa Barat 17630",Kabupaten Karawang,"
0822-2535-0606",-6.2217712,106.8708768,Peternakan Kambing
Istana Kambing Sehat,"
PH38+R9R, Gempol, Kec. Banyusari, Karawang, Jawa Barat 41374",Kabupaten Karawang,"
0888-8207-088",-6.2953906,107.2774946,Peternakan Kambing
Wisma Sapi Domba Hezo Munggaran,"
M7MG+HJR, Gg. Puseur Poponcol, Karawang Kulon, Kec. Karawang Bar., Karawang, Jawa Barat 41311",Kabupaten Karawang,"
0856-9764-1241",-6.3160212,106.9881251,Peternakan Kambing
Zulfa Qurban & Aqiqah,"
Jl. Jend. Sudirman, Kp. Bakan Maja, Gg. Sawo No.RT03/01, Jomin Bar., Kec. Kota Baru, Karawang, Jawa Barat 41374",Kabupaten Karawang,"
0856-9171-7488",-6.4116956,107.1883073,Peternakan Kambing
CAHAYA FARM,"
J8HG+JMQ, Parungmulya, Kec. Ciampel, Karawang, Jawa Barat 41363",Kabupaten Karawang,"
0896-8526-3591",-6.3709242,107.0383368,Peternakan Kambing
Jual Kambing Domba Sapi Murah Karawang,"
Jalan pemancingan Ajo, Blok Kampung pintu air, Wadas, Telukjambe Timur, Karawang, Jawa Barat 41361",Kabupaten Karawang,"
0899-8674-118",-6.3709242,107.0383368,Peternakan Kambing
Jaya Tama Farm,"
Telukjambe, Telukjambe Timur, Karawang, Jawa Barat 41361",Kabupaten Karawang,"
0857-7932-1110",-6.3709242,107.0383368,Peternakan Kambing
PD.BERKAH FARM(JUAL HEWAN QURBAN/AQIKAH,"
PFRM+VFH, Pulomulya, Kec. Lemahabang, Karawang, Jawa Barat 41383",Kabupaten Karawang,"
0858-1676-1202",-6.2578199,107.1953302,Peternakan Kambing
Cemplo farm (Peternakan Sapi Pak Haji Harsono),"
QCP3+888, Jl. Silih Asih, Lemahduhur, Kec. Tempuran, Karawang, Jawa Barat 41385",Kabupaten Karawang,-,-6.2578199,107.1953302,Peternakan Kambing
Khabir domba nusantara,"
Lapangan Auri, Jl. Jomin No.02, RT.10, Cimahi, Kec. Cikampek, Karawang, Jawa Barat 41374",Kabupaten Karawang,"
0812-2530-0024",-6.2578199,107.1953302,Peternakan Kambing
Susu Kambing Etawa,"
kp.ceplik No.02/01, Kertawaluya, Kec. Tirtamulya, Karawang, Jawa Barat 41372",Kabupaten Karawang,"
0858-1111-2938",-6.2578199,107.1953302,Peternakan Kambing
Domba Kasep,"
Kp sukaseuri timur, RT.19/RW.08, Sarimulya, Kec. Kota Baru, Karawang, Jawa Barat 41374",Kabupaten Karawang,"
0813-1487-7754",-6.2578199,107.1953302,Peternakan Kambing
Delonk farm,"
Kp cibeker, RT.01/RW.09, Dawuan Tim., Kec. Cikampek, Karawang, Jawa Barat 41373",Kabupaten Karawang,"
0838-0424-2752",-6.2578199,107.1953302,Peternakan Kambing
INDUSTRI DOMBA KARAWANG,"
P76Q+XW2, Jalan Raya Tanjung Pura, Tanjungmekar, Kec. Karawang Bar., Karawang, Jawa Barat 41316",Kabupaten Karawang,-,-6.2876117,107.0013856,Peternakan Kambing
Kurnia Aqiqah Karawang,"
Cluster Tanjung Mekar Residence No.2 Blok C 1, Tanjungmekar, Kec. Karawang Bar., Karawang, Jawa Barat 41316",Kabupaten Karawang,"
0811-1202-500",-6.2755757,107.1297693,Aqiqah
Griya Aqiqah Karawang,"
Perumahan Griya Pesona Asri blok C1.no.57, Cibalongsari, Kec. Klari, Karawang, Jawa Barat 41371",Kabupaten Karawang,"
0813-2276-6019",-6.3520386,107.2256409,Aqiqah
Griya Aqiqah Karawang 2,"
Dusun babakan kaliaren, Pasirmulya, Kec. Majalaya, Karawang, Jawa Barat 41371",Kabupaten Karawang,"
0815-2876-1041",-6.3520386,107.2256409,Aqiqah
Aqiqah Dinar Karawang,"
Padi Kuning Residence (Depan SD Bengle, Blk. A3 - A4 No.2, RT./RW/RW.014/006, Kondangjaya, Kec. Karawang Tim., Karawang, Jawa Barat 41371",Kabupaten Karawang,"
0851-7430-7416",-6.3520386,107.2256409,Aqiqah
Aqiqah Karawang by Bang Haji,"
Jl Bedeng, Jl. Johar Tim. Desa No.3, RT.002/RW.009, Adiarsa Tim., Kec. Karawang Tim., Karawang, Jawa Barat 41314",Kabupaten Karawang,"
0812-1370-7369",-6.3520386,107.2256409,Aqiqah
Aqiqah Domba Ungu Karawang,"
Jl Bedeng, Jl. Johar Tim. Desa No.3, RT.002/RW.009, Adiarsa Tim., Kec. Karawang Tim., Karawang, Jawa Barat 41314",Kabupaten Karawang,"
0821-1324-1726",-6.3520386,107.2256409,Aqiqah
Aqiqah Karawang Nurul Hayat,"
Jl. Pasundan No.8, Adiarsa Bar., Kec. Karawang Bar., Karawang, Jawa Barat 41311",Kabupaten Karawang,"
0823-2222-8843",-6.3520386,107.2256409,Aqiqah
Cahaya Aqiqah Karawang New,"
114, Jl. Pinayungan No.004, RT.008/RW.004, Pinayungan, Telukjambe Timur, Karawang, Jawa Barat 41361",Kabupaten Karawang,"
0877-7913-3259",-6.3520386,107.2256409,Aqiqah
AQIQAH86 KARAWANG,"
Bumi kosambi permai Jl. Raya Telagasari - Kosambi No.2 blok A1Jl, Belendung, Karawang, Jawa Barat 41371",Kabupaten Karawang,"
0821-2211-4377",-6.3520386,107.2256409,Aqiqah
Aqiqah Al Mufi'i,"
Depan Masjid Al Hikmah, Jl. Tamelang Timur, RT.025/RW.006, Margasari, Kec. Karawang Tim., Karawang, Jawa Barat 41314",Kabupaten Karawang,"
0852-1248-9177",-6.3520386,107.2256409,Aqiqah
Aqiqah & Qurban AL-HAFIZ Karawang (KANTOR),"
Jl. Manunggal VII Karees, Palumbonsari, Kec. Karawang Tim., Karawang, Jawa Barat 41314",Kabupaten Karawang,"
0813-8455-0429",-6.3520386,107.2256409,Aqiqah
Aisyah Aqiqah Karawang,"
belakang indomaret, Jl. Buahaseum, Karyamukti, Kec. Lemahabang, Karawang, Jawa Barat 41383",Kabupaten Karawang,"
0857-7779-6205",-6.2849632,107.3122279,Aqiqah
Aqiqah Idaman Karawang,"
Jl Bedeng, Jl. Johar Tim. Desa No.3, RT.002/RW.009, Adiarsa Tim., Kec. Karawang Tim., Karawang, Jawa Barat 41314",Kabupaten Karawang,"
0851-1776-3711",-6.3102888,107.1773094,Aqiqah
Aqiqah & Qurban Al-Hafiz Karawang,"
P8QJ+FRP, Tegalsawah, Kec. Karawang Tim., Karawang, Jawa Barat 41314",Kabupaten Karawang,"
0856-9559-2035",-6.3102888,107.1773094,Aqiqah
Mutiara Aqiqah Karawang,"
Dusun krajan 1 No.34, RT.005/RW.3, Sukamerta, Kec. Rawamerta, Karawang, Jawa Barat 41382",Kabupaten Karawang,"
0819-3288-0971",-6.3102888,107.1773094,Aqiqah
Fatimah Aqiqah,"
KP. SERANG NO. 125, RT 012/006 MEKARJAYA PURWASARI KARAWANG JAWA BARAT, Jl. Desa Mekarjaya, Mekarjaya, Kec. Purwasari, Karawang, Jawa Barat 41373",Kabupaten Karawang,"
0823-1011-7013",-6.3102888,107.1773094,Aqiqah
Aqiqah Karriz Karawang,"
Perum Sakinah Village, blok A1, no. 01, Sukamakmur, Kec. Karawang Tim., Karawang, Jawa Barat 41361",Kabupaten Karawang,"
0812-9594-8855",-6.3102888,107.1773094,Aqiqah
Aqiqah Emak Karawang,"
Jl. Soka, RT.04/RW.023 Desa Karawang Wetan, Kec. Karawang Tim., Karawang, Jawa Barat 41314, Karawang Wetan, Kec. Karawang Tim., Karawang, Jawa Barat 42314",Kabupaten Karawang,"
0856-9243-5389",-6.3102888,107.1773094,Aqiqah
Aqiqah Al-Madina,"
Pesona Grand Karawang (Dalam Pembangunan) Blok B10, Tegalsawah, Kec. Karawang Tim., Karawang, Jawa Barat 41314",Kabupaten Karawang,"
0821-1187-2001",-6.3102888,107.1773094,Aqiqah
Fajar Aqiqah & Jnc Cookies_krw,"
Jl. Suhud Hidayat sukamaju, Warungbambu, Kec. Karawang Tim., Karawang, Jawa Barat 41371",Kabupaten Karawang,"
0811-1275-048",-6.3102888,107.1773094,Aqiqah
Alliya Aqiqah,"
M7GH+RJG, Wadas, Telukjambe Timur, Karawang, Jawa Barat 41361",Kabupaten Karawang,"
0852-2179-9772",-6.3102888,107.1773094,Aqiqah
Musa Aqiqah Karawang,"
Masjid ASY Syifa, Jalan ASY Syifa 8 No.mor 230, Palawad, Kec. Karawang Tim., Karawang, Jawa Barat 41314",Kabupaten Karawang,"
0853-1708-6242",-6.3102888,107.1773094,Aqiqah
Bina Aqiqah,"
Rw15 Jalan Perum Citra Kebun Mas.Rt 52 blok q4 19, Bengle, Kec. Majalaya, Karawang, Jawa Barat 41371",Kabupaten Karawang,"
0857-7883-8397",-6.3102888,107.1773094,Aqiqah
Armada Aqiqah,"
GADING ELOK 1 No.K13/3, Karawang Wetan, Kec. Karawang Tim., Karawang, Jawa Barat 41314",Kabupaten Karawang,"
0813-1507-3816",-6.3102888,107.1773094,Aqiqah
Tempat Produksi Raudhah Aqiqah,"
Jl. Pandu No.B303, Sukaluyu, Telukjambe Timur, Karawang, Jawa Barat 41360",Kabupaten Karawang,"
0853-3221-8714",-6.3102888,107.1773094,Aqiqah
Annisa aqiqah,"
Perumnas bumi teluk jambe blok a no 496, RT./001/RW./011, Sukaluyu, Telukjambe Timur, Karawang, Jawa Barat 41361",Kabupaten Karawang,"
0895-3858-94312",-6.3102888,107.1773094,Aqiqah
Kebuli Cinta Catering & Aqiqah,"
CKM, Perumahan Jl. Perum Citra Kebun Mas No.17 Blok G7, Kondangjaya, Kec. Karawang Tim., Karawang, Jawa Barat 41371",Kabupaten Karawang,"
0813-1882-3072",-6.3102888,107.1773094,Aqiqah
Fauziyyah Aqiqoh,"
perumahan cengkong persada Jl. Rajawali 1 No.10 blok c22, Cengkong, Kec. Purwasari, Karawang, Jawa Barat 41373",Kabupaten Karawang,"
0877-3143-3007",-6.3634011,107.250452,Aqiqah
Firdaus Aqiqah,"
Perum Bumi Teluk Jambe Jl. Baladewa No.09 Blok NQ, Sukaluyu, Telukjambe Timur, Karawang, Jawa Barat 41361",Kabupaten Karawang,"
0813-7279-9997",-6.3317973,107.1449622,Aqiqah
Zakia Aqiqah,"
Sarimulya, Kec. Kota Baru, Karawang, Jawa Barat 41374",Kabupaten Karawang,"
0852-1832-5596",-6.4117173,107.3270196,Aqiqah
Aqiqah,"
Jalan proklamasi perum tunggakjati Regency, Blk. B3 No.1, Margasari, Kec. Karawang Tim., Karawang, Jawa Barat 41311",Kabupaten Karawang,"
0857-7593-4339",-6.3213963,107.203266,Aqiqah
"Aqiqah Al Mufi'i, Jatimulya","
Jln. Babakan Jati, Klari, Kec. Klari, Karawang, Jawa Barat 41371",Kabupaten Karawang,"
0852-1248-9177",-6.3213963,107.203266,Aqiqah
Pondok Aqiqah,"
Blok A1, No.12, Bumi Karawang Permai, Warungbambu, Kec. Karawang Tim., Karawang, Jawa Barat 41371",Kabupaten Karawang,"
0812-1942-1473",-6.3213963,107.203266,Aqiqah
Aqiqah Bina Ukhuwah,"
Jl. R. Martanagara No.9 RT01, RW.25, Nagasari, Kec. Karawang Bar., Karawang, Jawa Barat 41312",Kabupaten Karawang,"
0895-0508-5000",-6.3213963,107.203266,Aqiqah
RPH KARAWANG TIMUR,"
Jl. Suhud Hidayat No.30, Adiarsa Tim., Kec. Karawang Tim., Karawang, Jawa Barat 41311",Kabupaten Karawang,-,-6.3268337,106.7374935,Rumah Potong Hewan
Rumah potong aditya,"
Dsn krajan barat, RT.003/rw001, Amansari, Kec. R.Dengklok, Karawang, Jawa Barat 41352",Kabupaten Karawang,"
0859-5957-5759",-6.3268337,106.7374935,Rumah Potong Hewan
Rumah Pemotongan Ayam Pucung Unggas Jaya,"
Gg. SD Negeri Pucung V Jl. Mashudi, Pucung, Kec. Kota Baru, Karawang, Jawa Barat 41373",Kabupaten Karawang,"
0877-8288-3959",-6.3268337,106.7374935,Rumah Potong Hewan
Rumah Pemotongan Unggas & Ikan PT Restu Muara Bagja,"
Jl. Manunggal VII, RT.001/RW.016 Kel, Kp. Rawabagi, Palumbonsari, Kec. Karawang Tim., Karawang, Jawa Barat 41314",Kabupaten Karawang,"
0851-5931-9963",-6.3268337,106.7374935,Rumah Potong Hewan
PANEN SAPI KURBAN BEKASI ( RPH KOTA BEKASI ),"
Jl. Raya Perjuangan, RT.003/RW.002, Harapan Baru, Kec. Bekasi Utara, Kota Bks, Jawa Barat 17123",Kabupaten Karawang,"
0878-1263-6136",-6.2242039,106.4388946,Rumah Potong Hewan
RPH Harapan Baru,"
RT 03/RW 02 Kel., Jl. Raya Perjuangan, RT.003/RW.002, Harapan Baru, Kec. Bekasi Utara, Kota Bks, Jawa Barat 17123",Kabupaten Karawang,"
0878-7893-5264",-6.2242039,106.4388946,Rumah Potong Hewan
Rumah Potong Hewan Abah Agus,"
J298+R9H, Ragemanunggal, Kec. Setu, Kabupaten Bekasi, Jawa Barat 17320",Kabupaten Karawang,-,-6.2242039,106.4388946,Rumah Potong Hewan
Kandang & RPH Prestige Aqiqah Cikarang,"
Jl. Kp. Kandang, RT.10/RW.05, desa:sukadami, kec:, Cikarang Sel., Kabupaten Bekasi, Jawa Barat 17530",Kabupaten Karawang,"
0821-2127-8415",-6.2242039,106.4388946,Rumah Potong Hewan
UPTD Pusat Kesehatan Hewan (PUSKESWAN) Karawang,"
Jl. Gandaria No.1, Nagasari, Kec. Karawang Bar., Karawang, Jawa Barat 41314",Kabupaten Karawang,"
0877-4147-9704",-6.3050393,106.726517,Rumah Potong Hewan
RPHU PT Berkah Unggas Rezki,"
Dusun Bojong Desa Mulya Jaya Rt 01/01, Mulyajaya, Kec. Telukjambe Bar., Karawang, Jawa Barat 41361",Kabupaten Karawang,"
0811-1174-490",-6.3050393,106.726517,Rumah Potong Hewan
Kandang Kambing Domba Bekasi (Pak Yani),"
Q3C8+4P8, Jejalenjaya, Kec. Tambun Utara, Kabupaten Bekasi, Jawa Barat 17510",Kabupaten Bekasi,"
0813-8374-8315",-6.2297002,106.4900316,Kandang Domba
RUMAH DOMBA BEKASI,"
Jl. Setia Darma 3 No.27, RT.1/RW.2, Setiadarma, Kec. Tambun Sel., Kabupaten Bekasi, Jawa Barat 17510",Kabupaten Bekasi,"
0821-1402-8600",-6.2297002,106.4900316,Kandang Domba
Kandang Domba Garut SARFAD FARM HPDKI,"
J2P4+8XF, Jl. Dawuan, Taman Sari, Kec. Setu, Kabupaten Bekasi, Jawa Barat 17320",Kabupaten Bekasi,"
0813-1451-1054",-6.2297002,106.4900316,Kandang Domba
Kandang Domba CINITY,"
P5V8+8M3, Karangraharja, Kec. Cikarang Utara, Kabupaten Bekasi, Jawa Barat 17530",Kabupaten Bekasi,-,-6.2297002,106.4900316,Kandang Domba
Kandang Tabba (Pusat Menjual Hewan Qurban & Aqiqah Murah),"
Jl. Kebantenan, RT.001/RW.006, Jatiasih, Kec. Jatiasih, Kota Bks, Jawa Barat 17423",Kabupaten Bekasi,"
0851-8319-9764",-6.2297002,106.4900316,Kandang Domba
Kandang palugada dan domba hasanul qurban,"
Q2PM+4CC, Karangsatria, Kec. Tambun Utara, Kota Bks, Jawa Barat 17510",Kabupaten Bekasi,-,-6.2297002,106.4900316,Kandang Domba
KANDANG DOMBA KEBALEN (Jual Beli Kambing dan Domba & Jasa Aqiqah siap saji),"
Jl. Garuda Raya No.697, Kebalen, Kec. Babelan, Kabupaten Bekasi, Jawa Barat 17610",Kabupaten Bekasi,"
0896-5653-8158",-6.2297002,106.4900316,Kandang Domba
Kandang Kambing Umi,"
Gg. Darussalam No.18, Wanasari, Kec. Cibitung, Kabupaten Bekasi, Jawa Barat 17520",Kabupaten Bekasi,"
0813-1895-5856",-6.2297002,106.4900316,Kandang Domba
KANDANG KAMBING BANDOT CIKUNIR,"
Jalan Cikunir raya GG h suta RT 003/003 No.04B, RT.005/RW.003, Jakamulya, Kec. Bekasi Sel., Kota Bks, Jawa Barat 17146",Kabupaten Bekasi,"
0812-9071-3422",-6.2297002,106.4900316,Kandang Domba
PONDOK DOMBA Farm,"
Jl. Jaya Abadi, RT.001/RW.3, Jatiwaringin, Kec. Pd. Gede, Kota Bks, Jawa Barat 17411",Kabupaten Bekasi,"
0856-9439-6360",-6.2297002,106.4900316,Kandang Domba
Kandang Domba hollywood,"
Kp pakuning, RT.04/RW.02, Sukarapih, Kec. Tambelang, Kabupaten Bekasi, Jawa Barat 17620",Kabupaten Bekasi,-,-6.2297002,106.4900316,Kandang Domba
Kandang domba Gibran Aqiqah,"
Jl. Kp. Babakan, RT.01/RW.01, Jatiwangi, Kec. Cikarang Bar., Kabupaten Bekasi, Jawa Barat 17530",Kabupaten Bekasi,"
0812-1119-1838",-6.2297002,106.4900316,Kandang Domba
Kandang hewan qurban bapak SUDARYA,"
Karangsari, Kec. Cikarang Tim., Kabupaten Bekasi, Jawa Barat 17530",Kabupaten Bekasi,"
0858-8646-4611",-6.2297002,106.4900316,Kandang Domba
Kandang Domba Mantri,"
Kp.Tembong Gunung Rt 08/04, Sukamahi, Kec. Cikarang Pusat, Kabupaten Bekasi, Jawa Barat 17811",Kabupaten Bekasi,"
0856-7408-686",-6.2297002,106.4900316,Kandang Domba
Ternak Kambing Sangkuriang Farm,"
Jl. Sunan Ampel Giri Raya No.2 Blok P9, RT.005/RW.005, Aren Jaya, Kec. Bekasi Tim., Kota Bks, Jawa Barat 17111",Kabupaten Bekasi,"
0857-7975-4969",-6.2297002,106.4900316,Kandang Domba
Kandang domba bang Aan,"
Q43X+439, Karangasih, Kec. Cikarang Utara, Kabupaten Bekasi, Jawa Barat 17530",Kabupaten Bekasi,-,-6.2297002,106.4900316,Kandang Domba
"Hewan Kurban Bekasi (domba/kambing/sapi) untuk retail & grosir, Sehat-Amanah-Berkualitas","
Sunan gunung jati 6 no 12 Telaga sakinah (CD 14/12, Telagamurni, Kec. Cikarang Bar., Kabupaten Bekasi, Jawa Barat 17530",Kabupaten Bekasi,"
0851-8360-0328",-6.2297002,106.4900316,Kandang Domba
Suket Ijo Farm Bekasi,"
Jl. Komp PT Kertas, RT.004/RW.002, Marga Mulya, Kec. Bekasi Utara, Kota Bks, Jawa Barat 17142",Kabupaten Bekasi,"
0838-2041-0777",-6.2222973,106.4267378,Peternakan Kambing
"Kranggan Farm, susu kambing, peternakan kambing perah","
Jl. Elang Jawa No.33, RT./rw/RW.02/04, Jatiraden, Kec. Jatisampurna, Kota Bks, Jawa Barat 17433",Kabupaten Bekasi,"
0812-1392-7759",-6.2222973,106.4267378,Peternakan Kambing
"Peternakan kambing ""ANAK DESA""","
Jl. Raya Villa Bekasi Indah No.21, Jejalenjaya, Kec. Tambun Utara, Kabupaten Bekasi, Jawa Barat 17510",Kabupaten Bekasi,"
0823-1000-2600",-6.2222973,106.4267378,Peternakan Kambing
Peternakan Kambing Sayuti,"
P3W8+38W, Mekarsari, Kec. Tambun Sel., Kabupaten Bekasi, Jawa Barat 17510",Kabupaten Bekasi,"
0899-8306-810",-6.2222973,106.4267378,Peternakan Kambing
Peternakan kambing KSM,"
H3PG+68W, Jayamulya, Kec. Serang Baru, Kabupaten Bekasi, Jawa Barat 17330",Kabupaten Bekasi,"
0888-0849-1501",-6.2222973,106.4267378,Peternakan Kambing
MUTIARAJAYA FARM,"
Jl. Cijengkol Setu No.34, Cijengkol, Kec. Setu, Kabupaten Bekasi, Jawa Barat 17320",Kabupaten Bekasi,"
0813-8041-6336",-6.2222973,106.4267378,Peternakan Kambing
Peternakan Kambing Pak Kamin ( KPK ),"
Dekat pabrik tahu, Jl. Kp. Poncol Jl. Kasuari I, RT.006/RW.001, Jaka Setia, Kec. Bekasi Sel., Kota Bks, Jawa Barat 17147",Kabupaten Bekasi,"
0813-8300-3125",-6.2222973,106.4267378,Peternakan Kambing
"Peternakan Domba Fosil, Maghfirah Aqiqah","
MXPR+6FG, Unnamed Road, RT.002/RW.009, Bantargebang, Kec. Bantar Gebang, Kota Bks, Jawa Barat 17151",Kabupaten Bekasi,"
0838-9440-1986",-6.2222973,106.4267378,Peternakan Kambing
Peternak kambing dan domba putra jaya sukawangi,"
Kp.pengarengan Poncol, RT./rw/RW.11/04, Sukadaya, Kec. Sukawangi, Kabupaten Bekasi, Jawa Barat 17520",Kabupaten Bekasi,"
0877-4250-7260",-6.2222973,106.4267378,Peternakan Kambing
Peternakan Kambing / susu Etawa,"
Jl. Raya Bantar Gebang - Setu No.56, Cimuning, Kec. Mustika Jaya, Kota Bks, Jawa Barat 17155",Kabupaten Bekasi,"
0852-6203-5679",-6.2222973,106.4267378,Peternakan Kambing
"Dombist qurban bekasi (menjual sapi, kambing dan domba qurban, gratis biaya rawat, free ongkir, jasa potong)","
Samping villa alga mutiara, Jl. Raya Kp. Sawah, RT.003/RW.002, Jatimurni, Kec. Pd. Melati, Kota Bks, Jawa Barat 17431",Kabupaten Bekasi,"
0821-3006-0067",-6.2222973,106.4267378,Peternakan Kambing
Peternakan Kambing berkah Mandiri,"
Jl. Cibuntu Jl. Salam 1 No.des, RT.002/rw09, Cibuntu, Kec. Cibitung, Kabupaten Bekasi, Jawa Barat 17520",Kabupaten Bekasi,"
0812-1014-9687",-6.2222973,106.4267378,Peternakan Kambing
Cipelang Farm,"
J29W+V5P, Kertarahayu, Kec. Setu, Kabupaten Bekasi, Jawa Barat 17320",Kabupaten Bekasi,"
0812-9577-2526",-6.2222973,106.4267378,Peternakan Kambing
Qurban Baik Farm - Peternakan Domba & Kambing,"
Jl. Kemang Sari 4, No. 78, Rt. 01/09, Jatibening Baru, Pondok Gede, RT.002/RW.009, Jatibening Baru, Kota, Kota Bks, Jawa Barat 17412",Kabupaten Bekasi,"
0812-1884-5884",-6.2222973,106.4267378,Peternakan Kambing
Darmus Farm Domba & Kambing,"
Jln.wibawa mukti gg koja I Rt.03 / 016 No.11, RT.004/RW.017, Jatiasih, Kec. Jatiasih, Kota Bks, Jawa Barat 17423",Kabupaten Bekasi,"
0877-7903-0195",-6.2222973,106.4267378,Peternakan Kambing
D'I MANDIRI FARM CIKARANG DOMBA KAMBING SAPI,"
Jl. Kp. Bojong Koneng, RT.02/RW.07, Telagamurni, Kec. Cikarang Bar., Kabupaten Bekasi, Jawa Barat 17520",Kabupaten Bekasi,"
0877-7288-8747",-6.2222973,106.4267378,Peternakan Kambing
Kambing perah di Bekasi,"
Graha cipta setu Blk. C No.1, Cijengkol, Kec. Setu, Kota Bks, Jawa Barat 17423",Kabupaten Bekasi,"
0821-1919-2424",-6.2222973,106.4267378,Peternakan Kambing
"Pasar Qurban dan Aqiqah Cikunir ""Eriz Barokah""","
Jl. Cikunir Raya Jl. Rw. Semut 2, RT.005/RW.003, Jakamulya, Kec. Bekasi Sel., Kota Bks, Jawa Barat 17423",Kabupaten Bekasi,"
0812-1998-2023",-6.2222973,106.4267378,Peternakan Kambing
Muslim farm ( kambing ),"
Jl. Raya Fatahilah No.34, Kalijaya, Kec. Cikarang Bar., Kabupaten Bekasi, Jawa Barat 17530",Kabupaten Bekasi,"
0823-1110-5092",-6.2222973,106.4267378,Peternakan Kambing
peternakan sapi/kambing HDS FARM,"
Jl. Sirojul Munir Gg. Putra Jaya No.14, RT.002/RW.006, Jatisari, Kec. Jatiasih, Kota Bks, Jawa Barat 17426",Kabupaten Bekasi,"
0857-7655-7325",-6.2222973,106.4267378,Peternakan Kambing
Aqiqah Cikarang Bekasi Nurul Hayat,"
Jl. Telaga Asih No.4 RT 7/1, Telaga Asih, Kec. Cikarang Bar., Kabupaten Bekasi, Jawa Barat 17530",Kabupaten Bekasi,"
0852-1000-5040",-6.2727934,106.9590542,Aqiqah
Aqiqah Murah Bekasi,"
Perum Green Harmoni Blok K2, Lubangbuaya, Kec. Setu, Kabupaten Bekasi, Jawa Barat 17320",Kabupaten Bekasi,"
0812-4384-0584",-6.2727934,106.9590542,Aqiqah
"AMALIA AQIQAH,paket dan jasa kambing aqiqah murah bekasi","
cluster HIBISCUS, Perum BTR 5 Blk. H6 No.23, RT.003/RW.10, Sumur Batu, Kec. Bantar Gebang, Kota Bks, Jawa Barat 17320",Kabupaten Bekasi,"
0896-3001-7821",-6.3361378,106.8683676,Aqiqah
Cahaya Iman Aqiqah,"
Jl. Jati Roso No.21, RT.005/RW.008, Jatimulya, Kec. Tambun Sel., Kabupaten Bekasi, Jawa Barat 17510",Kabupaten Bekasi,"
0852-8391-2383",-6.3361378,106.8683676,Aqiqah
AQIQAH CIKARANG BEKASI KARAWANG WARUNG AQIQAH,"
Jl. Kp. Wangkal No.56, Kalijaya, Kec. Cikarang Bar., Kabupaten Bekasi, Jawa Barat 17530",Kabupaten Bekasi,"
0813-1515-7067",-6.2486427,106.9900656,Aqiqah
Kurnia Aqiqah Cikarang,"
Jl. Kresna Raya No.5, Karangraharja, Kec. Cikarang Utara, Kabupaten Bekasi, Jawa Barat 17530",Kabupaten Bekasi,"
0811-1139-359",-6.2486427,106.9900656,Aqiqah
Berkah Aqiqah Bekasi,"
Perumnas 3, Jl. P.Saparua 15 No.104, RT.012/RW.008, Aren Jaya, Kec. Bekasi Tim., Kota Bks, Jawa Barat 17111",Kabupaten Bekasi,"
0813-8048-5860",-6.2432241,106.8951207,Aqiqah
KADO PERMATA AQIQAH - Jasa Layanan Aqiqah Siap Saji & Hewan Qurban,"
Perumahan Graha Asri, Jl. Puri Asri Raya No.20 Blok E.3, RT.10/RW.07, Telajung, Kec. Cikarang Bar., Kabupaten Bekasi, Jawa Barat 17530",Kabupaten Bekasi,"
0813-8887-1378",-6.2432241,106.8951207,Aqiqah
Bani Aqiqah Bekasi,"
Jl. Berlian No.17 Blok C15, RT.010/RW.013, Jatirasa, Kec. Jatiasih, Kota Bks, Jawa Barat 17424",Kabupaten Bekasi,"
0812-1031-9816",-6.2865497,106.8299859,Aqiqah
Aqiqah 86 Bekasi,"
Ruko Arana IX.3.2 Kota Harapan Indah Bekasi, Setia Asih, Tarumajaya, Bekasi, West Java 17215",Kabupaten Bekasi,"
0821-2211-4377",-6.1622539,106.8498418,Aqiqah
Aqiqah Al-Kautsar Bekasi,"
jl garuda 1, Blk. C Jl. Perumahan Papan Mas No.10 no. 13, RT.01/RW.008, Mangunjaya, Kec. Tambun Sel., Kabupaten Bekasi, Jawa Barat 17510",Kabupaten Bekasi,"
0899-3174-100",-6.1622539,106.8498418,Aqiqah
Aqiqah bekasi by Bang Haji,"
perum alinda kencana 1, Jl. Bumi Alinda Kencana No.5 blok b3, RT.005/RW.021, Kaliabang Tengah, Kec. Bekasi Utara, Kota Bks, Jawa Barat 17125",Kabupaten Bekasi,"
0812-1370-7369",-6.1622539,106.8498418,Aqiqah
Mumtaz Aqiqah Bekasi,"
Ds, Jl Kramat Kedondong Kp. Siluman rt 003/rw018, Mangunjaya, Kec. Tambun Sel., Kabupaten Bekasi, Jawa Barat 17510",Kabupaten Bekasi,"
0895-3654-33575",-6.1622539,106.8498418,Aqiqah
Aqiqah Bekasi Dapur Aqiqah,"
Jl. KH. Muchtar Tabrani No.79 A, RT.003/RW.001, Perwira, Kec. Bekasi Utara, Kota Bks, Jawa Barat 17122",Kabupaten Bekasi,"
0821-2000-7745",-6.1622539,106.8498418,Aqiqah
Amanah Aqiqah - Jasa Catering Aqiqah Bekasi & Paket Aqiqah Nasi Box Bekasi,"
Jl. Dukuh III Perumahan No.21 Blok B 10, Tridaya Sakti, Kec. Tambun Sel., Kabupaten Bekasi, Jawa Barat 17510",Kabupaten Bekasi,"
0813-1030-3073",-6.2454266,106.9259959,Aqiqah
"UPTD RPH Jatimulya, Tambun Selatan","
P2JP+RG6, Jl. Jatiandan, Lambangsari, Kec. Tambun Sel., Kabupaten Bekasi, Jawa Barat 17510",Kabupaten Bekasi,-,-6.2679541,106.4594743,Rumah Potong Hewan
Lembu Jenar Barokah RPH JATIMULYA BEKASI,"
Rph H Indra Asis, Jatimulya, Kec. Tambun Sel., Kabupaten Bekasi, Jawa Barat 17510",Kabupaten Bekasi,-,-6.2679541,106.4594743,Rumah Potong Hewan
Rumah Potong Unggas Duta Makmur,"
Jl. Raya Ps. Babelan No.184, Babelan Kota, Kec. Babelan, Kabupaten Bekasi, Jawa Barat 17610",Kabupaten Bekasi,"
0858-8050-7569",-6.2679541,106.4594743,Rumah Potong Hewan
PT. Halal Thoyyiban Food,"
Jalan Swatantra V, Gang Musholla Al Ikhlas No. 52A, Pondok Benda, RT 04 / RW 02, Jatirasa, Jatiasih, RT.007/RW.002, Jatirasa, Bekasi, Kota Bks, Jawa Barat 17424",Kabupaten Bekasi,"
(021) 8208856",-6.2679541,106.4594743,Rumah Potong Hewan
RUMAH POTONG HEWAN ALLFAMEAT,"
Gg. Sunter No.51, RT.005/RW.005, Jatimelati, Kec. Pd. Melati, Kota Bks, Jawa Barat 17415",Kabupaten Bekasi,"
0852-1705-2345",-6.2679541,106.4594743,Rumah Potong Hewan
"RPH INKOPABRI, Jalan Golf Cilangkap, Kampung keramat, Cipayung","
8, RT.8/RW.4, Cilangkap, Kec. Cipayung, Kota Jakarta Timur, Daerah Khusus Ibukota Jakarta 13870",Kabupaten Bekasi,"
0812-9000-666",-6.2679541,106.4594743,Rumah Potong Hewan
PT. Guci Randy Jaya - Rumah Potong Ayam (RPA),"
Jl. Pasar Johar No.004, RT.002/RW.004, Jatiwarna, Kec. Pd. Melati, Kota Bks, Jawa Barat 17415",Kabupaten Bekasi,"
0813-2222-2188",-6.2679541,106.4594743,Rumah Potong Hewan
APN - Rumah Potong Ayam (Kebalen),"
Jl. Perjuangan, RT.001/RW.004, Kp. Kebon Bambu, Kec. Babelan, Kabupaten Bekasi, Jawa Barat 17610",Kabupaten Bekasi,"
0819-3184-7888",-6.2679541,106.4594743,Rumah Potong Hewan
RPH Baru Jatiasih,"
Jl. Swatantra V No.99, RT.009/RW.003, Jatirasa, Kec. Jatiasih, Kota Bks, Jawa Barat 17424",Kabupaten Bekasi,-,-6.2679541,106.4594743,Rumah Potong Hewan
RPHU Rawa Kepiting (pemotongan ayam),"
Jl. Rawa Kepiting No.1, RT.7/RW.10, Jatinegara, Kec. Cakung, Kota Jakarta Timur, Daerah Khusus Ibukota Jakarta 13930",Kabupaten Bekasi,"
0821-2406-8131",-6.2679541,106.4594743,Rumah Potong Hewan
RUMAH POTONG BERKAH,"
jalan, Bantarjaya, Kec. Pebayuran, Kabupaten Bekasi, Jawa Barat 17710",Kabupaten Bekasi,"
0821-2011-7280",-6.2679541,106.4594743,Rumah Potong Hewan
Rumah Potong Ayam Lancar Jaya,"
Muarabakti, Kec. Babelan, Kabupaten Bekasi, Jawa Barat 17610",Kabupaten Bekasi,"
0856-9388-1008",-6.2679541,106.4594743,Rumah Potong Hewan
RUMAH PEMOTONGAN AYAM CV.ZULVAN JAYA MANDIRI,"
RT.001/RW.012, Margahayu, Kec. Bekasi Tim., Kota Bks, Jawa Barat 17113",Kabupaten Bekasi,"
0818-0886-3366",-6.2679541,106.4594743,Rumah Potong Hewan
Pemotongan Hewan,"
Tridaya Sakti, Kec. Tambun Sel., Kabupaten Bekasi, Jawa Barat",Kabupaten Bekasi,-,-6.2679541,106.4594743,Rumah Potong Hewan
"Rumah Potong Ayam (RPA) Sukahati Bekasi | Supplier Ayam Halal, Fresh & Higienis","
Multibizpark Pergudangan Bekasi Jl Raya Sumur batu Rt.003 Rw.003 kelurahan sumur batu, RT.002/RW.005, gebang, kecamatan bantar, Kota Bks, Jawa Barat 17154",Kabupaten Bekasi,"
0813-8871-4281",-6.2679541,106.4594743,Rumah Potong Hewan
Rumah Unggas,"
Jl. Sirojul Munir No.11, RT.004/RW.01, Jatisari, Kec. Jatiasih, Kota Bks, Jawa Barat 17426",Kabupaten Bekasi,"
0858-1157-5000",-6.2679541,106.4594743,Rumah Potong Hewan
Pets Shop Drh. Ruben,"
Sukasari, Kec. Serang Baru, Kabupaten Bekasi, Jawa Barat 17330",Kabupaten Bekasi,"
0812-1936-7238",-6.2679541,106.4594743,Rumah Potong Hewan
Tempat Pemotongan Ular Cobra,"
Q347+335, Jl. Jejalen Raya, Mangunjaya, Kec. Tambun Sel., Kabupaten Bekasi, Jawa Barat 17510",Kabupaten Bekasi,"
(021) 88321443",-6.2679541,106.4594743,Rumah Potong Hewan
RPA PANGLIMA CHICKEN,"
Jl. Gondang No.8, RT.008/RW.027, Mustikajaya, Kec. Mustika Jaya, Kota Bks, Jawa Barat 17158",Kabupaten Bekasi,"
0811-9782-122",-6.2679541,106.4594743,Rumah Potong Hewan
Rumah Bang Iyon (Jagal qurban & Aqiqah),"
Q2XM+M5C, Jl. H. Muji, RT.001/RW.004, Tlk. Pucung, Kec. Bekasi Utara, Kota Bks, Jawa Barat 17610",Kabupaten Bekasi,-,-6.2679541,106.4594743,Rumah Potong Hewan
Pemotongan Ayam Bp Fitri,"
Jl. Kp. Cibarengkok, RT.004/RW.002, Jatiwangi, Kec. Cikarang Bar., Kabupaten Bekasi, Jawa Barat 17530",Kabupaten Bekasi,"
0813-1046-0585",-6.2679541,106.4594743,Rumah Potong Hewan
Pemotongan ayam berkah illahi,"
Karangraharja, Kec. Cikarang Utara, Kabupaten Bekasi, Jawa Barat 17530",Kabupaten Bekasi,-,-6.2679541,106.4594743,Rumah Potong Hewan
Puskeswan Setu,"
Jalan H. Damin, Ciledug, Kec. Setu, Kabupaten Bekasi, Jawa Barat 17320",Kabupaten Bekasi,-,-6.2679541,106.4594743,Rumah Potong Hewan
Pemotongan ayam H. Tian,"
Jl. Ciung Indah No.31, RW.2, Danau Indah, Kec. Cikarang Bar., Kabupaten Bekasi, Jawa Barat 17530",Kabupaten Bekasi,"
0813-9893-0822",-6.2679541,106.4594743,Rumah Potong Hewan
RPH Jonggol,"
G3Q7+M3X, Sukamaju, Kec. Jonggol, Kabupaten Bogor, Jawa Barat 16830",Kabupaten Bekasi,"
0813-6006-959",-6.2679541,106.4594743,Rumah Potong Hewan
Kandang Domba Abah Uha,"
3FFQ+22C, Citapen, Kec. Cihampelas, Kabupaten Bandung Barat, Jawa Barat 40562",Kabupaten Bandung Barat,"
0896-7528-9933",-6.9274273,107.1991339,Kandang Domba
Kandang Domba Situbolang,"
Margajaya, Kec. Ngamprah, Kabupaten Bandung Barat, Jawa Barat 40552",Kabupaten Bandung Barat,-,-6.9274273,107.1991339,Kandang Domba
kandang domba aqiqah la tahzan,"
4HWJ+25X, Ciwaruga, Kec. Parongpong, Kabupaten Bandung Barat, Jawa Barat 40559",Kabupaten Bandung Barat,"
0856-5910-7515",-6.9274273,107.1991339,Kandang Domba
Kandang Domba Arjuna Bringka Farm,"
Tugu No.18, Karyawangi, Kec. Parongpong, Kabupaten Bandung Barat, Jawa Barat 40559",Kabupaten Bandung Barat,"
0821-1745-3939",-6.9274273,107.1991339,Kandang Domba
Ordo Farm,"
Jl. Cirateun Peuntas No.27, RT.01/RW.13, Wangunsari, Kec. Lembang, Kabupaten Bandung Barat, Jawa Barat 40391",Kabupaten Bandung Barat,"
0878-2138-4345",-6.8461103,107.3168547,Peternakan Kambing
Dn mulya farm,"
Pasirhalang, Kec. Cisarua, Kabupaten Bandung Barat, Jawa Barat 40551",Kabupaten Bandung Barat,"
0881-2533-903",-6.8461103,107.3168547,Peternakan Kambing
AQIQAHKU CIMAHI - PT. SAUDAGAR PANGAN NUSANTARA,"
Jl. Pesantren Atas No.131, Sariwangi, Kec. Parongpong, Kabupaten Bandung Barat, Jawa Barat 40513",Kabupaten Bandung Barat,"
0811-1111-6000",-6.8707488,107.4183574,Aqiqah
Rizqia Aqiqah Cimahi & Bandung Barat,"
Jl. Raya Caringin No.412, Margajaya, Kec. Ngamprah, Kabupaten Bandung Barat, Jawa Barat 40552",Kabupaten Bandung Barat,"
0821-2833-5747",-6.8707488,107.4183574,Aqiqah
Aqiqah Bandung Al Hilal (Pusat / Official),"
Jl. Gegerkalong Hilir No.155 A, Sarijadi, Kec. Sukasari, Kota Bandung, Jawa Barat 40152",Kabupaten Bandung Barat,"
0812-2242-9223",-6.8707488,107.4183574,Aqiqah
Sentra Aqiqah Cimahi,"
Jl. Kolonel Masturi No.85, Padasuka, Kec. Cimahi Tengah, Kota Cimahi, Jawa Barat 40525",Kabupaten Bandung Barat,"
0822-1451-0022",-6.8707488,107.4183574,Aqiqah
Widi Aqiqah Bandung Cimahi,"
Cangkorah, Kec. Batujajar, Kabupaten Bandung Barat, Jawa Barat 40561",Kabupaten Bandung Barat,"
0812-2224-8273",-6.888364,107.3266508,Aqiqah
AQIQAH SPESIAL KEBULI Cimahi Bandung by Abada,"
Komplek Gempol Sari Indah Jl. Bougenville II No.9, RT.01/RW.04, Gempolsari, Kec. Bandung Kulon, Kota Bandung, Jawa Barat 40215",Kabupaten Bandung Barat,"
0851-7421-6692",-6.930432,107.4096501,Aqiqah
Gold Aqiqah Bandung,"
Jalan blok jambu no 21 rt 04 rw 17 batujajar, Galanggang, Ibu Intan, West Bandung Regency, West Java 40651",Kabupaten Bandung Barat,"
0852-2212-0455",-6.930432,107.4096501,Aqiqah
Aqiqah Al HILAL Cimahi Bandung Barat,"
Jl. Somawinata, Tanimulya, Kec. Ngamprah, Kabupaten Bandung Barat, Jawa Barat 40552",Kabupaten Bandung Barat,"
0852-5735-1628",-6.930432,107.4096501,Aqiqah
Rizqia Aqiqah Soreang,"
Jl. Gandasari No.72, Gandasari, Kec. Katapang, Kabupaten Bandung, Jawa Barat 40921",Kabupaten Bandung Barat,"
0821-2833-5747",-6.930432,107.4096501,Aqiqah
AQIQAHKU SOREANG - PT. SAUDAGAR PANGAN NUSANTARA,"
Bumi Parahyangan Kencana, Perum No.8 Blok F29, RT.04/RW.14, Bandasari, Kec. Cangkuang, Kabupaten Bandung, Jawa Barat 40238",Kabupaten Bandung Barat,"
0822-1938-1936",-6.930432,107.4096501,Aqiqah
AQIQAH KARAPITAN - PT. SAUDAGAR PANGAN NUSANTARA,"
Jl. Karapitan No.143, Burangrang, Kec. Lengkong, Kota Bandung, Jawa Barat 40262",Kabupaten Bandung Barat,"
0813-5060-0060",-6.930432,107.4096501,Aqiqah
Aqiqah Bandung,"
Gg. Yadista No.1, Rancabolang, Kec. Gedebage, Kota Bandung, Jawa Barat 40295",Kabupaten Bandung Barat,-,-6.9590649,107.543565,Aqiqah
Aqiqah Ummul Quro Ciwastra,"
Jl. Ciwastra No.273, Margasari, Kec. Buahbatu, Kota Bandung, Jawa Barat 40286",Kabupaten Bandung Barat,"
(022) 7302541",-6.9590649,107.543565,Aqiqah
Berkat Aqiqah,"
Jl. Tegal Kawung No.43, Tanimulya, Kec. Ngamprah, Kabupaten Bandung Barat, Jawa Barat 40552",Kabupaten Bandung Barat,"
0821-2142-1978",-6.865381,107.3788881,Aqiqah
PDA AQIQAH,"
Jl. Teknologi II No.1, Cibabat, Kec. Cimahi Utara, Kota Cimahi, Jawa Barat 40513",Kabupaten Bandung Barat,"
0822-4003-3333",-6.865381,107.3788881,Aqiqah
Rumah Potong Ayam Al Furqaan,"
Jl. Puri Cipageran Indah 1, Cipageran, Kec. Cimahi Utara, Kota Cimahi, Jawa Barat 40511",Kabupaten Bandung Barat,"
0851-8306-3194",-6.8587135,106.962854,Rumah Potong Hewan
Kassiti Vetcare Clinic,"
Buana Soetta Residence, Ruko Jl. Gedebage Selatan No.1, Cisaranten Kidul, Kec. Arcamanik, Kota Bandung, Jawa Barat 40294",Kabupaten Bandung Barat,"
0811-2202-399",-6.8587135,106.962854,Rumah Potong Hewan
Kandang domba. Iyan farm,"
79GC+62X, Jl. Sindangsari, RT.12/RW./ 002, dusun mekarjaya, Sindangsari, Kec. Cimerak, Kab. Pangandaran, Jawa Barat 46395",Kabupaten Pangandaran,"
0821-1251-3829",-7.7243756,108.0817258,Kandang Domba
Kandang Kambing dan Gazebo Portable,"
Jl. Raya Majingklak No.Rt.03/06, Pamotan, Kec. Kalipucang, Kab. Pangandaran, Jawa Barat 46397",Kabupaten Pangandaran,"
0856-4348-5629",-7.6714961,108.5019816,Kandang Domba
KANDANG DOMBA KELOMPOK TANI MARGAJAYA 05,"
8C5G+43J, Cibanten, Kec. Cijulang, Kab. Pangandaran, Jawa Barat 46394",Kabupaten Pangandaran,-,-7.6921629,108.136752,Kandang Domba
Peternakan domba Unggul Makmur Sejahtera,"
9H58+J8, Cikalong, Kec. Sidamulih, Kab. Pangandaran, Jawa Barat 46365",Kabupaten Pangandaran,"
0821-2974-6673",-7.6921629,108.136752,Kandang Domba
Saung Domba Naruto,"
6C29+Q2Q, citarik, Batumalang, Kec. Cimerak, Kab. Pangandaran, Jawa Barat 46395",Kabupaten Pangandaran,-,-7.6921629,108.136752,Kandang Domba
Peternakan Kambing Pangandaran,"
9HXJ+HQP, Kersaratu, Kec. Sidamulih, Kab. Pangandaran, Jawa Barat 46365",Kabupaten Pangandaran,"
0812-2282-5108",-7.6010424,108.2935467,Peternakan Kambing
PETERNAKAN KAMBING ISTIQOMAH,"
Dusun Cibeureum, RT.003/RW.009, Sidamulih, Kec. Sidamulih, Kab. Pangandaran, Jawa Barat 46365",Kabupaten Pangandaran,-,-7.6010424,108.2935467,Peternakan Kambing
Peternakan Kambing Pak Suherman,"
8JVH+J2P, Jl. Sidomulyo, Sidomulyo, Kec. Pangandaran, Kab. Pangandaran, Jawa Barat 46396",Kabupaten Pangandaran,"
0822-1903-8453",-7.6010424,108.2935467,Peternakan Kambing
Ternak Kambing,"
9J28+FQ6, Sidomulyo, Kec. Pangandaran, Kab. Pangandaran, Jawa Barat 46365",Kabupaten Pangandaran,"
0823-1644-9631",-7.6010424,108.2935467,Peternakan Kambing
Kelompok ternak jaya makmur,"
9H5M+6XR, Sidamulih, Kec. Sidamulih, Kab. Pangandaran, Jawa Barat 46365",Kabupaten Pangandaran,"
0813-9493-7888",-7.6010424,108.2935467,Peternakan Kambing
Jagal HM Putra pangandaran,"
8M92+4W7, Jl. Siliwangi, karangsalam, Kec. Pangandaran, Kab. Pangandaran, Jawa Barat 46396",Kabupaten Pangandaran,"
0823-1842-8078",-7.6010424,108.2935467,Peternakan Kambing
Peternak Kambing Perah Saanen,"
Dusun Tarikolot, RT.003/RW.003, Pajaten, Kec. Sidamulih, Kab. Pangandaran, Jawa Barat 46365",Kabupaten Pangandaran,"
0812-1479-0858",-7.6010424,108.2935467,Peternakan Kambing
KURNIA BERKAH Jual beli kambing dan domba,"
Desa : Cikupa 01/02 Karangsari Desa putrapinggan Cikupa, Putrapinggan, Pangandaran, Bandung, Jawa Barat 46391",Kabupaten Pangandaran,"
0819-0304-3780",-7.6010424,108.2935467,Peternakan Kambing
Jasa Aqiqah Catering Pangandaran HaZ Aqiqah,"
9H52+VMX, Bojong, Kec. Parigi, Kab. Pangandaran, Jawa Barat 46393",Kabupaten Pangandaran,"
0812-2208-691",-7.6403257,108.2632865,Aqiqah
Jasa Aqiqah Hasan,"
Dsn karangjaya, RT.08 rw08, Sukajaya, Kec. Cimerak, Kab. Pangandaran, Jawa Barat 46395",Kabupaten Pangandaran,"
0857-0315-6504",-7.7383175,108.1214103,Aqiqah
MADANI AQIQAH PANGANDARAN,"
8G67+2MM, Jl. Raya Cijulang, RT.03/RW.04, dusun kemplung, Karangbenda, Kec. Parigi, Kab. Pangandaran, Jawa Barat 46393",Kabupaten Pangandaran,-,-7.7383175,108.1214103,Aqiqah
Annisa Catering Pangandaran,"
Jl. Sadiproyo, Purbahayu, Kec. Pangandaran, Kab. Pangandaran, Jawa Barat 46396",Kabupaten Pangandaran,"
0821-1508-4535",-7.6722296,108.3464341,Aqiqah
Rumah potong ayam khalisa nina🐔,"
Dusun Karanganyar, RT.1/RW.3, Purbahayu, Kec. Pangandaran, Kab. Pangandaran, Jawa Barat 46396",Kabupaten Pangandaran,"
0812-2052-2421",-7.2348962,108.0984239,Rumah Potong Hewan
Rumah Potong Ayam Mas Budi( Mie Ayam),"
9CX9+FJ8, Sindang Sari, Kec. Campaka, Kab. Pangandaran, Jawa Barat 46392",Kabupaten Pangandaran,-,-7.2348962,108.0984239,Rumah Potong Hewan
Saung domba pamoyanan,"
Jl. Ciranjang, RT.03/RW.03, Pamoyanan, Kec. Bogor Sel., Kota Bogor, Jawa Barat 16136",Kota Bogor,-,-6.6453372,106.6591457,Kandang Domba
Kandang Saudagar Domba Sapi,"
FPH8+39H, Jl. Kp. Bulak Jl. Ciakar, RT.2/RW.5, Cimulang, Kec. Ranca Bungur, Kabupaten Bogor, Jawa Barat 16310",Kota Bogor,-,-6.522324,106.571795,Kandang Domba
Domba Garut Bogor,"
9R8C+QWJ, Jl. Dahlia VI, RT.04/RW.03, Pakuan, Kec. Bogor Sel., Kota Bogor, Jawa Barat 16134",Kota Bogor,"
0859-6674-2611",-6.6330263,106.6780566,Kandang Domba
Rumah Domba Bogor,"
Jl. KH. Abdurrahman Al Amsyari Kp. Kelapa Tiga, RT.02/RW.04, Mekarwangi, Tanah Sareal, Kota Bogor, Jawa Barat 16168",Kota Bogor,"
0838-1185-5165",-6.6330263,106.6780566,Kandang Domba
Gubuk Domba,"
Gg. Purba Jaya No.52A, RT.004/RW.006, Sukamantri, Kec. Tamansari, Kabupaten Bogor, Jawa Barat 16610",Kota Bogor,"
0878-8261-5121",-6.6330263,106.6780566,Kandang Domba
Kandang Domba Wawan Setiawan,"
Jl. Mekar Saluyu, RT.03/RW.16, Cilendek Bar., Kec. Bogor Bar., Kota Bogor, Jawa Barat 16112",Kota Bogor,"
0851-7313-0630",-6.6330263,106.6780566,Kandang Domba
Kandang kambing bpk.OMANG,"
FR37+CRM, Jl. Ciburial, RT.04/RW.04, Ciparigi, Kec. Bogor Utara, Kota Bogor, Jawa Barat 16157",Kota Bogor,-,-6.6330263,106.6780566,Kandang Domba
Istana Domba Farm,"
FR37+CRM, Jl. Ciburial, RT.04/RW.04, Ciparigi, Kec. Bogor Utara, Kota Bogor, Jawa Barat 16157",Kota Bogor,-,-6.6330263,106.6780566,Kandang Domba
Jual Kambing Qurban Bogor | JURAGAN QURBAN | FILAHA FARM,"
Kampung Palasari Lamping, RT.05/RW.05, Sindangsari, Kec. Ciawi, Kota Bogor, Jawa Barat 16720",Kota Bogor,"
0812-2840-0620",-6.6450715,106.5579144,Peternakan Kambing
Segaf Farm,"
Jalan Cimanggu Poncol Blok Mantri Guru No.45, RT.04/RW.01, Kedung Jaya, Tanah Sareal, Kota Bogor, Jawa Barat 16162",Kota Bogor,"
0858-1303-3631",-6.6450715,106.5579144,Peternakan Kambing
Damar Farm menjual hewan kurban dan akikah,"
bantar kemang rt 03/13, RT.03/RW.13, Kp. Parung Jambu, Baranangsiang, Kec. Bogor Tim., Kota Bogor, Jawa Barat 16143",Kota Bogor,"
0819-0681-4676",-6.6450715,106.5579144,Peternakan Kambing
Farm katulampa- Sentra Susu Kambing,"
RT.02/RW.19, Katulampa, Kec. Bogor Tim., Kota Bogor, Jawa Barat 16144",Kota Bogor,"
0878-7268-3717",-6.6450715,106.5579144,Peternakan Kambing
Ilham Kambing Semplak Bogor,"
FQ33+3G9, Gg Aip Saputra Semplak kaum, RT.03/RW.02, Semplak Bar., Kec. Kemang, Kota Bogor, Jawa Barat 16310",Kota Bogor,"
0838-7360-8582",-6.6450715,106.5579144,Peternakan Kambing
Prestige Aqiqah Bogor Kota,"
Jl. Perumahan Kebun Raya No.3 Blok B5, RT.03/RW.06, Pamoyanan, Kec. Bogor Sel., Kota Bogor, Jawa Barat 16136",Kota Bogor,"
0853-8560-9742",-6.6313351,106.6566362,Aqiqah
Abah Farm Aqiqah Bogor – Qurban & Kambing Guling,"
Sukaharja, Kec. Cijeruk, Kabupaten Bogor, Jawa Barat 16740",Kota Bogor,"
0856-9151-6306",-6.6313351,106.6566362,Aqiqah
Kandang Domba Ambon,"
Kac, Jl. Nyomplong GG.Kartapura No.59, Nyomplong, Kec. Warudoyong, Kota Sukabumi, Jawa Barat 43131",Kota Sukabumi,-,-7.0393267,106.7194169,Kandang Domba
Kandang DOMBA wa ijan_mng dabret,"
Kampung nyomplong _RT/RW 01_05_, Cihaur, Kec. Simpenan, Kabupaten Sukabumi, Jawa Barat 43361",Kota Sukabumi,"
0813-9992-0536",-7.114207,106.2619323,Kandang Domba
DOMBA GARUT SUKABUMI pdp kapten ternak,"
QW8J+Q99, Jl.AMD, Kp.Mekarsari, RT.017/RW.006, Sinar Bentang, Kec. Sagaranten, Kabupaten Sukabumi, Jawa Barat 43181",Kota Sukabumi,"
0815-2363-0331",-7.2329943,106.6425556,Kandang Domba
Jual domba garut sukabumi,"
Kp Jl. Bojong Kopo, RT.001/007, Ubrug, Kec. Wr. Kiara, Kabupaten Sukabumi, Jawa Barat 43362",Kota Sukabumi,"
0858-8200-9480",-6.9390553,106.4743299,Kandang Domba
Kawasan Budidaya Kambing Etawa,"
2R98+W6W, Jl. Bantar Gebang 1 Cilaksana, Bojongkembar, Kec. Cikembar, Kabupaten Sukabumi, Jawa Barat 43157",Kota Sukabumi,-,-6.9801418,106.2388089,Peternakan Kambing
Kandang Kambing Etawa Habib Reza Al Attas,"
32FC+446, Jl. Karikil, Cikurutug, Kec. Cireunghas, Kabupaten Sukabumi, Jawa Barat 43193",Kota Sukabumi,"
0812-9989-7795",-6.9801418,106.2388089,Peternakan Kambing
MANDIRI FARM jual hewan qurban dan akikah,"
3X8C+WR5, Jl. Bojonggaling, Kebonpedes, Kec. Kebonpedes, Kabupaten Sukabumi, Jawa Barat 43194",Kota Sukabumi,-,-6.8845631,106.8878435,Aqiqah
Jual hewan qurban/aqiqah,"
4W39+PWX, Parungseah, Kab. Sukabumi, Kabupaten Sukabumi, Jawa Barat 43151",Kota Sukabumi,"
0882-2370-6787",-6.896231,106.7759364,Aqiqah
Rumah Aqiqah ku suka Busar,"
Kp Jl. Kaum Babakan, RT.03/RW.01, Cicurug, Kec. Cicurug, Kabupaten Sukabumi, Jawa Barat 43359",Kota Sukabumi,"
0822-9871-1440",-6.7794456,106.6367536,Aqiqah
Qurban Bandung,"
Kandang Domba, Kp. Cikaso Pasir Impun Atas No.35, RT.02 RW07, Cikadut, Kec. Cimenyan, Kabupaten Bandung, Jawa Barat 40191",Kota Bandung,"
0811-2242-031",-6.8870404,107.5375054,Kandang Domba
Domba aqiqah Bandung cikadut,"
Kp kandang sapi jl. Cikadut atas depan lapang bola, Jl. Kp. Sinom, Cikadut, Kec. Cimenyan, Kota Bandung, Jawa Barat 40195",Kota Bandung,"
0813-2195-4817",-6.8870404,107.5375054,Kandang Domba
Pusat penjualan hewan qurban & aqiqah kandang sapi mandiri,"
Jl. Cikadut KP kandang sapi No.atas, Cikadut, Kec. Cimenyan, Kota Bandung, Jawa Barat 40195",Kota Bandung,"
0813-2195-4817",-6.8870404,107.5375054,Kandang Domba
Harga Hewan Qurban Bandung Terbaik 2024,"
Jl. AH. Nasution, Pasir Endah, Kec. Ujung Berung, Kota Bandung, Jawa Barat 40293",Kota Bandung,"
0813-7278-5154",-6.9060346,107.6157449,Peternakan Kambing
Pusat Hewan Qurban Bandung Sapi Domba,"
Jl. Cibodas Raya No.48, Antapani Kidul, Kec. Antapani, Kota Bandung, Jawa Barat 40291",Kota Bandung,"
0811-2136-363",-6.9060346,107.6157449,Peternakan Kambing
QIA AQIQAH DAN QURBAN,"
Jl. Meteor Tengah IV No.102, Sekejati, Kec. Buahbatu, Kota Bandung, Jawa Barat 40286",Kota Bandung,"
0857-5506-6770",-6.9060346,107.6157449,Peternakan Kambing
Depot Arrozak - Pusat Hewan Qurban Bandung,"
Jl Bodogol Jl. Ranca Oray, Mekarjaya, Kec. Rancasari, Kota Bandung, Jawa Barat 40286",Kota Bandung,"
0813-2111-2244",-6.9060346,107.6157449,Peternakan Kambing
Depot Amanda (Hewan Qurban),"
Jl. Tubagus Ismail No.57a, Sekeloa, Kecamatan Coblong, Kota Bandung, Jawa Barat 40134",Kota Bandung,"
0851-1134-9493",-6.8848581,107.5494409,Peternakan Kambing
Manglayang Farm,"
4P4Q+GQ5, Cilengkrang, Kec. Cilengkrang, Kabupaten Bandung, Jawa Barat 40615",Kota Bandung,-,-6.8937427,107.6673988,Peternakan Kambing
JUAL DOMBA QURBAN BANDUNG (PONDOK DOMBA QURBAN),"
Jl. Cikutra No.17, Neglasari, Kec. Cibeunying Kaler, Kota Bandung, Jawa Barat 40124",Kota Bandung,"
0813-2022-3763",-6.8946579,107.569738,Peternakan Kambing
Kiara Aqiqah | Jasa Aqiqah Siap Saji di Bandung,"
Perumahan Kiara, Jl. Bumi Kiara 2 No.2, Kb. Kangkung, Kec. Kiaracondong, Kota Bandung, Jawa Barat 40284",Kota Bandung,"
0896-9656-4000",-6.9362281,107.5717429,Aqiqah
Aqiqah Bandung Cimahi - Nur Sukma Prima,"
Komplek Adipura, Jl. Pinus IX No.48, RT.05/RW.08, Rancabolang, Kec. Gedebage, Kota Bandung, Jawa Barat 40295",Kota Bandung,"
0812-9162-9037",-6.966248,107.6253507,Aqiqah
Haya Aqiqah Bandung,"
Jl. Riung Saluyu A IX No.36, Cisaranten Kidul, Kec. Gedebage, Kota Bandung, Jawa Barat 40295",Kota Bandung,"
0813-8131-5296",-6.966248,107.6253507,Aqiqah
Layanan Aqiqah Daarut Tauhiid - DT Aqiqah,"
Kantor Humas Daarut Tauhiid, Layanan Aqiqah Daarut Tauhiid - DT Aqiqah, Jl. Gegerkalong Girang No.67, Gegerkalong, Kec. Sukasari, Kota Bandung, Jawa Barat 40154",Kota Bandung,"
0813-1300-5300",-6.8642265,107.5177745,Aqiqah
Domba galing,"
7CJ8+9H4, Blok mingkrik, Palimanan Bar., Kec. Gempol, Kabupaten Cirebon, Jawa Barat 45161",Kota Cirebon,-,-6.7191123,108.2722496,Kandang Domba
Jual Domba Qurban &Aqiqah,"
8HC4+W5M, Klayan, Kec. Gunungjati, Kabupaten Cirebon, Jawa Barat 45151",Kota Cirebon,"
0853-1741-4895",-6.6776333,108.4112539,Kandang Domba
"Domba Dzaki Jual beli kambing qurban,aqikah dan kambing potong","
Jl. Ki Ageng Tapa blok masjid, RT.01/RW.2, Gegunung, Kec. Sumber, Kabupaten Cirebon, Jawa Barat 45611",Kota Cirebon,"
0852-1015-8586",-6.6776333,108.4112539,Kandang Domba
CV Domba Aisoku /A.sopi,"
7GR8+9F2, blok grewal desa, Setu Wetan, Kec. Weru, Kabupaten Cirebon, Jawa Barat 45154",Kota Cirebon,"
0838-2331-8831",-6.6776333,108.4112539,Kandang Domba
Domba Arvi (Jual Hewan Qurban & Aqiqah),"
5HC2+2P6, Greged, Kec. Greged, Kabupaten Cirebon, Jawa Barat 45172",Kota Cirebon,"
0821-2613-5020",-6.8299525,108.4075713,Kandang Domba
Stand Penjualan Hewan Qurban Kampung DOMBA,"
Jl. Nyi Ageng Serang No.24, Sindangjawa, Kec. Dukupuntang, Kabupaten Cirebon, Jawa Barat 45652",Kota Cirebon,"
0813-3361-3845",-6.7649934,108.3043951,Kandang Domba
UD. Sumber Domba (H Toto Sunito),"
Blok Gg. Sijombang No.98, Kertawinangun, Kedawung, Cirebon, West Java 45153",Kota Cirebon,"
0812-2175-858",-6.722995,108.3911582,Kandang Domba
SENA DOMBA,"
6C8J+XPC, Mandala, Kec. Dukupuntang, Kabupaten Cirebon, Jawa Barat 45652",Kota Cirebon,"
0823-1831-8034",-6.7820466,108.287464,Kandang Domba
Kandang Kambing Mang Bodong,"
8H73+3P8, Jadimulya, Kec. Gunungjati, Kabupaten Cirebon, Jawa Barat 45151",Kota Cirebon,"
0895-1287-4647",-6.6873494,108.4101333,Kandang Domba
Griya Sangkar Cirebon,"
Jl. Mertabasah tugu No.Ruko, Pamijahan, Kec. Plumbon, Kabupaten Cirebon, Jawa Barat 45155",Kota Cirebon,"
0853-2331-4569",-6.7239036,108.3276705,Kandang Domba
Peternakan Najwa,"
Jl. Fatahillah, Megu Gede, Kec. Weru, Kabupaten Cirebon, Jawa Barat 45154",Kota Cirebon,"
0823-1951-8100",-6.7244858,108.3555837,Peternakan Kambing
CEME BALAP DOMBA Jual Beli kambing dan sapi Bang Firman,"
Blok si Grubug Jl. Pilang Sari, Pilangsari, Kec. Kedawung, Kabupaten Cirebon, Jawa Barat 45153",Kota Cirebon,"
0896-6433-0394",-6.7244858,108.3555837,Peternakan Kambing
Putra jaya Kambing PUTAT,"
Dusun 2, RT.002/RW.003, Putat, Kec. Sedong, Kabupaten Cirebon, Jawa Barat 45189",Kota Cirebon,"
0823-1841-8173",-6.850197,108.4153386,Peternakan Kambing
Abdillah farm jual beli domba kambing,"
5PGG+VMG, Jl. Gebang - Ciledug, Gebang Udik, Kec. Gebang, Kabupaten Cirebon, Jawa Barat 45191",Kota Cirebon,"
0852-1992-6992",-6.8228038,108.5825066,Peternakan Kambing
Jual beli Kambing Bapak Kadi,"
Jl. Ki Gede Mayung, RT./Rw/RW.009/003, Sambeng, Kec. Gunungjati, Kabupaten Cirebon, Jawa Barat 45151",Kota Cirebon,-,-6.6505446,108.3779711,Peternakan Kambing
Ternak Kambing Bapak Nendra,"
Sampih No.53, Sampih, Kec. Susukan Lb., Kabupaten Cirebon, Jawa Barat 45185",Kota Cirebon,"
0857-2227-4316",-6.8594396,108.4640174,Peternakan Kambing
"SARIFA FARM( AYAM, KAMBING, BURUNG, SAPI, KERBAU)","
899M+FF4, Galagamba, Kec. Ciwaringin, Kabupaten Cirebon, Jawa Barat 45167",Kota Cirebon,-,-6.6812928,108.2394357,Peternakan Kambing
Milenial Aqiqah Cirebon,"
Jl. Pahlawan No.Blok, Dawuan Utara DawuanKec, Kec. Tengah Tani, Kabupaten Cirebon, Jawa Barat 45168",Kota Cirebon,"
0851-3831-2838",-6.7033402,108.3784494,Aqiqah
Attaqi Aqiqah by Oyen Catering,"
Puri Danendra Jadimulya blok j2 no. 2, Jadimulya, Kec. Gunungjati, Kabupaten Cirebon, Jawa Barat 45151",Kota Cirebon,"
0895-3263-29578",-6.7033402,108.3784494,Aqiqah
Catering Aqiqah Al-Karim Cirebon,"
Argapura, Gg. Manggis No.62, RT.04/RW.01, Argasunya, Harjamukti, Cirebon City, West Java 45145",Kota Cirebon,"
0813-2432-3190",-6.7033402,108.3784494,Aqiqah
Banati Aqiqah Ciledug,"
Depan tower stasiun, Jl. Buyut Roda No.17, Ciledug Kulon, Kec. Ciledug, Kabupaten Cirebon, Jawa Barat 45188",Kota Cirebon,"
0813-8190-3859",-6.9034734,108.600935,Aqiqah
Dokter hewan Cirebon Kota Vier Petcare,"
Jl. Kalitanjung No.72, Harjamukti, Kec. Harjamukti, Kota Cirebon, Jawa Barat 45143",Kota Cirebon,"
0853-2493-6483",-6.7472165,107.9567731,Rumah Potong Hewan
Hivipet Care | Praktek Dokter Hewan Widhi Vinandhita,"
Kavling Jagatamu Jl. Sultan Hasanudin No.1, Tukmudal, Sumber, Cirebon, West Java 45155",Kota Cirebon,"
0852-2222-0998",-6.7472165,107.9567731,Rumah Potong Hewan
Prima Petshop Cirebon,"
Jl. Gambirlaya Selatan No.74-76, Kesepuhan, Kec. Lemahwungkuk, Kota Cirebon, Jawa Barat 45114",Kota Cirebon,"
0895-0896-6332",-6.7472165,107.9567731,Rumah Potong Hewan
Pusat Kandang Sapi Kambing Domba Kota Bekasi,"
Jl.Pangsor No. 05, RT/RW 002/002 Kelurahan Bojong Menteng Kelurahan Bojong Menteng, RT.003/RW.003, Kecematan, Kec. Rawalumbu, Kota Bks, Jawa Barat 17117",Kota Bekasi,"
0812-8390-4271",-6.2972238,106.8385594,Kandang Domba
Kandang Domba Albatawi البتوة,"
Kavling H. Nanang 6, rt01 Jl. Wr. Ayu No.14, Kebalen, Kec. Babelan, Bekasi Utara, Jawa Barat 17610",Kota Bekasi,-,-6.1823332,106.8900311,Kandang Domba
KDB (kandang domba Betawi),"
Jl. Mangun Jaya No.114, RT.4/RW.2, Sumberjaya, Kec. Tambun Sel., Kabupaten Bekasi, Jawa Barat 17510",Kota Bekasi,-,-6.1823332,106.8900311,Kandang Domba
Kandang Qurban Cikunir Kambing Domba Sapi _kotabekasi#BBS Group,"
Jl. Rw. Semut 2, RT.05/RW.003, Jakamulya, Kec. Bekasi Sel., Kota Bks, Jawa Barat 17423",Kota Bekasi,"
0821-2314-2805",-6.280592,106.8184312,Kandang Domba
Kandang domba BPK nata (asih),"
M28F+QW7, Jl. Madura, RT.03/RW.01, Burangkeng, Kec. Setu, Kabupaten Bekasi, Jawa Barat 17320",Kota Bekasi,"
0817-7007-1757",-6.280592,106.8184312,Kandang Domba
ZIA FARM | Kandang Ternak H. Bowo,"
Jl. Raya Babelan, Babelan, Kec. Bekasi Utara, Kota Bks, Jawa Barat 17610 Q2WM+5C3 Babeln, Tlk. Pucung, Kec. Bekasi Utara, Kota Bks, Jawa Barat 17610",Kota Bekasi,"
0895-4022-33265",-6.280592,106.8184312,Kandang Domba
Kandang kambing BANG FAIZ,"
Jl. Cikunir Raya Jl. H. Suta No.18B, RT.003/RW.003, Jakamulya, Kec. Bekasi Sel., Kota Bks, Jawa Barat 17146",Kota Bekasi,"
0812-8895-7918",-6.280592,106.8184312,Kandang Domba
Kandang Ternak H. Abdul Kohar,"
MW4M+CJQ, Jl. H. Umi, RT.002/RW.001, Jatiranggon, Kec. Jatisampurna, Kota Bks, Jawa Barat 17432",Kota Bekasi,-,-6.280592,106.8184312,Kandang Domba
Kandang Pusat Qurban LAZISMU Bekasi,"
antara Perumahan Bunga Raya & Masjid Al-Ikhwan, Jl. Pahlawan, RT.007/RW.016, Duren Jaya, Kec. Bekasi Tim., Kota Bks, Jawa Barat 17111",Kota Bekasi,"
0896-5055-2188",-6.280592,106.8184312,Kandang Domba
SAUDAGAR DOMBA GARUT FARM,"
Jl. Letnan Arsyad Raya No.49, RT.002/RW.5, Kayuringin Jaya, Kec. Bekasi Sel., Kota Bks, Jawa Barat 17144",Kota Bekasi,"
0895-3831-17346",-6.280592,106.8184312,Kandang Domba
Kandang Saudara Farm,"
Jl. Kp. Utan nomer No.18, RT.01/RW.18, Jaka Setia, Kec. Bekasi Sel., Kota Bks, Jawa Barat 17147",Kota Bekasi,"
0812-1032-7058",-6.280592,106.8184312,Kandang Domba
Kandang Mantri Sampora Ciko,"
Kp.sampora Rt 15/04 Desa Jayamulya, Cikarang, Kec. Serang Baru, Kabupaten Bekasi, Jawa Barat 17330",Kota Bekasi,"
0856-7408-686",-6.4054767,106.9387292,Kandang Domba
Kandang Kambing QURBAN pak Adi,"
Jl. Kali Baru Barat No.69, RT.001/RW.010, Kota Baru, Kec. Bekasi Bar., Bekasi kota, Jawa Barat 17133",Kota Bekasi,"
0812-8598-6246",-6.2199907,106.8265075,Kandang Domba
kandang sumber rejeki farm,"
P5RP+J8R perum Bumi citra lestari, Jl. Arjuna 14, Waluya, Kec. Cikarang Utara, Kabupaten Bekasi, Jawa Barat 17530",Kota Bekasi,"
0857-7577-4560",-6.2583851,107.041558,Kandang Domba
Kandang kambing bapak hosein,"
Jl. Kp. Cibitung No.10, RT.001/RW.005, Padurenan, Kec. Mustika Jaya, Kota Bks, Jawa Barat 16340",Kota Bekasi,"
0813-1077-1734",-6.325157,106.8627054,Kandang Domba
KANDANG HEWAN KURBAN MURAH BEKASI,"
Jl. Jade I, Jl. Permata Hijau Permai Blk. E2 No.33, RT.001/RW.020, Kaliabang Tengah, Kec. Bekasi Utara, Kota Bks, Jawa Barat 17125",Kota Bekasi,"
0813-8454-7907",-6.1988413,106.8617198,Kandang Domba
Kandang Ternak Jaya Indah Berseri,"
Q433+FHP, kp Jl. Selang Jati, RT.2/RW.3, Wanajaya, Cibitung, Bekasi Regency, West Java 17520",Kota Bekasi,"
0821-1119-4818",-6.2462873,106.9597541,Kandang Domba
KLB Farm (Kandang Lembu Bersama),"
J34X+PCW, Jl. Ceper, Sukaragam, Kec. Serang Baru, Kabupaten Bekasi, Jawa Barat 17330",Kota Bekasi,-,-6.393137,106.9543834,Kandang Domba
Cuma Ternak (Peternakan Kambing),"
Jl. Rorotan IX, RT.17/RW.7, Rorotan, Kec. Cilincing, Jkt Utara, Daerah Khusus Ibukota Jakarta 14140",Kota Bekasi,"
0812-9724-1703",-6.1549133,106.818849,Peternakan Kambing
Peternakan kambing aziqri farm,"
Jl. Gusana Jl. Kp. Cakung Payangan No.86, RT.04/RW.05, Jatisari, Kec. Jatiasih, Kota Bks, Jawa Barat 17426",Kota Bekasi,"
0858-8622-3525",-6.3398201,106.7967724,Peternakan Kambing
SUSU KAMBING AL BUKHARI,"
Radiance Villa Blok A Kav 33 Masjid Imam Bukhari, RT.009/RW.002, Jatiranggon, Kec. Jatisampurna, Kota Bks, Jawa Barat 17432",Kota Bekasi,"
0811-868-181",-6.3398201,106.7967724,Peternakan Kambing
Aldino Aqiqah & Qurban,"
P224+489, Jl. Mandor Demong, RT.001/RW.003, Mustikasari, Kec. Mustika Jaya, Kota Bks, Jawa Barat 17157",Kota Bekasi,"
0813-8022-8978",-6.3398201,106.7967724,Peternakan Kambing
Berkah Al Farm,"
Jl. Rw. Bambu, RT.007/RW.016, Harapan Jaya, Kec. Bekasi Utara, Kota Bks, Jawa Barat 17124",Kota Bekasi,"
0898-9776-073",-6.2073565,106.8384944,Peternakan Kambing
Peternakan Kambing As Salam Aqiqah,"
Jl. Wijaya 4 No.8, RT.001/RW.006, Jatirahayu, Kec. Pd. Melati, Kota Bks, Jawa Barat 17414",Kota Bekasi,-,-6.2907986,106.7706544,Peternakan Kambing
Ternak Sapi Dan Kambing Bang Kinan,"
R43W+HRW, Unnamed Road, Banjarsari, Kec. Sukatani, Kabupaten Bekasi, Jawa Barat 17630",Kota Bekasi,"
0857-7045-734",-6.1960214,107.0028884,Peternakan Kambing
Susu Kambing Murni Bekasi (SUSU MBEK Pusat),"
Perum Jalan Taman Narogong Indah, Jl. Bojong Permai XIV Blok E29 No.8, RT.007/RW.015, Bojong Rawalumbu, Kec. Rawalumbu, Kota Bks, Jawa Barat 17116",Kota Bekasi,"
0852-6815-7508",-6.2890109,106.8576582,Peternakan Kambing
Ardian_Farm Qurban Yuk,"
Gg kenanga Rt.02/02 No.01, RT.004/RW.002, Jatimelati, Kec. Pd. Melati, Kota Bks, Jawa Barat 17113",Kota Bekasi,"
0821-2222-2230",-6.3125317,106.7846025,Peternakan Kambing
Perternakan Kambing dan Susu Murni Kambing Etawa Bekasi,"
Kp. Babakan, Jl. Kemuning Raya Jl. Tengah, RT.002/RW.004, Mustikasari, Kec. Rawalumbu, Kota Bks, Jawa Barat 17157",Kota Bekasi,"
0878-7176-3925",-6.3125317,106.7846025,Peternakan Kambing
Al-Minnah Farm - Peternakan Kambing,"
Jl. Rw. Semut 2, RT.002/RW.013, Jatiasih, Kec. Jatiasih, Kota Bks, Jawa Barat 17423",Kota Bekasi,"
0812-8612-5451",-6.3125317,106.7846025,Peternakan Kambing
Aqiqah Bekasi Nurul Hayat,"
Jl. Raya Jati Makmur Jl. Kemang Sari No.3, RT.004/RW.011, Jatimakmur, Kec. Pd. Gede, Kota Bks, Jawa Barat 17413",Kota Bekasi,"
(021) 28084028",-6.2773115,106.7897727,Aqiqah
Aqiqah Express Office Bekasi,"
Jl. KH. Agus Salim No.190, RT.001/RW.008, Bekasi Jaya, Kec. Bekasi Tim., Kota Bks, Jawa Barat 17112",Kota Bekasi,-,-6.2261802,106.8680858,Aqiqah
MR Aqiqah dan Catering | Aqiqah terdekat dari lokasi anda,"
Jl. Dr. Ratna No.17, RT.001/RW.08, Jatikramat, Kec. Jatiasih, Kota Bks, Jawa Barat 17421",Kota Bekasi,"
0819-0863-5233",-6.2261802,106.8680858,Aqiqah
D'Sultan Aqiqah Bekasi,"
Jl. Kenari Utara I No.7, RT.001/RW.024, Pengasinan, Kec. Rawalumbu, Kota Bks, Jawa Barat 17115",Kota Bekasi,"
0812-1101-9143",-6.2261802,106.8680858,Aqiqah
Aqiqah Domba Bekasi,"
Jl. Kenari Utara I No.7, RT.001/RW.024, Pengasinan, Kec. Rawalumbu, Kota Bks, Jawa Barat 17115",Kota Bekasi,"
0899-9037-513",-6.2261802,106.8680858,Aqiqah
Paket Aqiqah Bekasi,"
Perum Pondok Mitra Lestari D13 No 1, Jatiasih, Bekasi, RT.009/RW.014 JKI, Jatikramat, Kec. Jatiasih, Kota Bks, Jawa Barat 17424",Kota Bekasi,"
0811-1045-370",-6.2771793,106.8005162,Aqiqah
Paket Aqiqah Murah di Bekasi | Alya Aqiqah,"
Jl. Kutilang No.23 Blok Dd 8, RT.001/RW.015, Pondok, Pekayon Indah, Kec. Bekasi Sel., Kota Bks, Jawa Barat 17146",Kota Bekasi,"
0857-1993-3712",-6.2771793,106.8005162,Aqiqah
Prestige Aqiqah Bekasi,"
Palm-Residence 17 KECAMATAN No.102, RT.001/RW.02, Jaticempaka, Kec. Pd. Gede, Kota Bks, Jawa Barat 17416",Kota Bekasi,"
0813-1514-1460",-6.2771793,106.8005162,Aqiqah
Annaba Aqiqah: Jasa Aqiqah Bekasi Terbaik,"
Jalan Galunggung I Blok D No.18 Komplek DEPKEU (Belakang GOR Bekasi Stadion Patriot Chandrabhaga, RT.002/RW.019, Kayuringin Jaya, Kec. Bekasi Sel., Kota Bks, Jawa Barat 17144",Kota Bekasi,"
0815-1922-7227",-6.2771793,106.8005162,Aqiqah
Pahala Aqiqah Bekasi,"
Jl. Azalea Raya, RT.008/RW.014, Kota Baru, Kec. Bekasi Bar., Kota Bks, Jawa Barat 17133",Kota Bekasi,"
0859-6441-3303",-6.2771793,106.8005162,Aqiqah
Aqiqah Idaman Bekasi,"
Jl. Kenari Utara I No.7, RT.001/RW.024, Pengasinan, Kec. Rawalumbu, Kota Bks, Jawa Barat 17115",Kota Bekasi,"
0812-1370-7209",-6.2771793,106.8005162,Aqiqah
ROZAK paket kambing aqiqah murah bekasi,"
M2F5+8JW di atas, Kp. Poncol danau BTR 3, RT.004/RW.006, Padurenan, Kec. Mustika Jaya, Kota Bks, Jawa Barat 17166",Kota Bekasi,"
0895-6314-44664",-6.2771793,106.8005162,Aqiqah
Rizqia Aqiqah Bekasi,"
Jl. Bintara IX No.131, RT.001/RW.005, Bintara, Kec. Bekasi Bar., Kota Bks, Jawa Barat 17134",Kota Bekasi,"
0821-1693-1107",-6.2771793,106.8005162,Aqiqah
Aqiqah Dinar Bekasi,"
Komplek Pondok Cikunir Indah, Jl. Garuda II No.1, RT.006/RW.012, Jakamulya, Kec. Bekasi Sel., Kota Bks, Jawa Barat 17412",Kota Bekasi,"
0851-7430-7416",-6.2771793,106.8005162,Aqiqah
Nurul Aqiqah Bekasi,"
Gg. Tower No.22, RT.001/RW.001, Harapan Jaya, Kec. Bekasi Utara, Kota Bks, Jawa Barat 17124",Kota Bekasi,"
0812-9052-6405",-6.2771793,106.8005162,Aqiqah
Aqiqah Idaman Bekasi Barat,"
Jl. Baru Bintara, RT.002/RW.001, Kota Baru, Kec. Bekasi Bar., Kota Bks, Jawa Barat 17133",Kota Bekasi,"
0812-1370-7209",-6.2771793,106.8005162,Aqiqah
Hidayah Aqiqah dan Qurban,"
Ujung harapan, Jl. Abadi Raya kav nurul hidayah No.08, RT.008/RW.017, Bahagia, Kec. Babelan, Kota Bks, Jawa Barat 17612",Kota Bekasi,"
0812-9616-1159",-6.2771793,106.8005162,Aqiqah
GIBRAN AQIQAH - Jasa Layanan Aqiqah Siap Saji & Hewan Qurban,"
Jl. BKKBN, RT.003/RW.007, Mustikajaya, Kec. Mustika Jaya, Kota Bks, Jawa Barat 17158",Kota Bekasi,"
0812-1119-1838",-6.3029354,106.8863338,Aqiqah
Thoyyibah Aqiqah dan catering,"
Gg. H. Saumin Jl. Wibawa Mukti II, RT.002/RW.004, Jatiluhur, Kec. Jatiasih, Kota Bks, Jawa Barat 17425",Kota Bekasi,"
0812-1002-0378",-6.3176303,106.8043169,Aqiqah
Aqiqah Milenial,"
Ruko Grand Galaxy City, Jalan Rose Garden 1 Blok Rrg 1 No.81, RT.002/RW.017, Jaka Setia, Kec. Bekasi Sel., Kota Bks, Jawa Barat 17147",Kota Bekasi,"
0813-8070-0079",-6.3176303,106.8043169,Aqiqah
Catering Aqiqah Bekasi,"
Jl. Mayor Madmuin Hasibuan No.10, RT.003/RW.024, Margahayu, Kec. Bekasi Tim., Kota Bks, Jawa Barat 17113",Kota Bekasi,-,-6.3176303,106.8043169,Aqiqah
Aqiqah Express Cabang Bekasi,"
Jl. Gondangdia Baru No.51, RT.004/RW.009, Jaticempaka, Kec. Pd. Gede, Kota Bks, Jawa Barat 17411",Kota Bekasi,-,-6.3176303,106.8043169,Aqiqah
"Baroqah Farms - Qurban, Aqiqah dan Katering Jatiasih Bekasi","
Gg. Rimban No.68, RT.001/RW.016, Jatiasih, Kec. Jatiasih, Kota Bks, Jawa Barat 17423",Kota Bekasi,"
0896-5488-6502",-6.3176303,106.8043169,Aqiqah
Laatansa Aqiqah -Bintara,"
Jl. Bintara I No.60 A, RT.007/RW.002, Bintara, Kec. Bekasi Bar., Kota Bks, Jawa Barat 17134",Kota Bekasi,"
0819-3297-4915",-6.3176303,106.8043169,Aqiqah
Jasa Aqiqah Bekasi Oesman Aqiqah,"
Griya Sakinah Muslim, Jl. H. Sibun No.2 Lantai 2, RT.002/004/RW.004, Jatikramat, Kec. Jatiasih, Kota Bks, Jawa Barat 17421",Kota Bekasi,"
0813-1425-4558",-6.3176303,106.8043169,Aqiqah
WARDAH AQIQAH QURBAN BEKASI,"
Gg. Assalam I, RT.003/RW.007, Kali Baru, Kecamatan Medan Satria, Kota Bks, Jawa Barat 17133",Kota Bekasi,"
0813-1947-9615",-6.3176303,106.8043169,Aqiqah
HAIDAR AQIQAH (Bekasi),"
Jl. Prof. Moh. Yamin No.68, RT.006/RW.002, Duren Jaya, Kec. Bekasi Tim., Kota Bks, Jawa Barat 17111",Kota Bekasi,"
0815-1691-631",-6.3176303,106.8043169,Aqiqah
ELFAJR Aqiqah,"
The Palm Green Residence Blok A17 no 11, RT.03/RW.09, Sriamur, Kec. Tambun Utara, Kabupaten Bekasi, Jawa Barat 17516",Kota Bekasi,"
0812-8324-1221",-6.1905033,106.9033835,Aqiqah
Rph Pulogadung,"
RW73+4Q8, 1, RT.1/RW.3, Jati, Kec. Pulo Gadung, Kota Jakarta Timur, Daerah Khusus Ibukota Jakarta 13220",Kota Bekasi,"
0870-124-364",-6.1864108,106.616416,Rumah Potong Hewan
RPHU Rawa Terate,"
Jl. Rawa Kepiting No.43, RT.12/RW.6, Rw. Terate, Kec. Cakung, Kota Jakarta Timur, Daerah Khusus Ibukota Jakarta 13920",Kota Bekasi,"
0821-2406-8131",-6.1864108,106.616416,Rumah Potong Hewan
Rph bayur,"
Jl. Raya Bayur No.27, RT.002/RW.001, Periuk Jaya, Kec. Periuk, Kota Tangerang, Banten 15131",Kota Bekasi,"
0813-1132-2309",-6.1603516,106.3269451,Rumah Potong Hewan
New RPH Parigi Mas Jaya,"
Jl. Perigi Baru No.12, Parigi Baru, Kec. Pd. Aren, Kota Tangerang Selatan, Banten 15228",Kota Bekasi,"
0812-8071-0177",-6.1603516,106.3269451,Rumah Potong Hewan
RPH CV. TUNAS KARYA,"
Jalan Pamulang Barat No.26, West Pamulang, Pamulang, South Tangerang City, Banten 15417",Kota Bekasi,"
0819-0815-5444",-6.1603516,106.3269451,Rumah Potong Hewan
Jasa potong hewan,"
QXHC+M86, Jl. Bougenville, RT.002/RW.001, Kota Baru, Kec. Bekasi Bar., Kota Bks, Jawa Barat 17133",Kota Bekasi,"
0838-0884-2017",-6.2208306,106.6823695,Rumah Potong Hewan
RPH KARAWACI,"
Jalan Haji Arif No.19, Cibodas, RT.003/RW.001, Panunggangan Bar., Kec. Tangerang, Kota Tangerang, Banten 15138",Kota Bekasi,"
(021) 55763830",-6.2158867,106.3375372,Rumah Potong Hewan
Hope Pet and Care,"
RT.011/RW.012, Harapan Jaya, Kec. Bekasi Utara, Kota Bks, Jawa Barat 17124",Kota Bekasi,"
0812-9094-3534",-6.2154005,106.6996396,Rumah Potong Hewan
ZH Farm Peternakan Kambing dan Domba,"
Jl. Raya Muhtar No.34, RT.4/RW.1, Sawangan Baru, Kec. Sawangan, Kota Depok, Jawa Barat 16511",Kota Depok,"
0813-6956-2238",-6.4046183,106.6222858,Kandang Domba
Raja Domba I Aqiqah & Peternakan l By. Ummi Aqiqah,"
Jl. Jabon No.40, RT.5/RW.02, Bedahan, Kec. Sawangan, Kota Depok, Jawa Barat 16519",Kota Depok,"
0813-1761-5191",-6.4046183,106.6222858,Kandang Domba
Kandang Sapi Gimin (Peternakan Agung Barokah Kota Depok),"
Unnamed Road, Cilodong, Kec. Cilodong, Kota Depok, Jawa Barat 16414",Kota Depok,"
0822-6000-9229",-6.4276637,106.7020732,Kandang Domba
D'Kandang Amazing Farm,"
Jl. Penarikan No.RT 01 / 02, Pasir Putih, Kec. Sawangan, Kota Depok, Jawa Barat 16519",Kota Depok,"
0857-1997-7773",-6.4276637,106.7020732,Kandang Domba
KANDANG KAMBING FAMILY AQIQAH,"
HVWP+JH9, Jl. Pass, Sukamaju Baru, Kec. Tapos, Kota Depok, Jawa Barat 16455",Kota Depok,"
0812-9588-0792",-6.4276637,106.7020732,Kandang Domba
BOCAH ANGON FARM ( SUPPLIER JUAL BELI DOMBA GARUT DAN KAMBING),"
Kalibaru, Kec. Cilodong, Kota Depok, Jawa Barat 16414",Kota Depok,"
0895-0971-3434",-6.4276637,106.7020732,Kandang Domba
Kandang Aqiqah BQ Grup,"
Jl. Raya Kav. No.RT 02/017, Pancoran Mas, Kec. Pancoran Mas, Kota Depok, Jawa Barat 16436",Kota Depok,-,-6.4276637,106.7020732,Kandang Domba
Kambing Wijaya | Peternakan Hewan ( Kambing Jawa dan Domba) Qurban & Aqiqah Harga Murah di Depok,"
Jl. Raya Tapos, Cimpaeun, Kec. Tapos, Kota Depok, Jawa Barat 16459",Kota Depok,"
0812-1029-4529",-6.4276637,106.7020732,Kandang Domba
Kandang Sapi Bang Oji Ozy Farm,"
Jl. Bojong Pd. Terong No.63, Bojong Pd. Terong, Kec. Cipayung, Kota Depok, Jawa Barat 16436",Kota Depok,"
0838-8399-164",-6.4276637,106.7020732,Kandang Domba
Kandang kambing Arsyad,"
Jl. Pendowo No.80, Limo, Kec. Limo, Kota Depok, Jawa Barat 16512",Kota Depok,"
0895-6190-38050",-6.4276637,106.7020732,Kandang Domba
Kandang Wahyu,"
JRFP+QJ8, Kemiri Muka, Kecamatan Beji, Kota Depok, Jawa Barat 16424",Kota Depok,"
0812-9908-3521",-6.4276637,106.7020732,Kandang Domba
"Kandang B.W.Depok ,Aqiqah & Qurban","
HRRH+W8C, Tirtajaya, Kec. Sukmajaya, Kota Depok, Jawa Barat 16412",Kota Depok,-,-6.4276637,106.7020732,Kandang Domba
Kandang Sapi (Sumber Berkah Farm),"
Jl. M. Nasir, Cilodong, Kec. Cilodong, Kota Depok, Jawa Barat 16414",Kota Depok,"
0877-6015-6122",-6.4276637,106.7020732,Kandang Domba
Kandang kambing bos muda,"
Jln leuwinanggung, Jl. Bojong Binong sebelum musolah Nurul falah No.rt02rw01 no 23, Leuwinanggung, Kec. Tapos, Kota Depok, Jawa Barat 16456",Kota Depok,"
0812-1244-1749",-6.4276637,106.7020732,Kandang Domba
Kandang berkah qurban bersama exit tol sawangan,"
JQ3M+QFW, Jl. Raya Sawangan, Rangkapan Jaya, Kec. Pancoran Mas, Kota Depok, Jawa Barat 16435",Kota Depok,-,-6.4276637,106.7020732,Kandang Domba
Angon Farm (Domba Kurban & Aqiqah),"
16438 Jembatan Biru, RT.06/RW.1, Pd. Jaya, Kec. Cipayung, Kota Depok, Jawa Barat 16436",Kota Depok,"
0878-8067-3093",-6.4276637,106.7020732,Kandang Domba
Kandang Kambing Qurban,"
JVV3+53J, Tugu, Kec. Cimanggis, Kota Depok, Jawa Barat 16451",Kota Depok,-,-6.4276637,106.7020732,Kandang Domba
Aqiqah Mall Domba dan qurban,"
KandangJl saidan no 16 rt 02 rw 09 depok beji tanah baru Kantor. jl curug agung rt 02 rw 10 depok, Tanah Baru, Kecamatan Beji, Kota Depok, Jawa Barat 16426",Kota Depok,"
0838-7200-3318",-6.4276637,106.7020732,Kandang Domba
Kandang Kang Iky | Pusat Domba Qurban & Aqiqah Jabodetabek,"
HPM9+W45, Jl. Tulang Kuning, Waru, Kec. Parung, Kabupaten Bogor, Jawa Barat 16330",Kota Depok,"
0877-2972-7309",-6.4151875,106.5736169,Kandang Domba
Queen Kandang,"
Jalan Batu Al-Qohar No.mor 10, RT.03/RW.04, Bojongsari Lama, Kec. Bojongsari, Kota Depok, Jawa Barat 16516",Kota Depok,"
0817-6666-111",-6.4151875,106.5736169,Kandang Domba
SENTRA JAYA FARM PUSAT KAMBING MURAH DEPOK.,"
Jl. Kp. Tipar Tengah GG.hj.lamin No.148, Mekarsari, NONI, Kota Depok, Jawa Barat 16452",Kota Depok,"
0877-8540-2567",-6.3659413,106.7303276,Peternakan Kambing
Depok kambing aqeqah,"
Jl. Nusa Indah No.41, RT.05/RW.05, Cisalak Ps., Kec. Cimanggis, Kota Depok, Jawa Barat 16452",Kota Depok,"
0811-1101-539",-6.3659413,106.7303276,Peternakan Kambing
Ataffah Farm,"
Jl. Masjid Ar-Riyadh No.37, Bedahan, Kec. Sawangan, Kota Depok, Jawa Barat 16519",Kota Depok,"
0838-7662-0718",-6.434314,106.6266663,Peternakan Kambing
BKD FARM. BANDAR KAMBING DEPOK. BANDAR KAMBING DOMBA. #BKD BANDAR KAMBING DUNIA,"
Jl. Rivaria Dalam No.45, RT.02/RW.01, Bedahan, Kec. Sawangan, Kota Depok, Jawa Barat 16519",Kota Depok,"
0812-1234-5879",-6.434314,106.6266663,Peternakan Kambing
Berkah Caringin Farm,"
Jl. SMPN/Rivaria Dalam IV No.172, Bedahan, Kec. Sawangan, Kota Depok, Jawa Barat 16519",Kota Depok,"
0812-1273-4821",-6.434314,106.6266663,Peternakan Kambing
TS Fams,"
No.15 A, Jl. Kemang, Sukatani, Kec. Tapos, Kota Depok, Jawa Barat 16454",Kota Depok,"
0858-8236-4657",-6.397376,106.7340413,Peternakan Kambing
"Sapibagus Peternakan Hewan (Sapi, Kambing dan Domba)","
Komplek Rumah Pemotongan Hewan Tapos Jalan Tapos Raya, Depok City, West, Java, Indonesia, Tapos, Kec. Tapos, Kota Depok, Jawa Barat 16457",Kota Depok,"
0812-9250-4070",-6.397376,106.7340413,Peternakan Kambing
Berkah Jaya Farm Jual Kambing Aqiqah dan Qurban,"
Jl. Serua Bulak Raya No.44, Pd. Petir, Kec. Bojongsari, Kota Depok, Jawa Barat 16517",Kota Depok,"
0895-3722-01923",-6.3760482,106.5869022,Peternakan Kambing
Nariyah Aqiqah dan Qurban Ternak,"
HRR4+3WM, Pancoran Mas, Kec. Pancoran Mas, Kota Depok, Jawa Barat 16436",Kota Depok,"
0812-9060-4678",-6.4099118,106.6633713,Peternakan Kambing
SAHABAT AQIQAH DEPOK,"
Jl. Raya KSU, RT.03/RW.06, Sukmajaya, Kec. Sukmajaya, Kota Depok, Jawa Barat 16412",Kota Depok,"
0851-0543-4242",-6.4089459,106.7618329,Aqiqah
Nusantara Aqiqah Depok,"
Ruko De Caspia Jl Boulevard Grand Depok City no 33 RT 002/006, Kalibaru, Kec. Cilodong, Kota Depok, Jawa Barat 16413",Kota Depok,"
0857-7710-4634",-6.4089459,106.7618329,Aqiqah
Multazam Aqiqah,"
Jl. Mandor, Pd. Jaya, Kec. Cipayung, Kota Depok, Jawa Barat 16438",Kota Depok,"
0812-9144-2882",-6.4089459,106.7618329,Aqiqah
Rumah Cinta Syamil Aqiqah Official Center,"
Jl. Mampang Indah I Gang Boneng Buntu No.7, Grogol, Kec. Limo, Kota Depok, Jawa Barat 16433",Kota Depok,"
0812-1155-2423",-6.383214,106.7224402,Aqiqah
Aqiqah Jakarta,"
Jl. Kp. Rw. Kalong No.158, Grogol, Kec. Limo, Kota Depok, Jawa Barat 16533",Kota Depok,"
0821-1000-1009",-6.383214,106.7224402,Aqiqah
Aqiqah Depok Nurul Hayat,"
Jl. Margonda No.01, Depok, Kec. Pancoran Mas, Kota Depok, Jawa Barat 16411",Kota Depok,"
0851-0055-7587",-6.383214,106.7224402,Aqiqah
KELUARGA AQIQAH DEPOK | Jasa Aqiqah & Catering Jabodetabek,"
Perumahan Caroline, Jl. Koong No.rt05/07 blok E no.8, Bedahan, Kec. Sawangan, Kota Depok, Jawa Barat 16519",Kota Depok,"
0813-8449-8114",-6.383214,106.7224402,Aqiqah
Abunawas Aqiqah Depok : Jasa Aqiqah Depok - Aqiqah Murah Depok,"
Cluster Green Pesona No.2 Blok D, Jatimulya, Cilodong, Depok City, West Java 16413",Kota Depok,"
0851-5953-6665",-6.4555147,106.7607476,Aqiqah
Bunayya Aqiqah,"
Komplek Cinere Park View, Jl. Raya Pulo Mangga Blok G3, Grogol, Kec. Limo, Kota Depok, Jawa Barat 16514",Kota Depok,"
0812-8124-8200",-6.3792139,106.7117973,Aqiqah
Nabawi Aqiqah (BQ Group),"
Jl. Mandor No.75, RT.5/RW.5, Pd. Jaya, Kec. Cipayung, Kota Depok, Jawa Barat 16438",Kota Depok,"
0813-8157-4091",-6.3792139,106.7117973,Aqiqah
Aqiqah Depok (Rizky Aqiqah Depok),"
Jl. Perumahan Mampang Indah 2, RT.08/RW.04, Mampang, Depok, Kota Depok, Jawa Barat 16435",Kota Depok,"
0815-7929-579",-6.3792139,106.7117973,Aqiqah
Jasa Aqiqah Depok,"
Jl. H. Solichin No.3, RT.01/RW.28, Bakti Jaya, Kec. Sukmajaya, Kota Depok, Jawa Barat 16418",Kota Depok,"
0814-1333-3513",-6.3729019,106.7779126,Aqiqah
Aqiqah Depok Maidah | Free Ongkir Jabodetabek,"
HRRV+JJ, Jl. Pondok Sukmajaya Permai No.14 Blok Aa, RT.1/RW.3, Sukmajaya, Kec. Sukmajaya, Kota Depok, Jawa Barat 16412",Kota Depok,"
0821-5111-1592",-6.3729019,106.7779126,Aqiqah
Missi Aqiqah,"
Jl. Raya Citayam Jl. Ceplik No.6 5 No. 96 B, Pondok Jaya, Cipayung, Depok City, West Java 16438",Kota Depok,"
0812-1922-3891",-6.427552,106.7416194,Aqiqah
Aqiqah Murah,"
Jl. Nilam 2, kavling zaelani No.114, Cisalak Ps., Kec. Cimanggis, Kota Depok, Jawa Barat 16431",Kota Depok,"
0896-0438-0625",-6.3782738,106.8004254,Aqiqah
"Warung Ternak Aqiqah Depok (Peternakan Kambing, Domba, Aqiqah, Akikah, Catering, Qurban, Susu Kambing)","
Jl. Harapan No.37, Rangkapan Jaya, Kec. Pancoran Mas, Kota Depok, Jawa Barat 16435",Kota Depok,"
0813-1122-0021",-6.3960205,106.7132738,Aqiqah
Bani Aqiqah Depok,"
Jl. Perumahan Mampang Indah 2 No.6 Blok T, RT.005/RW.013, Rangkapan Jaya, Kec. Pancoran Mas, Kota Depok, Jawa Barat 16435",Kota Depok,"
0813-8913-8215",-6.3960205,106.7132738,Aqiqah
Prestige Aqiqah Depok,"
Jl. Sasak Raya Jl. Masjid Baiturrahmah No.79, RT./Rw/RW.02/07, Kec, Kec. Limo, Kota Depok, Jawa Barat 16531",Kota Depok,"
0821-2127-8415",-6.3960205,106.7132738,Aqiqah
Paket Jasa Aqiqah Kambing Domba Depok,"
Gg. H.Rimin, RT.02/RW.08, Bojongsari Lama, Kec. Bojongsari, Kota Depok, Jawa Barat 16516",Kota Depok,"
0813-8374-8315",-6.3921479,106.6760913,Aqiqah
Nurul Aqiqah,"
RT.03/RW.017, Pancoran Mas, Kec. Pancoran Mas, Kota Depok, Jawa Barat 16436",Kota Depok,"
0812-8104-211",-6.4094638,106.7372816,Aqiqah
Hasanah Aqiqah dan Catering Depok,"
Jl. Bungur Raya No.101, Depok Jaya, Kec. Pancoran Mas, Kota Depok, Jawa Barat 16432",Kota Depok,"
0813-8722-0182",-6.4094638,106.7372816,Aqiqah
Teras Aqiqah - Jasa Paket Aqiqah Depok,"
Jl. Ampel, Abadijaya, Kec. Sukmajaya, Kota Depok, Jawa Barat 16417",Kota Depok,"
0812-8981-2545",-6.4016917,106.7743934,Aqiqah
Aqiqah murah enak Depok,"
Pancoran Mas, Kec. Pancoran Mas, Kota Depok, Jawa Barat 16436",Kota Depok,"
0857-1509-1269",-6.4012191,106.7259384,Aqiqah
Daarul Aqiqah Depok,"
JQ5C+JJX, Jl. Pelita I PDR IV, Rangkapan Jaya Baru, Kec. Pancoran Mas, Kota Depok, Jawa Barat 16434",Kota Depok,"
0818-0828-7992",-6.4012191,106.7259384,Aqiqah
AQIQAH SPESIAL KEBULI Depok Jakarta by Abada,"
Jl. Saminten IV No.34, RT.07/RW.16, Bakti Jaya, Kec. Sukmajaya, Kota Depok, Jawa Barat 16418",Kota Depok,"
0899-7897-473",-6.3800311,106.7759698,Aqiqah
Madani Aqiqah Dan Katering Depok,"
Jalan H.. Dimun 1 Rt.03 Rw. 24 No. 82 Dibelakang musholla Ar-Rohmah,, Sukamaju, Kec. Cilodong, Kota Depok, Jawa Barat 16415",Kota Depok,"
0856-8244-574",-6.3800311,106.7759698,Aqiqah
Office Aqiqah Al-Fatih,"
JRJM+QP, Pondok Cina, Kecamatan Beji, Kota Depok, Jawa Barat 16424",Kota Depok,"
0813-7000-1452",-6.3800311,106.7759698,Aqiqah
Firdaus Aqiqah Depok Bogor,"
Jl. Raya Kalimulya Jl. Ciliwung No.51, RT.03/RW.01, Pd. Rajeg, Kec. Cibinong, Kabupaten Bogor, Jawa Barat 16913",Kota Depok,"
0877-7412-3848",-6.4443633,106.7413208,Aqiqah
Khansa 535 Aqiqah Depok,"
Jl. Pekapuran, Rt 01/01 No. 57, Kelurahan Sukatani. Kecamatan Tapos, Sukatani, Kec. Tapos, Kota Depok, Jawa Barat 16461",Kota Depok,"
0812-1066-3535",-6.3887136,106.8022302,Aqiqah
SALAM AQIQAH ( Aqiqah Terbaik ),"
Jl. Raya Kalimulya Jl. Ciliwung No.51, RT.03/RW.01, Pd. Rajeg, Kec. Cibinong, Kabupaten Bogor, Jawa Barat 16913",Kota Depok,"
0878-8575-5477",-6.4443847,106.7413024,Aqiqah
ARRAHMAN AQIQAH,"
Jl. Pinang Dua No.50, Limo, Kec. Cinere, Kota Depok, Jawa Barat 16531",Kota Depok,"
0813-8927-8915",-6.3561518,106.7003083,Aqiqah
Sakha Aqiqah Depok,"
Jl. Situ Pitara Siwagandu Blok Damai No.15, RT.03/RW.17, Pancoran Mas, Kec. Pancoran Mas, Kota Depok, Jawa Barat 16436",Kota Depok,"
0811-8847-630",-6.4095043,106.7366463,Aqiqah
DARUL AQIQAH Depok,"
Jl. H. Misan I No.9A, RT.2/RW.4, Kukusan, Kecamatan Beji, Kota Depok, Jawa Barat 16425",Kota Depok,"
0856-9727-9400",-6.4095043,106.7366463,Aqiqah
SIDIQ AQIQAH | Layanan Aqiqah Depok | Jasa Aqiqah Depok,"
Perumahan Marsaid Residence, Pd. Jaya, Kec. Cipayung, Kota Depok, Jawa Barat 16443",Kota Depok,"
0852-1848-1357",-6.4095043,106.7366463,Aqiqah
SpesialisAqiqah.com,"
Jl. Raya Curug No.33, Curug, Kec. Bojongsari, Kota Depok, Jawa Barat 16517",Kota Depok,"
0813-8592-0807",-6.3799797,106.6540996,Aqiqah
Catering Syifa Aqiqah,"
Cluster Munawarah, Jl. Vila Rizki Ilhami No.2 Blok V10, Sawangan, Kec. Sawangan, Kota Depok, Jawa Barat 16526",Kota Depok,"
0812-8456-9790",-6.3799797,106.6540996,Aqiqah
Depok Aqiqah Center,"
Jl. Blk. C5 No.3, Pondok, Kec. Sukmajaya, Kota Depok, Jawa Barat 16411",Kota Depok,"
0878-0177-1233",-6.4124068,106.7168531,Aqiqah
Sentra Aqiqah Depok,"
Jl. Bulak Indah No.115, RT.3/RW.08, Kel, Kec. Cipayung, Kota Depok, Jawa Barat 16442",Kota Depok,"
0812-3371-1112",-6.4124068,106.7168531,Aqiqah
RPH Depok,"
HRRM+9FH, Sukmajaya, Kec. Sukmajaya, Kota Depok, Jawa Barat 16412",Kota Depok,"
0858-8826-4383",-6.4091578,106.7616431,Rumah Potong Hewan
UPTD Rumah Pemotongan Hewan Tapos,"
Jl. Raya Tapos No.6, Tapos, Kec. Tapos, Kota Depok, Jawa Barat 16457",Kota Depok,"
(021) 8791807",-6.4362659,106.8138233,Rumah Potong Hewan
Rumah Potong Hewan (RPH),"
Jl. Raya Kalimulya No.14, Jatimulya, Kec. Cilodong, Kota Depok, Jawa Barat 16413",Kota Depok,-,-6.4444936,106.751501,Rumah Potong Hewan
Ammar farm grosir sapi dan domba,"
Kp pojok, Padaasih, bandung barat, Kota Cimahi, Jawa Barat 40551",Kota Cimahi,"
0855-2092-9334",-6.8378375,107.420418,Kandang Domba
Kandang Synergy,"
Jl. Permana Utara, Citeureup, Kec. Cisarua, Kota Cimahi, Jawa Barat 40512",Kota Cimahi,"
0812-1426-3920",-6.8378375,107.420418,Kandang Domba
Bapak Adang Domba,"
4H44+5X9, Cigugur Tengah, Kec. Cimahi Tengah, Kota Cimahi, Jawa Barat 40522",Kota Cimahi,"
0821-2704-8315",-6.8378375,107.420418,Kandang Domba
Kandang Domba Nyumput Sarasa ( Fram NS ),"
Balong Cv suritex Rt 02 / RW 15 Cibodas Kel Utama Kec Cimahi Selatan, Utama, Kota, Kota Cimahi, Jawa Barat 40533",Kota Cimahi,"
0813-8131-5527",-6.8378375,107.420418,Kandang Domba
mas.aal farm aqiqah - qurban,"
Gg. Saroja, Cibabat, Kec. Cimahi Utara, Kota Cimahi, Jawa Barat 40559",Kota Cimahi,"
0821-1965-9701",-6.8703084,107.273889,Peternakan Kambing
Domba Bareuf Karya IV,"
Gg. Karya 4 rt01/01 no 72, Sukaraja, Kec. Cicendo, Kota Bandung, Jawa Barat 40175",Kota Cimahi,"
0822-1442-9255",-6.8703084,107.273889,Peternakan Kambing
Pusat Aqiqah dan Outlet Domba,"
Jl. Ciwaruga No.49, RT.01/RW.07, Ciwaruga, Kec. Parongpong, Kabupaten Bandung Barat, Jawa Barat 40559",Kota Cimahi,"
0856-2043-836",-6.8703084,107.273889,Peternakan Kambing
Kambing Hj. Eros,"
Jl. Raya Cilember, Cicaheum, Kec. Cimahi Tengah, Kota Bandung, Jawa Barat 41174",Kota Cimahi,"
0852-2029-94488",-6.8703084,107.273889,Peternakan Kambing
Susu Kambing Murni Palalangon Farm Cimahi,"
Jl. Pesantren, RT.06 RW16, Cibabat, Kec. Cimahi Utara, Kota Cimahi, Jawa Barat 40513",Kota Cimahi,"
0821-1696-7254",-6.8703084,107.273889,Peternakan Kambing
MH Farm,"
Dekat, Jl. Bukit X No.62, Sariwangi, Kec. Parongpong, Kabupaten Bandung Barat, Jawa Barat 40559",Kota Cimahi,"
0896-1251-8798",-6.8703084,107.273889,Peternakan Kambing
Pabrik Susu Kambing Bubuk & Cair Kambia FHM Cimahi,"
Gg. Warta No.B3, RT.02/RW.09, Cibabat, Kec. Cimahi Utara, Kota Cimahi, Jawa Barat 40513",Kota Cimahi,"
0823-2163-3333",-6.8703084,107.273889,Peternakan Kambing
Aqiqah Cimahi (Nurul Hayat),"
Depan Diamond Fair, Jl. Daeng Moh. Ardiwinata No.52, Cibabat, Kec. Cimahi Utara, Kota Cimahi, Jawa Barat 40513",Kota Cimahi,"
0811-2435-600",-6.8756018,107.4788426,Aqiqah
Dapoer Aqiqah Cimahi,"
Jl. Kyai H. Usman Dhomiri No.61/08, RT.01/RW.17, Padasuka, Kec. Cimahi Tengah, Kota Cimahi, Jawa Barat 40526",Kota Cimahi,"
0818-0946-5516",-6.8756018,107.4788426,Aqiqah
Nayla Aqiqah Cimahi,"
Jl. Ibu Ganirah No.RT 05/02 No. E52, Cibeber, Kec. Cimahi Sel., Kota Cimahi, Jawa Barat 40531",Kota Cimahi,"
0812-2240-3877",-6.8756018,107.4788426,Aqiqah
Aqiqah dan Qurban Cimahi bandung,"
Jl. Pesantren Gg. Saroja No.3, Cibabat, Kec. Cimahi Utara, Kota Cimahi, Jawa Barat 40513",Kota Cimahi,-,-6.8756018,107.4788426,Aqiqah
Tawekal Domba Aqiqah Cimahi,"
Cibabat, Kec. Cimahi Utara, Kota Cimahi, Jawa Barat 40513",Kota Cimahi,"
(022) 6630931",-6.8756018,107.4788426,Aqiqah
Aqiqah Bandung Cimahi - Abi Aqiqah jln Budi Cimahi Utara-Bandung,"
Jl. Budi, Pasirkaliki, Kec. Cimahi Utara, Kota Cimahi, Jawa Barat 40514",Kota Cimahi,"
0853-1707-9995",-6.8756018,107.4788426,Aqiqah
Dapur Aqiqah Cimahi,"
Jl. Sangkuriang Kampung Lio No.36, Cipageran, Kec. Cimahi Utara, Kota Cimahi, Jawa Barat 40511",Kota Cimahi,"
0813-1234-3489",-6.8756018,107.4788426,Aqiqah
Dapur Aqiqah Cijerah,"
Jl. Melong Nyontrol No.1-21, Melong, Kec. Cimahi Sel., Kota Cimahi, Jawa Barat 40534",Kota Cimahi,"
0812-1444-424",-6.8756018,107.4788426,Aqiqah
RYD AQIQAH,"
Jl. Bina Luhur No.1, Citeureup, Kec. Cimahi Utara, Kota Cimahi, Jawa Barat 40512",Kota Cimahi,"
0818-0969-0155",-6.8756018,107.4788426,Aqiqah
DT AQIQAH CIMAHI,"
Jl. Panorama Indah No.C 13 no.21, RT.2/RW.21, Tanimulya, Kec. Ngamprah, Kabupaten Bandung Barat, Jawa Barat 40723",Kota Cimahi,"
0819-5293-5776",-6.8756018,107.4788426,Aqiqah
Assabiq Aqiqah Cimahi,"
Jl. Pojok Utara Gang Karya Muda 2 No.200, RT.6/RW.4, Setiamanah, Kec. Cimahi Tengah, Kota Cimahi, Jawa Barat 40522",Kota Cimahi,"
0812-1489-8770",-6.8756018,107.4788426,Aqiqah
Bingkai Aqiqah Bandung,"
Jl. Budi No.52, Pasirkaliki, Kec. Cimahi Utara, Kota Cimahi, Jawa Barat 40514",Kota Cimahi,"
0858-1408-9708",-6.8756018,107.4788426,Aqiqah
ALIF AQIQAH BANDUNG,"
Jl. Melong Nyontrol No.1-21, Melong, Kec. Cimahi Sel., Kota Cimahi, Jawa Barat 50534",Kota Cimahi,"
0822-2111-4606",-6.8756018,107.4788426,Aqiqah
hasna aqiqah qurban official,"
4H76+HV9, Pasirkaliki, Kec. Cimahi Utara, Kota Cimahi, Jawa Barat 40514",Kota Cimahi,"
0878-2419-3857",-6.8756018,107.4788426,Aqiqah
Hijaz Aqiqah - Jual Kambing Domba dan Paket Aqiqah Bandung Cimahi dan Kabupaten Bandung,"
Jl. Dago Elos V No.443, Dago, Kecamatan Coblong, Kota Bandung, Jawa Barat 40131",Kota Cimahi,"
0813-9533-7795",-6.8694026,107.5496473,Aqiqah
AQIQAH ALHUDA,"
Jl. Abdul Halim No.86, Cigugur Tengah, Kec. Cimahi Tengah, Kota Cimahi, Jawa Barat 40522",Kota Cimahi,"
0821-3099-8099",-6.8882861,107.4781734,Aqiqah
AS Catering dan Aqiqah,"
Kp. Cigugur Tengah RT 003/10 No. 61, Cigugur Tengah, Kec. Cimahi Tengah, Kota Cimahi, Jawa Barat 40522",Kota Cimahi,"
0853-2009-5911",-6.8882861,107.4781734,Aqiqah
Kambing Guling & Aqiqah BBQ home service Kamayels,"
Komplek Permata Cimahi, Blk. I, Cipageran, Kec. Ngamprah, Kabupaten Bandung Barat, Jawa Barat 40552",Kota Cimahi,"
0823-3401-8793",-6.8882861,107.4781734,Aqiqah
Mitra Aqiqah,"
Jl. Karya Bakti No.57, RT.02/RW.16, Cipageran, Kec. Cimahi Utara, Kota Cimahi, Jawa Barat 40511",Kota Cimahi,"
0853-1402-5494",-6.8882861,107.4781734,Aqiqah
"MAU Babakaran , MAU Aqiqah","
Jl. Permana No.43, Citeureup, Kec. Cimahi Utara, Kota Cimahi, Jawa Barat 40512",Kota Cimahi,"
0811-1111-0083",-6.8882861,107.4781734,Aqiqah
SANGGAR AQIQAH DAN QURBAN.. AL-AZHAR,"
Jl. Kolonel Masturi Gg. Margasari 3 No.111, Cimahi, Kec. Cimahi Tengah, Kota Cimahi, Jawa Barat 40525",Kota Cimahi,"
0821-1354-7675",-6.8882861,107.4781734,Aqiqah
Pusat Domba Aqiqah dan Kurban,"
4GQV+HJQ, Unnamed Road, Cipageran, Kec. Cimahi Utara, Kota Cimahi, Jawa Barat 40511",Kota Cimahi,"
0821-1038-2808",-6.8882861,107.4781734,Aqiqah
Niaga Catering Nusantara Cimahi,"
Jl. Raya Bukit Permata No.15 Blok G9, Cilame, Kec. Ngamprah, Kabupaten Bandung Barat, Jawa Barat 40552",Kota Cimahi,"
0811-8762-200",-6.8593353,107.4452558,Aqiqah
MK_hadaaf Tanah Liat dan Assabiq Aqiqah Cimahi,"
JL POJOK UTARA GG KARYA MUDA 2 NO 200 RT 06 RW 04, Setiamanah, Kec. Cimahi Tengah, Kota Cimahi, Jawa Barat 40524",Kota Cimahi,"
0812-1489-8770",-6.8593353,107.4452558,Aqiqah
N.I.H. Aqiqah,"
Perumahan LPK Pasundan, Jl.Leuweung Gede Jl. Kebon Kopi, Cibeureum, Kec. Cimahi Sel., Kota Cimahi, Jawa Barat 40535",Kota Cimahi,"
0812-2321-923",-6.9108104,107.4872112,Aqiqah
Aqiqah Termurah di Bandung Cimahi,"
Perumahan LPK Pasundan, Jl.Leuweung Gede Jl. Kebon Kopi, Cibeureum, Kec. Cimahi Sel., Kota Cimahi, Jawa Barat 40535",Kota Cimahi,"
0812-2321-923",-6.9108104,107.4872112,Aqiqah
Puskeswan Cimahi,"
Jl. Sukimun, RT.003/RW.004, Baros, Kec. Cimahi Tengah, Kota Cimahi, Jawa Barat 40521",Kota Cimahi,"
(022) 6656753",-6.8889088,107.396459,Rumah Potong Hewan
PDHB Drh Ade Tedi Cimahi,"
Jl. Pesantren No.194, Cibabat, Kec. Cimahi Utara, Kota Cimahi, Jawa Barat 40513",Kota Cimahi,"
0895-3897-51300",-6.8889088,107.396459,Rumah Potong Hewan
Praktek Dokter Hewan drh Yusni Cimahi Bandung,"
Jl. Ibu Sangki No.113, Cibeber, Kec. Cimahi Sel., Kota Cimahi, Jawa Barat 40531",Kota Cimahi,"
0818-263-368",-6.8889088,107.396459,Rumah Potong Hewan
Abattoir in Tjimahi Regentschap,"
4G6R+973, Baros, Kec. Cimahi Tengah, Kota Cimahi, Jawa Barat 40521",Kota Cimahi,-,-6.8889088,107.396459,Rumah Potong Hewan
Rumah Kucing Alien (petshop),"
Komplek nata endah no p7, Jl. Cihanjuang, Cibabat, Kec. Cimahi Utara, Kota Cimahi, Jawa Barat 40513",Kota Cimahi,"
0856-5969-2480",-6.8889088,107.396459,Rumah Potong Hewan
Rumah Qurban Arafah Usman Dhomiri,"
Jl. Kyai H. Usman Dhomiri, Padasuka, Kec. Cimahi Tengah, Kota Cimahi, Jawa Barat 40526",Kota Cimahi,"
0812-2099-994",-6.8889088,107.396459,Rumah Potong Hewan
Rumah Potong Ayam Ikhlas,"
Jl. Padat Karya, Cibeber, Kec. Lengkong, Kota Cimahi, Jawa Barat 40531",Kota Cimahi,"
0813-8631-5107",-6.9229681,107.4749399,Rumah Potong Hewan
Yustika Pethome,"
Rumah warna biru pager coklat, Bawah gudang pak maman, Cibogo Lamping, Lagadar, Kec. Margaasih, Kota Cimahi, Jawa Barat 40532",Kota Cimahi,"
0831-5158-6384",-6.9179011,107.3851647,Rumah Potong Hewan
TerraPetto Pet Care,"
Jl. Cihanjuang No.67b, Cibabat, Kota Cimahi, Jawa Barat 40513",Kota Cimahi,"
0851-8680-0324",-6.9179011,107.3851647,Rumah Potong Hewan
Dokter Hewan (Aorta Vet),"
Jl. Jend. H. Amir Machmud No.192, Cibabat, Kec. Cimahi Utara, Kota Cimahi, Jawa Barat 40513",Kota Cimahi,"
0852-8011-3399",-6.9179011,107.3851647,Rumah Potong Hewan
Praktek Dokter Hewan Wieke Setiowati,"
Jl. Encep Kartawiria No.61C, RT.002/RW.003, Citeureup, Kec. Cimahi Utara, Kota Cimahi, Jawa Barat 40512",Kota Cimahi,"
0877-3317-1314",-6.9179011,107.3851647,Rumah Potong Hewan
Loyal Cat House and Pet Care,"
4G8C+2V8, Jl. Pesantren, Cibeber, Kec. Cimahi Sel., Kota Cimahi, Jawa Barat 40531",Kota Cimahi,"
0812-4682-5293",-6.9179011,107.3851647,Rumah Potong Hewan
Royal Vet Petshop & Clinic,"
Jl. Sangkuriang Bar. 3 No.31, Cipageran, Kec. Cimahi Utara, Kota Cimahi, Jawa Barat 40526",Kota Cimahi,"
0896-0691-1131",-6.9179011,107.3851647,Rumah Potong Hewan
AnimaLoVet (drh. Winny Pramesywari) | Dokter Hewan Bandung Barat,"
Jl. Permata Cimahi L1 No.28-30, Tanimulya, Kec. Ngamprah, Kabupaten Bandung Barat, Jawa Barat 40552",Kota Cimahi,"
0812-6333-8812",-6.9179011,107.3851647,Rumah Potong Hewan
Bona Petshop Cimahi,"
Jl. Kolonel Masturi No.124A, Citeureup, Kec. Cimahi Utara, Kota Cimahi, Jawa Barat 40511",Kota Cimahi,"
0838-9609-7490",-6.9179011,107.3851647,Rumah Potong Hewan
Lana Pet Shop,"
Jl. Raya Tagog No.574, Karangmekar, Kec. Cimahi Tengah, Kota Cimahi, Jawa Barat 40523",Kota Cimahi,"
0812-2222-8324",-6.9179011,107.3851647,Rumah Potong Hewan
Nayaka Petshop Cimahi,"
Jl. Sadarmanah, RT.05/RW.03, Leuwigajah, Kec. Cimahi Sel., Kota Cimahi, Jawa Barat 40532",Kota Cimahi,"
0822-1430-2686",-6.9179011,107.3851647,Rumah Potong Hewan
jual beli domba dan kambing h.ikin,"
Jl. Bantar, RT.001/RW.012, Bantarsari, Kec. Bungursari, Kab. Tasikmalaya, Jawa Barat 46151",Kota Tasikmalaya,"
0813-1811-2133",-7.3227702,108.0438466,Peternakan Kambing
Gabucci Farm | Sapi Qurban Tasikmalaya,"
Jl. Cipanas Galunggung No.16, RT.2/RW.5, Tawangbanteng, Kec. Sukaratu, Kabupaten Tasikmalaya, Jawa Barat 46415",Kota Tasikmalaya,"
0812-2000-9943",-7.3227702,108.0438466,Peternakan Kambing
Kandang Kambing WANJERA,"
J5RG+392, Kp pancatengah, RT.01/RW.06, Karikil, Kec. Mangkubumi, Kab. Tasikmalaya, Jawa Barat 46181",Kota Tasikmalaya,-,-7.3227702,108.0438466,Peternakan Kambing
Petrnakan sapi domba tasikmalaya sukarame,"
J4RJ+WXW, Cantilan, curug, Kabupaten Tasikmalaya, Jawa Barat 98663",Kota Tasikmalaya,-,-7.3227702,108.0438466,Peternakan Kambing
Qiara Farm,"
Kp. Cimulya, RT.001/RW.001, Kiarajangkung, Kec. Sukahening, Kabupaten Tasikmalaya, Jawa Barat 46155",Kota Tasikmalaya,"
0812-8932-973",-7.2018669,107.9666452,Peternakan Kambing
Pasar Hewan Singaparna,"
Jl. Raya Tim. No.499, Cipakat, Kec. Singaparna, Kabupaten Tasikmalaya, Jawa Barat 46417",Kota Tasikmalaya,"
0854-2555-381",-7.3448519,107.9786159,Peternakan Kambing
Berkah Farm Tasikmalaya,"
Kp. cihideung, Bungursari, Kec. Bungursari, Kab. Tasikmalaya, Jawa Barat 46151",Kota Tasikmalaya,"
0853-1589-9888",-7.3448519,107.9786159,Peternakan Kambing
Pusat Susu Kambing Fresh Murni Tasikmalaya,"
samping masjid al falah, Jl. Bantar Jl. Bantar Cieunteung Makam No.kp, RT.02 rw09, Bantarsari, Kec. Bungursari, Kab. Tasikmalaya, Jawa Barat 46139",Kota Tasikmalaya,"
0878-9142-0198",-7.3226296,108.0559959,Peternakan Kambing
JUAL SUSU KAMBING | PUSATNYA SUSU KAMBING,"
Samping Rumah Bekam Sunnah, Jl. Noenoeng Tisnasaputra, Kahuripan, Kec. Tawang, Kab. Tasikmalaya, Jawa Barat 46115",Kota Tasikmalaya,"
0822-2151-5115",-7.3226296,108.0559959,Peternakan Kambing
Susu kambing tasikmalaya,"
Jalan perum kcvri Jl. Cibangun, Ciherang, Kec. Cibeureum, Kab. Tasikmalaya, Jawa Barat 46196",Kota Tasikmalaya,"
0812-9234-2972",-7.3226296,108.0559959,Peternakan Kambing
MANDALA Dairy Farm,"
Singaparna, Kp. Paniis Hilir, RT.021/ RW006, Mandalagiri, Kec. Leuwisari, Kabupaten Tasikmalaya, Jawa Barat 46464",Kota Tasikmalaya,"
0811-1104-770",-7.3080325,107.9634921,Peternakan Kambing
BERKAH FARM,"
Kp Jl. Cijuhung, Sukaratu, Kec. Sukaratu, Kabupaten Tasikmalaya, Jawa Barat 46415",Kota Tasikmalaya,-,-7.3080325,107.9634921,Peternakan Kambing
Halona farm,"
Jl. Sukajadi, Sariwangi, Kec. Sariwangi, Kabupaten Tasikmalaya, Jawa Barat 46465",Kota Tasikmalaya,"
0852-5483-6253",-7.3080325,107.9634921,Peternakan Kambing
SUSU KAMBING MURNI & VARIAN,"
Jl. Sukajadi, Sariwangi, Kec. Sariwangi, Kabupaten Tasikmalaya, Jawa Barat 46465",Kota Tasikmalaya,"
0852-5483-6253",-7.3080325,107.9634921,Peternakan Kambing
GeSi Aqiqah & Catering,"
J4RC+P4M, Jl. Pahlawan KHZ. Musthafa, RT.: 03 rw/RW.: 03, kampung Kokol, Cipakat, Kec. Singaparna, Kabupaten Tasikmalaya, Jawa Barat 46417",Kota Tasikmalaya,"
0821-2373-5400",-7.3581553,107.831903,Aqiqah
Aqiqah & qurban Kota Tasikmalaya,"
Jl. Sutisna Senjaya, Cikalang, cicurug bata, Kab. Tasikmalaya, Jawa Barat 43361",Kota Tasikmalaya,"
0878-3047-3665",-7.3581553,107.831903,Aqiqah
Agih Fadhila Aqiqah,"
J6QG+W8J, Gg. Hasbulloh, Kahuripan, Kec. Tawang, Kab. Tasikmalaya, Jawa Barat 46115",Kota Tasikmalaya,-,-7.3581553,107.831903,Aqiqah
Madani Aqiqah Kawalu Tamansari,"
Perum Jl. Tamansari Indah Blok C4, Karsamenak, Kec. Kawalu, Kab. Tasikmalaya, Jawa Barat 46181",Kota Tasikmalaya,"
0852-2331-6488",-7.3581553,107.831903,Aqiqah
"Al-Khair Farm (Peternakan Domba sayur, untuk qurban, aqiqah, indukan, breeding, fattening)","
JG5H+2MP, Jl. Langkaplancar - Lakbok, Binangun, Kec. Pataruman, Kota Banjar, Jawa Barat 46316",Kota Banjar,-,-7.1836943,108.1116036,Kandang Domba
Pidin Domba,"
MM22+324, Waringinsari, Kec. Langensari, Kota Banjar, Jawa Barat 46342",Kota Banjar,-,-7.1836943,108.1116036,Kandang Domba
Kandang sapi berkah lembu,"
HGVJ+FJG, Binangun, Kec. Pataruman, Kota Banjar, Jawa Barat 46316",Kota Banjar,-,-7.1836943,108.1116036,Kandang Domba
Ternak Kambing KAK ROOS,"
JG84+5G9, Neglasari, Kec. Banjar, Kota Banjar, Jawa Barat 46315",Kota Banjar,"
0821-1973-4165",-7.3845963,107.9295732,Peternakan Kambing
PD.KAMBING SOHIDIN,"
JJPJ+HQ, Muktisari, Kec. Langensari, Kota Banjar, Jawa Barat 46324",Kota Banjar,"
0852-9497-9030",-7.3845963,107.9295732,Peternakan Kambing
Jual beli kambing Bpk Sugiono,"
JHXC+9PR, RT.01/RW.01, Randegan 2, Mekarharja, Kec. Purwaharja, Kota Banjar, Jawa Barat 46333",Kota Banjar,"
0857-2248-5905",-7.3845963,107.9295732,Peternakan Kambing
Sentra Aqiqah Nusantara cabang Banjar,"
Jl. Dipati Ukur No.62, RT.01/RW.11, Banjar, Kec. Banjar, Kota Banjar, Jawa Barat 46311",Kota Banjar,-,-7.365449,108.5165134,Aqiqah
Srikandi catering // Rumah Aqiqah Banjar Patroman,"
banjarkolot, Jl. Lobak No.527, Banjar, Kec. Banjar, Kota Banjar, Jawa Barat 46311",Kota Banjar,"
0852-2332-7472",-7.365449,108.5165134,Aqiqah
LISHA CATERING AQIQAH,"
Lingkungan sukarame rt 02/ rw 13 kel, Mekarsari, Kec. Banjar, Kota Banjar, Jawa Barat 46321",Kota Banjar,"
0895-6139-77114",-7.37804,108.5256379,Aqiqah
Fadhila Aqiqah Banjar,"
JGCR+JP6, Hegarsari, Kec. Pataruman, Kota Banjar, Jawa Barat 46322",Kota Banjar,-,-7.378464,108.5327684,Aqiqah
Rumah Potong Hewan Martapura Kalsel,"
HV7R+6H6, Sungai Ulin, Kec. Banjarbaru Utara, Kota Banjar Baru, Kalimantan Selatan 70714",Kota Banjar,-,-5.4044832,111.7236215,Rumah Potong Hewan
"Dokter Hewan Hanifri Fauzan ""Adzkia Pet Care""","
Jl. Pataruman No.144, Pataruman, Kec. Pataruman, Kota Banjar, Jawa Barat 46323",Kota Banjar,"
0819-3483-9239",-7.3720097,103.9416051,Rumah Potong Hewan
